term,categories,variant_names,talmud_corpus_count,wikipedia_en,wikipedia_he,selected_anchor_text,hebrew_term,chavrutai_search_url,wiki_match_source,wikidata_id,father,student_of,affiliation,student,date_of_birth,place_of_birth,date_of_death,place_of_death
4th-year,concepts,,0,,,,,https://chavrutai.com/search?q=4th-year&type=talmud,,,,,,,,,,
A certain apostate,names,,2,,,,,https://chavrutai.com/search?q=A+certain+apostate&type=talmud,,,,,,,,,,
a certain Arab,names,,18,,,,,https://chavrutai.com/search?q=a+certain+Arab&type=talmud,,,,,,,,,,
a certain army,names,,2,,,,,https://chavrutai.com/search?q=a+certain+army&type=talmud,,,,,,,,,,
a certain blind man,names,,-,,,,,https://chavrutai.com/search?q=a+certain+blind+man&type=talmud,,,,,,,,,,
a certain butcher,names,,4,,,,,https://chavrutai.com/search?q=a+certain+butcher&type=talmud,,,,,,,,,,
a certain child,names,,5,,,,,https://chavrutai.com/search?q=a+certain+child&type=talmud,,,,,,,,,,
a certain demon,names,,1,,,,,https://chavrutai.com/search?q=a+certain+demon&type=talmud,,,,,,,,,,
a certain disciple,names,,4,,,,,https://chavrutai.com/search?q=a+certain+disciple&type=talmud,,,,,,,,,,
a certain disciple from among the disciples of Beit Hillel,names,,1,,,,,https://chavrutai.com/search?q=a+certain+disciple+from+among+the+disciples+of+Beit+Hillel&type=talmud,,,,,,,,,,
A certain disciple from among the disciples of Beit Shammai,names,,1,,,,,https://chavrutai.com/search?q=A+certain+disciple+from+among+the+disciples+of+Beit+Shammai&type=talmud,,,,,,,,,,
a certain doctor,names,,1,,,,,https://chavrutai.com/search?q=a+certain+doctor&type=talmud,,,,,,,,,,
A certain elder,names,,29,,,,,https://chavrutai.com/search?q=A+certain+elder&type=talmud,,,,,,,,,,
A certain Elder of the disciples of Shammai the Elder,names,,2,,,,,https://chavrutai.com/search?q=A+certain+Elder+of+the+disciples+of+Shammai+the+Elder&type=talmud,,,,,,,,,,
a certain elderly man,names,,4,,,,,https://chavrutai.com/search?q=a+certain+elderly+man&type=talmud,,,,,,,,,,
a certain elderly slave,names,,1,,,,,https://chavrutai.com/search?q=a+certain+elderly+slave&type=talmud,,,,,,,,,,
A certain elderly woman,names,,1,,,,,https://chavrutai.com/search?q=A+certain+elderly+woman&type=talmud,,,,,,,,,,
a certain emperor,names,,1,,,,,https://chavrutai.com/search?q=a+certain+emperor&type=talmud,,,,,,,,,,
a certain eulogizer,names,,3,,,,,https://chavrutai.com/search?q=a+certain+eulogizer&type=talmud,,,,,,,,,,
A certain eunuch,names,,1,,,,,https://chavrutai.com/search?q=A+certain+eunuch&type=talmud,,,,,,,,,,
a certain family in Jerusalem,names,,2,,,,,https://chavrutai.com/search?q=a+certain+family+in+Jerusalem&type=talmud,,,,,,,,,,
a certain female convert,names,,1,,,,,https://chavrutai.com/search?q=a+certain+female+convert&type=talmud,,,,,,,,,,
a certain female owner of a wine shop,names,,1,,,,,https://chavrutai.com/search?q=a+certain+female+owner+of+a+wine+shop&type=talmud,,,,,,,,,,
A certain Galilean,names,,3,,,,,https://chavrutai.com/search?q=A+certain+Galilean&type=talmud,,,,,,,,,,
a certain gentile,names,,17,,,,,https://chavrutai.com/search?q=a+certain+gentile&type=talmud,,,,,,,,,,
a certain gentile woman,names,,4,,,,,https://chavrutai.com/search?q=a+certain+gentile+woman&type=talmud,,,,,,,,,,
a certain girl,names,,4,,,,,https://chavrutai.com/search?q=a+certain+girl&type=talmud,,,,,,,,,,
a certain guarantor,names,,3,,,,,https://chavrutai.com/search?q=a+certain+guarantor&type=talmud,,,,,,,,,,
a certain herdsman,names,,1,,,,,https://chavrutai.com/search?q=a+certain+herdsman&type=talmud,,,,,,,,,,
a certain heretic,names,,21,,,,,https://chavrutai.com/search?q=a+certain+heretic&type=talmud,,,,,,,,,,
A certain heretic named Sason,names,,1,,,,,https://chavrutai.com/search?q=A+certain+heretic+named+Sason&type=talmud,,,,,,,,,,
a certain High Priest,names,,1,,,,,https://chavrutai.com/search?q=a+certain+High+Priest&type=talmud,,,,,,,,,,
a certain imbecile,names,,1,,,,,https://chavrutai.com/search?q=a+certain+imbecile&type=talmud,,,,,,,,,,
a certain individual,names,,1,,,,,https://chavrutai.com/search?q=a+certain+individual&type=talmud,,,,,,,,,,
a certain Jew,names,,5,,,,,https://chavrutai.com/search?q=a+certain+Jew&type=talmud,,,,,,,,,,
a certain judge,names,,2,,,,,https://chavrutai.com/search?q=a+certain+judge&type=talmud,,,,,,,,,,
a certain launderer,names,,4,,,,,https://chavrutai.com/search?q=a+certain+launderer&type=talmud,,,,,,,,,,
a certain Madonite,names,,1,,,,,https://chavrutai.com/search?q=a+certain+Madonite&type=talmud,,,,,,,,,,
A certain magus,names,,2,,,,,https://chavrutai.com/search?q=A+certain+magus&type=talmud,,,,,,,,,,
a certain maiden,names,,1,,,,,https://chavrutai.com/search?q=a+certain+maiden&type=talmud,,,,,,,,,,
a certain maidservant,names,,3,,,,,https://chavrutai.com/search?q=a+certain+maidservant&type=talmud,,,,,,,,,,
a certain man,names,,191,,,,,https://chavrutai.com/search?q=a+certain+man&type=talmud,,,,,,,,,,
A certain matron,names,,6,,,,,https://chavrutai.com/search?q=A+certain+matron&type=talmud,,,,,,,,,,
A certain noblewoman,names,,3,,,,,https://chavrutai.com/search?q=A+certain+noblewoman&type=talmud,,,,,,,,,,
a certain of Meron,names,,1,,,,,https://chavrutai.com/search?q=a+certain+of+Meron&type=talmud,,,,,,,,,,
a certain official,names,,1,,,,,https://chavrutai.com/search?q=a+certain+official&type=talmud,,,,,,,,,,
a certain old man,names,,5,,,,,https://chavrutai.com/search?q=a+certain+old+man&type=talmud,,,,,,,,,,
a certain old woman,names,,4,,,,,https://chavrutai.com/search?q=a+certain+old+woman&type=talmud,,,,,,,,,,
a certain one of the Sages,names,,3,,,,,https://chavrutai.com/search?q=a+certain+one+of+the+Sages&type=talmud,,,,,,,,,,
a certain orphan,names,,2,,,,,https://chavrutai.com/search?q=a+certain+orphan&type=talmud,,,,,,,,,,
a certain Persian priest,names,,1,,,,,https://chavrutai.com/search?q=a+certain+Persian+priest&type=talmud,,,,,,,,,,
a certain person,names,,21,,,,,https://chavrutai.com/search?q=a+certain+person&type=talmud,,,,,,,,,,
A certain philosopher,names,,1,,,,,https://chavrutai.com/search?q=A+certain+philosopher&type=talmud,,,,,,,,,,
a certain pious,names,,2,,,,,https://chavrutai.com/search?q=a+certain+pious&type=talmud,,,,,,,,,,
a certain pious man,names,,2,,,,,https://chavrutai.com/search?q=a+certain+pious+man&type=talmud,,,,,,,,,,
a certain place,talmudToponyms,,16,,,,,https://chavrutai.com/search?q=a+certain+place&type=talmud,,,,,,,,,,
a certain poor person,names,,1,,,,,https://chavrutai.com/search?q=a+certain+poor+person&type=talmud,,,,,,,,,,
A certain pregnant woman,names,,1,,,,,https://chavrutai.com/search?q=A+certain+pregnant+woman&type=talmud,,,,,,,,,,
a certain priest,names,,2,,,,,https://chavrutai.com/search?q=a+certain+priest&type=talmud,,,,,,,,,,
a certain priest’s daughter,names,,1,,,,,https://chavrutai.com/search?q=a+certain+priest%E2%80%99s+daughter&type=talmud,,,,,,,,,,
a certain prostitute,names,,-,,,,,https://chavrutai.com/search?q=a+certain+prostitute&type=talmud,,,,,,,,,,
A certain Roman,names,,2,,,,,https://chavrutai.com/search?q=A+certain+Roman&type=talmud,,,,,,,,,,
A certain Roman officer,names,,1,,,,,https://chavrutai.com/search?q=A+certain+Roman+officer&type=talmud,,,,,,,,,,
a certain Sadducee,names,,6,,,,,https://chavrutai.com/search?q=a+certain+Sadducee&type=talmud,,,,,,,,,,
A certain Sage,names,,2,,,,,https://chavrutai.com/search?q=A+certain+Sage&type=talmud,,,,,,,,,,
a certain student,names,,13,,,,,https://chavrutai.com/search?q=a+certain+student&type=talmud,,,,,,,,,,
a certain tanner,names,,1,,,,,https://chavrutai.com/search?q=a+certain+tanner&type=talmud,,,,,,,,,,
a certain teacher of children,names,,3,,,,,https://chavrutai.com/search?q=a+certain+teacher+of+children&type=talmud,,,,,,,,,,
a certain widow,names,,2,,,,,https://chavrutai.com/search?q=a+certain+widow&type=talmud,,,,,,,,,,
a certain woman,names,,57,,,,,https://chavrutai.com/search?q=a+certain+woman&type=talmud,,,,,,,,,,
a certain young woman,names,,1,,,,,https://chavrutai.com/search?q=a+certain+young+woman&type=talmud,,,,,,,,,,
"a deaf-mute, an imbecile, and a minor",concepts,,32,,,,,https://chavrutai.com/search?q=a+deaf-mute%2C+an+imbecile%2C+and+a+minor&type=talmud,,,,,,,,,,
A Galilean,names,,1,,,,,https://chavrutai.com/search?q=A+Galilean&type=talmud,,,,,,,,,,
a king and queen,names,,3,,,,,https://chavrutai.com/search?q=a+king+and+queen&type=talmud,,,,,,,,,,
a leading authority of generation,names,,1,,,,,https://chavrutai.com/search?q=a+leading+authority+of+generation&type=talmud,,,,,,,,,,
a maidservant of Rabbi,names,,1,,,,,https://chavrutai.com/search?q=a+maidservant+of+Rabbi&type=talmud,,,,,,,,,,
a maidservant of the household of Rabbi,names,,1,,,,,https://chavrutai.com/search?q=a+maidservant+of+the+household+of+Rabbi&type=talmud,,,,,,,,,,
a menstruating woman,concepts,,261,https://en.wikipedia.org/wiki/Niddah,https://he.wikipedia.org/wiki/%D7%A0%D7%99%D7%93%D7%94,Niddah,נידה,https://chavrutai.com/search?q=a+menstruating+woman&type=talmud,manual_concepts_top_missing_he,Q1466089,,,,,,,,
a passerby from the Galilee,names,,1,,,,,https://chavrutai.com/search?q=a+passerby+from+the+Galilee&type=talmud,,,,,,,,,,
a pious man,names,,3,,,,,https://chavrutai.com/search?q=a+pious+man&type=talmud,,,,,,,,,,
a poor person of noble descent,names,,3,,,,,https://chavrutai.com/search?q=a+poor+person+of+noble+descent&type=talmud,,,,,,,,,,
a resident of Meḥoza,names,,1,,,,,https://chavrutai.com/search?q=a+resident+of+Me%E1%B8%A5oza&type=talmud,,,,,,,,,,
A resident of Naresh,names,,1,,,,,https://chavrutai.com/search?q=A+resident+of+Naresh&type=talmud,,,,,,,,,,
a resident of Pappunya,names,,1,,,,,https://chavrutai.com/search?q=a+resident+of+Pappunya&type=talmud,,,,,,,,,,
a Samaritan woman,names,,5,,,,,https://chavrutai.com/search?q=a+Samaritan+woman&type=talmud,,,,,,,,,,
a son of a Levite,names,,1,,,,,https://chavrutai.com/search?q=a+son+of+a+Levite&type=talmud,,,,,,,,,,
a young girl,names,,24,,,,,https://chavrutai.com/search?q=a+young+girl&type=talmud,,,,,,,,,,
a youth,names,,6,,,,,https://chavrutai.com/search?q=a+youth&type=talmud,,,,,,,,,,
Aaron,biblicalNames,Aaron and his sons; Aaron the priest,178,https://en.wikipedia.org/wiki/Aaron,https://he.wikipedia.org/wiki/%D7%90%D7%94%D7%A8%D7%9F,Aaron,אהרן,https://chavrutai.com/search?q=Aaron&type=talmud,biblical_names_api_review:verified_exact_or_redirect,Q51676,Amram,,,,-1396; -1529,Ancient Egypt,-1274; -1406,Mount Haroun
Abaye,names,,2519,https://en.wikipedia.org/wiki/Abaye,https://he.wikipedia.org/wiki/%D7%90%D7%91%D7%99%D7%99,Abaye,אביי,https://chavrutai.com/search?q=Abaye&type=talmud,blog,Q304924,,,Pumbedita Academy,,201; 278,,339,
Abaye bar Abba,names,,1,,,,,https://chavrutai.com/search?q=Abaye+bar+Abba&type=talmud,,,,,,,,,,
Abaye bar Avin,names,,9,,,,,https://chavrutai.com/search?q=Abaye+bar+Avin&type=talmud,,,,,,,,,,
Abaye bar Huna,names,,1,,,,,https://chavrutai.com/search?q=Abaye+bar+Huna&type=talmud,,,,,,,,,,
Abaye bar Ravin,names,,1,,,,,https://chavrutai.com/search?q=Abaye+bar+Ravin&type=talmud,,,,,,,,,,
Abaye the Elder,names,,11,,,,,https://chavrutai.com/search?q=Abaye+the+Elder&type=talmud,,,,,,,,,,
"Abaye, son of Rabbi Abbahu",names,,1,,,,,https://chavrutai.com/search?q=Abaye%2C+son+of+Rabbi+Abbahu&type=talmud,,,,,,,,,,
Abaye’s mother,names,,2,,,,,https://chavrutai.com/search?q=Abaye%E2%80%99s+mother&type=talmud,,,,,,,,,,
Abaye’s tenant farmer,names,,1,,,,,https://chavrutai.com/search?q=Abaye%E2%80%99s+tenant+farmer&type=talmud,,,,,,,,,,
"Abaye’s wife, Ḥoma",names,,1,,,,,https://chavrutai.com/search?q=Abaye%E2%80%99s+wife%2C+%E1%B8%A4oma&type=talmud,,,,,,,,,,
Rav,names,Abba Arikha,3518,https://en.wikipedia.org/wiki/Abba_Arikha,https://he.wikipedia.org/wiki/%D7%A8%D7%91_(%D7%90%D7%9E%D7%95%D7%A8%D7%90),Abba Arikha,רב (אמורא),https://chavrutai.com/search?q=Rav&type=talmud,blog+en_langlink_he,Q305760,Aivu,Judah ha-Nasi; Hiyya the Great,Sura Academy,Rav Huna; Judah ben Ezekiel,160,Kafri,247,Sura
Abba bar Marta,names,Abba b. Martha,7,https://en.wikipedia.org/wiki/Abba_b._Martha,https://he.wikipedia.org/wiki/%D7%90%D7%91%D7%90_%D7%91%D7%A8_%D7%9E%D7%A8%D7%AA%D7%90,Abba b. Martha,אבא בר מרתא,https://chavrutai.com/search?q=Abba+bar+Marta&type=talmud,blog,Q4663670,,,,,,,,
Shmuel’s father,names,Abba bar Abba,48,https://en.wikipedia.org/wiki/Abba_bar_Abba,https://he.wikipedia.org/wiki/%D7%90%D7%91%D7%95%D7%94_%D7%93%D7%A9%D7%9E%D7%95%D7%90%D7%9C,Abba bar Abba,אבוה דשמואל,https://chavrutai.com/search?q=Shmuel%E2%80%99s+father&type=talmud,blog,Q305784,,,,,200,,300,
"Abba bar Abba, the father of Shmuel",names,,1,,,,,https://chavrutai.com/search?q=Abba+bar+Abba%2C+the+father+of+Shmuel&type=talmud,,,,,,,,,,
Abba bar Aḥa Karsala from Kafrei,names,,1,,,,,https://chavrutai.com/search?q=Abba+bar+A%E1%B8%A5a+Karsala+from+Kafrei&type=talmud,,,,,,,,,,
Abba bar Ḥama,names,,1,,,,,https://chavrutai.com/search?q=Abba+bar+%E1%B8%A4ama&type=talmud,,,,,,,,,,
Abba bar Ḥanan,names,,1,,,,,https://chavrutai.com/search?q=Abba+bar+%E1%B8%A4anan&type=talmud,,,,,,,,,,
Abba bar Manyomi,names,,1,,,,,https://chavrutai.com/search?q=Abba+bar+Manyomi&type=talmud,,,,,,,,,,
Abba bar Manyumi,names,,1,,,,,https://chavrutai.com/search?q=Abba+bar+Manyumi&type=talmud,,,,,,,,,,
Abba bar Minyomi,names,,1,,,,,https://chavrutai.com/search?q=Abba+bar+Minyomi&type=talmud,,,,,,,,,,
Abba bar Minyumi,names,,7,,,,,https://chavrutai.com/search?q=Abba+bar+Minyumi&type=talmud,,,,,,,,,,
Abba bar Rav Ḥisda,names,,1,,,,,https://chavrutai.com/search?q=Abba+bar+Rav+%E1%B8%A4isda&type=talmud,,,,,,,,,,
Abba Binyamin,names,,2,,,,,https://chavrutai.com/search?q=Abba+Binyamin&type=talmud,,,,,,,,,,
"Abba Bira’a, son of Rabbi Eliezer ben Ya’akov",names,,1,,,,,https://chavrutai.com/search?q=Abba+Bira%E2%80%99a%2C+son+of+Rabbi+Eliezer+ben+Ya%E2%80%99akov&type=talmud,,,,,,,,,,
Abba Elazar,names,,-,,,,,https://chavrutai.com/search?q=Abba+Elazar&type=talmud,,,,,,,,,,
Abba Elazar ben Gamla,names,,-,,,,,https://chavrutai.com/search?q=Abba+Elazar+ben+Gamla&type=talmud,,,,,,,,,,
Abba Elazar ben Gimmel,names,,2,,,,,https://chavrutai.com/search?q=Abba+Elazar+ben+Gimmel&type=talmud,,,,,,,,,,
Abba Elazar ben Gomel,names,,4,,,,,https://chavrutai.com/search?q=Abba+Elazar+ben+Gomel&type=talmud,,,,,,,,,,
Abba Gurya,names,,1,,,,,https://chavrutai.com/search?q=Abba+Gurya&type=talmud,,,,,,,,,,
Abba Guryan of Tzadyan,names,,1,,,,,https://chavrutai.com/search?q=Abba+Guryan+of+Tzadyan&type=talmud,,,,,,,,,,
Abba Ḥalafta,names,,6,,,,,https://chavrutai.com/search?q=Abba+%E1%B8%A4alafta&type=talmud,,,,,,,,,,
"Abba Ḥalafta, from the village of Ḥananya",names,,-,,,,,https://chavrutai.com/search?q=Abba+%E1%B8%A4alafta%2C+from+the+village+of+%E1%B8%A4ananya&type=talmud,,,,,,,,,,
Abba Ḥalifa,names,,-,,,,,https://chavrutai.com/search?q=Abba+%E1%B8%A4alifa&type=talmud,,,,,,,,,,
Abba Ḥalifa Karoya,names,,1,,,,,https://chavrutai.com/search?q=Abba+%E1%B8%A4alifa+Karoya&type=talmud,,,,,,,,,,
Abba Ḥanan,names,,9,,,,,https://chavrutai.com/search?q=Abba+%E1%B8%A4anan&type=talmud,,,,,,,,,,
Abba Ḥanin,names,,2,,,,,https://chavrutai.com/search?q=Abba+%E1%B8%A4anin&type=talmud,,,,,,,,,,
Abba Ḥilkiyyahu,names,Abba Hilkiah,1,https://en.wikipedia.org/wiki/Abba_Hilkiah,https://he.wikipedia.org/wiki/%D7%90%D7%91%D7%90_%D7%97%D7%9C%D7%A7%D7%99%D7%94,Abba Hilkiah,אבא חלקיה,https://chavrutai.com/search?q=Abba+%E1%B8%A4ilkiyyahu&type=talmud,blog,Q2695686,,,,,,Palestine,,
Abba Ḥilkiyya,names,,2,,,,,https://chavrutai.com/search?q=Abba+%E1%B8%A4ilkiyya&type=talmud,,,,,,,,,,
Abba Kohen Bardela,names,,-,https://en.wikipedia.org/wiki/Abba_Kohen_Bardela,https://he.wikipedia.org/wiki/%D7%90%D7%91%D7%90_%D7%9B%D7%94%D7%9F_%D7%91%D7%A8%D7%93%D7%9C%D7%90,Abba Kohen Bardela,אבא כהן ברדלא,https://chavrutai.com/search?q=Abba+Kohen+Bardela&type=talmud,wikidata_seed_qid,Q4663647,,,,,200,,,
Abba Mar,names,,4,,,,,https://chavrutai.com/search?q=Abba+Mar&type=talmud,,,,,,,,,,
Abba Mar bar Rav Ashi,names,,1,,,,,https://chavrutai.com/search?q=Abba+Mar+bar+Rav+Ashi&type=talmud,,,,,,,,,,
"Abba Mar, son of Rav Pappa",names,,1,,,,,https://chavrutai.com/search?q=Abba+Mar%2C+son+of+Rav+Pappa&type=talmud,,,,,,,,,,
"Abba Mari, the Exilarch",names,,-,,,,,https://chavrutai.com/search?q=Abba+Mari%2C+the+Exilarch&type=talmud,,,,,,,,,,
Abba Sala the Great,names,,-,,,,,https://chavrutai.com/search?q=Abba+Sala+the+Great&type=talmud,,,,,,,,,,
Abba Shaul,names,Abba Saul,141,https://en.wikipedia.org/wiki/Abba_Saul,https://he.wikipedia.org/wiki/%D7%90%D7%91%D7%90_%D7%A9%D7%90%D7%95%D7%9C,Abba Saul,אבא שאול,https://chavrutai.com/search?q=Abba+Shaul&type=talmud,blog,Q2763097,,,,,101,Jerusalem,,
Abba Shaul bar Nash,names,,1,,,,,https://chavrutai.com/search?q=Abba+Shaul+bar+Nash&type=talmud,,,,,,,,,,
Abba Shaul bar Remash,names,,1,,,,,https://chavrutai.com/search?q=Abba+Shaul+bar+Remash&type=talmud,,,,,,,,,,
Abba Shaul ben Batnit,names,,-,,,,,https://chavrutai.com/search?q=Abba+Shaul+ben+Batnit&type=talmud,,,,,,,,,,
Abba Shaul ben Botnit,names,,3,,,,,https://chavrutai.com/search?q=Abba+Shaul+ben+Botnit&type=talmud,,,,,,,,,,
Abba Shaul ben Imma Miriam,names,,3,,,,,https://chavrutai.com/search?q=Abba+Shaul+ben+Imma+Miriam&type=talmud,,,,,,,,,,
Abba Sikkara,names,,-,,,,,https://chavrutai.com/search?q=Abba+Sikkara&type=talmud,,,,,,,,,,
Abba Sura,names,,-,,,,,https://chavrutai.com/search?q=Abba+Sura&type=talmud,,,,,,,,,,
Abba Sura’s daughter,names,,1,,,,,https://chavrutai.com/search?q=Abba+Sura%E2%80%99s+daughter&type=talmud,,,,,,,,,,
Abba the Bloodletter,names,,3,,,,,https://chavrutai.com/search?q=Abba+the+Bloodletter&type=talmud,,,,,,,,,,
Abba the tall,names,,3,,,,,https://chavrutai.com/search?q=Abba+the+tall&type=talmud,,,,,,,,,,
Abba Yosef ben Dostai,names,,1,,,,,https://chavrutai.com/search?q=Abba+Yosef+ben+Dostai&type=talmud,,,,,,,,,,
Abba Yosef ben Ḥanin,names,,-,,,,,https://chavrutai.com/search?q=Abba+Yosef+ben+%E1%B8%A4anin&type=talmud,,,,,,,,,,
Abba Yosei,names,,1,,,,,https://chavrutai.com/search?q=Abba+Yosei&type=talmud,,,,,,,,,,
Abba Yosei bar Abba,names,,1,,,,,https://chavrutai.com/search?q=Abba+Yosei+bar+Abba&type=talmud,,,,,,,,,,
Abba Yosei ben Dosai,names,,2,,,,,https://chavrutai.com/search?q=Abba+Yosei+ben+Dosai&type=talmud,,,,,,,,,,
Abba Yosei ben Dostai,names,,4,,,,,https://chavrutai.com/search?q=Abba+Yosei+ben+Dostai&type=talmud,,,,,,,,,,
Abba Yosei ben Ḥanan,names,,3,,,,,https://chavrutai.com/search?q=Abba+Yosei+ben+%E1%B8%A4anan&type=talmud,,,,,,,,,,
Abba Yosei ben Katonta,names,,2,,,,,https://chavrutai.com/search?q=Abba+Yosei+ben+Katonta&type=talmud,,,,,,,,,,
Abba Yosei ben Simai,names,,-,,,,,https://chavrutai.com/search?q=Abba+Yosei+ben+Simai&type=talmud,,,,,,,,,,
Abba Yosei ben Yoḥanan,names,,-,,,,,https://chavrutai.com/search?q=Abba+Yosei+ben+Yo%E1%B8%A5anan&type=talmud,,,,,,,,,,
Abba Yudan of Sidon,names,,1,,,,,https://chavrutai.com/search?q=Abba+Yudan+of+Sidon&type=talmud,,,,,,,,,,
"Abba, father of Rabbi Yirmeya bar Abba",names,,-,,,,,https://chavrutai.com/search?q=Abba%2C+father+of+Rabbi+Yirmeya+bar+Abba&type=talmud,,,,,,,,,,
"Abba, son of Rabbi Binyamin bar Ḥiyya",names,,1,,,,,https://chavrutai.com/search?q=Abba%2C+son+of+Rabbi+Binyamin+bar+%E1%B8%A4iyya&type=talmud,,,,,,,,,,
"Abba, son of Rabbi Ḥiyya bar Abba",names,,-,,,,,https://chavrutai.com/search?q=Abba%2C+son+of+Rabbi+%E1%B8%A4iyya+bar+Abba&type=talmud,,,,,,,,,,
"Abba, son of Rav Binyamin bar Ḥiyya",names,,1,,,,,https://chavrutai.com/search?q=Abba%2C+son+of+Rav+Binyamin+bar+%E1%B8%A4iyya&type=talmud,,,,,,,,,,
"Abba, son of Rav Minyamin bar Ḥiyya",names,,3,,,,,https://chavrutai.com/search?q=Abba%2C+son+of+Rav+Minyamin+bar+%E1%B8%A4iyya&type=talmud,,,,,,,,,,
"Abba, son of Rav Minyumi, son of Ḥiyya",names,,1,,,,,https://chavrutai.com/search?q=Abba%2C+son+of+Rav+Minyumi%2C+son+of+%E1%B8%A4iyya&type=talmud,,,,,,,,,,
"Abba, the father of Rabbi Simlai",names,,2,,,,,https://chavrutai.com/search?q=Abba%2C+the+father+of+Rabbi+Simlai&type=talmud,,,,,,,,,,
Abbudina,names,,1,,,,,https://chavrutai.com/search?q=Abbudina&type=talmud,,,,,,,,,,
Abdon,names,,5,,,,,https://chavrutai.com/search?q=Abdon&type=talmud,,,,,,,,,,
Abei Givar,talmudToponyms,,1,,,,,https://chavrutai.com/search?q=Abei+Givar&type=talmud,,,,,,,,,,
Abel,biblicalNames,,3,https://en.wikipedia.org/wiki/Abel,https://he.wikipedia.org/wiki/%D7%94%D7%91%D7%9C,Abel,הבל,https://chavrutai.com/search?q=Abel&type=talmud,biblical_names_api_review:verified_exact_or_redirect,Q313421,Adam,,,,-3897,,-3825,
Abiathar,biblicalNames,,3,https://en.wikipedia.org/wiki/Abiathar,https://he.wikipedia.org/wiki/%D7%90%D7%91%D7%99%D7%AA%D7%A8,Abiathar,אביתר,https://chavrutai.com/search?q=Abiathar&type=talmud,biblical_names_api_review:verified_exact_or_redirect,Q321804,Ahimelech,,,,-1000,,-900,
Abigail,biblicalNames,,6,https://en.wikipedia.org/wiki/Abigail,https://he.wikipedia.org/wiki/%D7%90%D7%91%D7%99%D7%92%D7%99%D7%9C,Abigail,אביגיל,https://chavrutai.com/search?q=Abigail&type=talmud,biblical_names_api_review:verified_exact_or_redirect,Q4416778,,,,,-1100,,-1000,
"Abijah, son of Jeroboam",biblicalNames,,1,https://en.wikipedia.org/wiki/Abijah,https://he.wikipedia.org/wiki/%D7%90%D7%91%D7%99%D7%94,Abijah,אביה,https://chavrutai.com/search?q=Abijah%2C+son+of+Jeroboam&type=talmud,biblical_names_api_review:no_exact_page; enwiki_api_exact,Q321187,,,,,,,,
Shittim,talmudToponyms,Abila (Peraea),3,https://en.wikipedia.org/wiki/Abila_(Peraea),https://he.wikipedia.org/wiki/%D7%90%D7%91%D7%9C_%D7%94%D7%A9%D7%99%D7%98%D7%99%D7%9D,Abila (Peraea),אבל השיטים,https://chavrutai.com/search?q=Shittim&type=talmud,blog,Q2236536,,,,,,,,
Abimelech,biblicalNames,,5,https://en.wikipedia.org/wiki/Abimelech,https://he.wikipedia.org/wiki/%D7%90%D7%91%D7%99%D7%9E%D7%9C%D7%9A_%D7%9E%D7%9C%D7%9A_%D7%92%D7%A8%D7%A8,Abimelech,אבימלך מלך גרר,https://chavrutai.com/search?q=Abimelech&type=talmud,biblical_names_api_review:verified_exact_or_redirect,Q1343803,,,,,,,,
Abiram,biblicalNames,,5,https://en.wikipedia.org/wiki/Abiram,,Abiram,,https://chavrutai.com/search?q=Abiram&type=talmud,biblical_names_api_review:verified_exact_or_redirect,Q106827501,,,,,,,,
Abishag,biblicalNames,,2,https://en.wikipedia.org/wiki/Abishag,https://he.wikipedia.org/wiki/%D7%90%D7%91%D7%99%D7%A9%D7%92_%D7%94%D7%A9%D7%95%D7%A0%D7%9E%D7%99%D7%AA,Abishag,אבישג השונמית,https://chavrutai.com/search?q=Abishag&type=talmud,biblical_names_api_review:verified_exact_or_redirect,Q321469,,,,,,Shunem,,
Abishai,biblicalNames,,3,,,,,https://chavrutai.com/search?q=Abishai&type=talmud,biblical_names_api_review:disambiguation_only,,,,,,,,,
Abishai ben Zeruiah,biblicalNames,,1,,,Abishai ben Zeruiah,,https://chavrutai.com/search?q=Abishai+ben+Zeruiah&type=talmud,biblical_names_api_review:no_exact_page,,,,,,,,,
"Abishai, son of Zeruiah",biblicalNames,,2,,,,,https://chavrutai.com/search?q=Abishai%2C+son+of+Zeruiah&type=talmud,biblical_names_api_review:no_exact_page,,,,,,,,,
Ablat,names,,1,,,,,https://chavrutai.com/search?q=Ablat&type=talmud,,,,,,,,,,
Ablet,names,,1,,,,,https://chavrutai.com/search?q=Ablet&type=talmud,,,,,,,,,,
Abner,biblicalNames,Abner ben Ner,6,https://en.wikipedia.org/wiki/Abner,https://he.wikipedia.org/wiki/%D7%90%D7%91%D7%A0%D7%A8_%D7%91%D7%9F_%D7%A0%D7%A8,Abner,אבנר בן נר,https://chavrutai.com/search?q=Abner&type=talmud,biblical_names_api_review:verified_exact_or_redirect,Q1133337,Ner,,,,,,,
Abraham,biblicalNames,,190,https://en.wikipedia.org/wiki/Abraham,https://he.wikipedia.org/wiki/%D7%90%D7%91%D7%A8%D7%94%D7%9D,Abraham,אברהם,https://chavrutai.com/search?q=Abraham&type=talmud,biblical_names_api_review:verified_exact_or_redirect,Q9181,Terah,,,,-1813,Ur Kaśdim,-1638,Hebron
"Abraham, Isaac, and Jacob",biblicalNames,,25,https://en.wikipedia.org/wiki/Abraham,https://he.wikipedia.org/wiki/%D7%90%D7%91%D7%A8%D7%94%D7%9D,Abraham,אברהם,https://chavrutai.com/search?q=Abraham%2C+Isaac%2C+and+Jacob&type=talmud,biblical_names_api_review:no_exact_page; enwiki_api_exact,Q9181,Terah,,,,-1813,Ur Kaśdim,-1638,Hebron
Absalom,biblicalNames,Avshalom,19,https://en.wikipedia.org/wiki/Absalom,https://he.wikipedia.org/wiki/%D7%90%D7%91%D7%A9%D7%9C%D7%95%D7%9D,Absalom,אבשלום,https://chavrutai.com/search?q=Absalom&type=talmud,biblical_names_api_review:verified_exact_or_redirect,Q205372,David,,,,-1009,Hebron,-978,Wood of Ephraim
Avtalyon,names,Abtalion,17,https://en.wikipedia.org/wiki/Abtalion,https://he.wikipedia.org/wiki/%D7%90%D7%91%D7%98%D7%9C%D7%99%D7%95%D7%9F_(%D7%96%D7%95%D7%92%D7%95%D7%AA),Abtalion,אבטליון (זוגות),https://chavrutai.com/search?q=Avtalyon&type=talmud,blog,Q2750624,,Judah ben Tabbai; Simeon ben Shetach,,Hillel the Elder; Shammai the elder,,,,
Achan,biblicalNames,,10,https://en.wikipedia.org/wiki/Achan_(biblical_figure),https://he.wikipedia.org/wiki/%D7%A2%D7%9B%D7%9F_%D7%91%D7%9F_%D7%9B%D7%A8%D7%9E%D7%99,Achan (biblical figure),עכן בן כרמי,https://chavrutai.com/search?q=Achan&type=talmud,biblical_names_api_review:disambiguation_only; manual_biblical_top30,Q1889647,Carmi,,,,,,,
Achsah,biblicalNames,,1,https://en.wikipedia.org/wiki/Achsah,https://he.wikipedia.org/wiki/%D7%A2%D7%9B%D7%A1%D7%94,Achsah,עכסה,https://chavrutai.com/search?q=Achsah&type=talmud,biblical_names_api_review:verified_exact_or_redirect,Q2829011,Caleb,,,,,,,
Akko,talmudToponyms,"Acre, Israel",47,"https://en.wikipedia.org/wiki/Acre,_Israel#Roman_colony",https://he.wikipedia.org/wiki/%D7%A2%D7%9B%D7%95,"Acre, Israel",עכו,https://chavrutai.com/search?q=Akko&type=talmud,blog,Q126084,,,,,,,,
Adam,biblicalNames,"Adam and Eve; Adam the first; Adam the first man; Adam, the first",156,https://en.wikipedia.org/wiki/Adam,https://he.wikipedia.org/wiki/%D7%90%D7%93%D7%9D_(%D7%93%D7%9E%D7%95%D7%AA_%D7%9E%D7%A7%D7%A8%D7%90%D7%99%D7%AA),Adam,אדם (דמות מקראית),https://chavrutai.com/search?q=Adam&type=talmud,biblical_names_api_review:verified_exact_or_redirect,Q70899,,,,,-4004,Garden of Eden,-3074,
Adda bar Abba,names,,1,,,,,https://chavrutai.com/search?q=Adda+bar+Abba&type=talmud,,,,,,,,,,
Adda bar Ahava,names,Adda bar Ahavah,1,https://en.wikipedia.org/wiki/Adda_bar_Ahavah,https://he.wikipedia.org/wiki/%D7%A8%D7%91_%D7%90%D7%93%D7%90_%D7%91%D7%A8_%D7%90%D7%94%D7%91%D7%94,Adda bar Ahavah,רב אדא בר אהבה,https://chavrutai.com/search?q=Adda+bar+Ahava&type=talmud,blog,Q1410699,,,,,300,,400,
Adda bar Avimi,names,,1,,,,,https://chavrutai.com/search?q=Adda+bar+Avimi&type=talmud,,,,,,,,,,
Adda bar Ḥavu,names,,1,,,,,https://chavrutai.com/search?q=Adda+bar+%E1%B8%A4avu&type=talmud,,,,,,,,,,
Adda bar Ukhmei,names,,1,,,,,https://chavrutai.com/search?q=Adda+bar+Ukhmei&type=talmud,,,,,,,,,,
Adda Mari,names,,2,,,,,https://chavrutai.com/search?q=Adda+Mari&type=talmud,,,,,,,,,,
Adda the attendant,names,,2,,,,,https://chavrutai.com/search?q=Adda+the+attendant&type=talmud,,,,,,,,,,
Adda the fisherman,names,,4,,,,,https://chavrutai.com/search?q=Adda+the+fisherman&type=talmud,,,,,,,,,,
"Adda, attendant",names,,1,,,,,https://chavrutai.com/search?q=Adda%2C+attendant&type=talmud,,,,,,,,,,
Adi the Arab,names,,1,,,,,https://chavrutai.com/search?q=Adi+the+Arab&type=talmud,,,,,,,,,,
Adiabene,talmudToponyms,,0,https://en.wikipedia.org/wiki/Adiabene,https://he.wikipedia.org/wiki/%D7%97%D7%93%D7%99%D7%99%D7%91,Adiabene,חדייב,https://chavrutai.com/search?q=Adiabene&type=talmud,blog,Q149747,,,,,,,,
Adin,biblicalNames,,3,https://en.wikipedia.org/wiki/Adin,,Adin,,https://chavrutai.com/search?q=Adin&type=talmud,biblical_names_api_review:verified_exact_or_redirect,Q4682862,,,,,,,,
Admon,names,,49,https://en.wikipedia.org/wiki/Admon_(tanna),https://he.wikipedia.org/wiki/%D7%90%D7%93%D7%9E%D7%95%D7%9F,Admon (tanna),אדמון,https://chavrutai.com/search?q=Admon&type=talmud,wikidata_seed_qid,Q2069742,,,,,,Jerusalem,,
Admon ben Gaddai,names,,1,,,,,https://chavrutai.com/search?q=Admon+ben+Gaddai&type=talmud,,,,,,,,,,
Adonijah,biblicalNames,,6,https://en.wikipedia.org/wiki/Adonijah,https://he.wikipedia.org/wiki/%D7%90%D7%93%D7%95%D7%A0%D7%99%D7%94%D7%95,Adonijah,אדוניהו,https://chavrutai.com/search?q=Adonijah&type=talmud,biblical_names_api_review:verified_exact_or_redirect,Q360378,David,,,,-1000,Hebron,-1000,
Adrakan,names,,2,,,,,https://chavrutai.com/search?q=Adrakan&type=talmud,,,,,,,,,,
Adrammelech,biblicalNames,,1,https://en.wikipedia.org/wiki/Adrammelech,https://he.wikipedia.org/wiki/%D7%90%D7%93%D7%A8%D7%9E%D7%9C%D7%9A_(%D7%90%D7%9C%D7%99%D7%9C),Adrammelech,אדרמלך (אליל),https://chavrutai.com/search?q=Adrammelech&type=talmud,biblical_names_api_review:verified_exact_or_redirect,Q366515,,,,,,,,
Adriel,biblicalNames,,3,https://en.wikipedia.org/wiki/Adriel,https://he.wikipedia.org/wiki/%D7%A2%D7%93%D7%A8%D7%99%D7%90%D7%9C_%D7%94%D7%9E%D7%97%D7%95%D7%9C%D7%AA%D7%99,Adriel,עדריאל המחולתי,https://chavrutai.com/search?q=Adriel&type=talmud,biblical_names_api_review:verified_exact_or_redirect,Q2825091,Barzilai the Giladi,,,,,,,
Aforayim,talmudToponyms,,1,,,,,https://chavrutai.com/search?q=Aforayim&type=talmud,,,,,,,,,,
Africa,biblicalNations;talmudToponyms,,2,,,,,https://chavrutai.com/search?q=Africa&type=talmud,,,,,,,,,,
Afrikei,talmudToponyms,,1,,,,,https://chavrutai.com/search?q=Afrikei&type=talmud,,,,,,,,,,
Afrikiya,talmudToponyms,,1,,,,,https://chavrutai.com/search?q=Afrikiya&type=talmud,,,,,,,,,,
Agag,biblicalNames,,3,https://en.wikipedia.org/wiki/Agag,https://he.wikipedia.org/wiki/%D7%90%D7%92%D7%92,Agag,אגג,https://chavrutai.com/search?q=Agag&type=talmud,biblical_names_api_review:verified_exact_or_redirect,Q390086,,,,,,,,Gilgal
Agardamis the Arab merchant,names,,1,,,,,https://chavrutai.com/search?q=Agardamis+the+Arab+merchant&type=talmud,,,,,,,,,,
Agma,talmudToponyms,,3,,,,,https://chavrutai.com/search?q=Agma&type=talmud,,,,,,,,,,
Agra,names,,-,,,,,https://chavrutai.com/search?q=Agra&type=talmud,,,,,,,,,,
"Agra, the father-in-law of Rabbi Abba",names,,4,,,,,https://chavrutai.com/search?q=Agra%2C+the+father-in-law+of+Rabbi+Abba&type=talmud,,,,,,,,,,
"Agrat, daughter of Maḥalat",names,Agrat bat Mahlat,1,https://en.wikipedia.org/wiki/Agrat_bat_Mahlat,https://he.wikipedia.org/wiki/%D7%90%D7%92%D7%A8%D7%AA_%D7%91%D7%AA_%D7%9E%D7%97%D7%9C%D7%AA,Agrat bat Mahlat,אגרת בת מחלת,https://chavrutai.com/search?q=Agrat%2C+daughter+of+Ma%E1%B8%A5alat&type=talmud,blog,Q2913206,,,,,,,,
Agrippas general,names,,-,,,,,https://chavrutai.com/search?q=Agrippas+general&type=talmud,,,,,,,,,,
Agrippas the general,names,,-,,,,,https://chavrutai.com/search?q=Agrippas+the+general&type=talmud,,,,,,,,,,
"Rav Aḥa, son of Rava",names,Aha b. Rava,89,https://en.wikipedia.org/wiki/Aha_b._Rava,https://he.wikipedia.org/wiki/%D7%A8%D7%91_%D7%90%D7%97%D7%90_%D7%91%D7%A8%D7%99%D7%94_%D7%93%D7%A8%D7%91%D7%90,Aha b. Rava,רב אחא בריה דרבא,https://chavrutai.com/search?q=Rav+A%E1%B8%A5a%2C+son+of+Rava&type=talmud,blog,Q4694893,,,Pumbedita Academy,,,,,
Aḥa bar Hidya,names,,1,,,,,https://chavrutai.com/search?q=A%E1%B8%A5a+bar+Hidya&type=talmud,,,,,,,,,,
Rav Aḥa bar Ya’akov,names,Aha bar Jacob; Rav Aḥa bar Yaakov,141,https://en.wikipedia.org/wiki/Aha_bar_Jacob,https://he.wikipedia.org/wiki/%D7%A8%D7%91_%D7%90%D7%97%D7%90_%D7%91%D7%A8_%D7%99%D7%A2%D7%A7%D7%91,Aha bar Jacob,רב אחא בר יעקב,https://chavrutai.com/search?q=Rav+A%E1%B8%A5a+bar+Ya%E2%80%99akov&type=talmud,blog,Q4694892,,,,,,,,
"Aḥa, brother of Abba, father of Rabbi Yirmeya bar Abba",names,,-,,,,,https://chavrutai.com/search?q=A%E1%B8%A5a%2C+brother+of+Abba%2C+father+of+Rabbi+Yirmeya+bar+Abba&type=talmud,,,,,,,,,,
"Aha, the governor of the castle",names,,-,,,,,https://chavrutai.com/search?q=Aha%2C+the+governor+of+the+castle&type=talmud,,,,,,,,,,
Ahab,biblicalNames,"Ahab ben Omri; Ahab, son of Omri",43,https://en.wikipedia.org/wiki/Ahab,https://he.wikipedia.org/wiki/%D7%90%D7%97%D7%90%D7%91,Ahab,אחאב,https://chavrutai.com/search?q=Ahab&type=talmud,biblical_names_api_review:verified_exact_or_redirect,Q235901,Omri,,,,-918,,-852,Ramoth-Gilead
Aḥai bar Yoshiya,names,,1,,,,,https://chavrutai.com/search?q=A%E1%B8%A5ai+bar+Yoshiya&type=talmud,,,,,,,,,,
Aḥai the Distinguished,names,,1,,,,,https://chavrutai.com/search?q=A%E1%B8%A5ai+the+Distinguished&type=talmud,,,,,,,,,,
Ahasuerus,biblicalNames,King Ahasuerus,28,https://en.wikipedia.org/wiki/Ahasuerus,https://he.wikipedia.org/wiki/%D7%90%D7%97%D7%A9%D7%95%D7%95%D7%A8%D7%95%D7%A9,Ahasuerus,אחשוורוש,https://chavrutai.com/search?q=Ahasuerus&type=talmud,biblical_names_api_review:verified_exact_or_redirect,Q1370497,,,,,,Achaemenid Empire,,
"Ahava, son of Rabbi Zeira",names,,1,,,,,https://chavrutai.com/search?q=Ahava%2C+son+of+Rabbi+Zeira&type=talmud,,,,,,,,,,
Ahaz,biblicalNames,,9,https://en.wikipedia.org/wiki/Ahaz,https://he.wikipedia.org/wiki/%D7%90%D7%97%D7%96,Ahaz,אחז,https://chavrutai.com/search?q=Ahaz&type=talmud,biblical_names_api_review:verified_exact_or_redirect,Q30914,Jotham,,,,-763,,-727,
Ahaziah,biblicalNames,,1,https://en.wikipedia.org/wiki/Ahaziah,https://he.wikipedia.org/wiki/%D7%90%D7%97%D7%96%D7%99%D7%94,Ahaziah,אחזיה,https://chavrutai.com/search?q=Ahaziah&type=talmud,biblical_names_api_review:verified_exact_or_redirect,Q400088,,,,,,,,
Aḥer,names,,22,,,,,https://chavrutai.com/search?q=A%E1%B8%A5er&type=talmud,,,,,,,,,,
Aḥi Shakkaya,names,,1,,,,,https://chavrutai.com/search?q=A%E1%B8%A5i+Shakkaya&type=talmud,,,,,,,,,,
Ahijah the Shilonite,biblicalNames,,9,https://en.wikipedia.org/wiki/Ahijah_the_Shilonite,https://he.wikipedia.org/wiki/%D7%90%D7%97%D7%99%D7%94_%D7%94%D7%A9%D7%99%D7%9C%D7%95%D7%A0%D7%99,Ahijah the Shilonite,אחיה השילוני,https://chavrutai.com/search?q=Ahijah+the+Shilonite&type=talmud,biblical_names_api_review:verified_exact_or_redirect,Q2590260,unknown,David,,Elijah,,,,
"Ahijah, son of Shamhazai",biblicalNames,,0,https://en.wikipedia.org/wiki/Ahijah,https://he.wikipedia.org/wiki/%D7%90%D7%97%D7%99%D7%94,Ahijah,אחיה,https://chavrutai.com/search?q=Ahijah%2C+son+of+Shamhazai&type=talmud,biblical_names_api_review:no_exact_page; enwiki_api_exact,Q4072968,,,,,,,,
Ahiman,biblicalNames,,2,https://en.wikipedia.org/wiki/Ahiman,https://he.wikipedia.org/wiki/%D7%A2%D7%A0%D7%A7%23%D7%94%D7%A2%D7%A0%D7%A7%D7%99%D7%9D_%D7%91%D7%9E%D7%A7%D7%A8%D7%90,Ahiman,ענק#הענקים במקרא,https://chavrutai.com/search?q=Ahiman&type=talmud,biblical_names_api_review:verified_exact_or_redirect,Q3707571,,,,,,,,
"Ahimelech, son of Ahitub",biblicalNames,,1,https://en.wikipedia.org/wiki/Ahimelech,https://he.wikipedia.org/wiki/%D7%90%D7%97%D7%99%D7%9E%D7%9C%D7%9A_%D7%91%D7%9F_%D7%90%D7%97%D7%99%D7%98%D7%95%D7%91,Ahimelech,אחימלך בן אחיטוב,https://chavrutai.com/search?q=Ahimelech%2C+son+of+Ahitub&type=talmud,biblical_names_api_review:no_exact_page; enwiki_api_exact,Q400257,Ahitub,,,,,,,
Ahithophel,biblicalNames,Ahitophel,24,https://en.wikipedia.org/wiki/Ahitophel,https://he.wikipedia.org/wiki/%D7%90%D7%97%D7%99%D7%AA%D7%95%D7%A4%D7%9C,Ahitophel,אחיתופל,https://chavrutai.com/search?q=Ahithophel&type=talmud,biblical_names_api_review:verified_exact_or_redirect,Q400294,,,,,-1100,Giloh,-1019; -978,
Ahurmiz,names,,2,,,,,https://chavrutai.com/search?q=Ahurmiz&type=talmud,,,,,,,,,,
Ai,biblicalPlaces,Ai (Canaan),3,https://en.wikipedia.org/wiki/Ai_(Canaan),https://he.wikipedia.org/wiki/%D7%94%D7%A2%D7%99,Ai (Canaan),העי,https://chavrutai.com/search?q=Ai&type=talmud,blog,Q403166,,,,,,,,
Aivu,names,,6,,,,,https://chavrutai.com/search?q=Aivu&type=talmud,,,,,,,,,,
"Aivu and Ḥizkiya, sons of the daughter of Rav",names,,1,,,,,https://chavrutai.com/search?q=Aivu+and+%E1%B8%A4izkiya%2C+sons+of+the+daughter+of+Rav&type=talmud,,,,,,,,,,
Akavya,names,,9,,,,,https://chavrutai.com/search?q=Akavya&type=talmud,,,,,,,,,,
Akavya ben Mahalalel,names,,18,,,,,https://chavrutai.com/search?q=Akavya+ben+Mahalalel&type=talmud,,,,,,,,,,
Akhbaria,talmudToponyms,,1,,,,,https://chavrutai.com/search?q=Akhbaria&type=talmud,,,,,,,,,,
Akistefon,talmudToponyms,,2,,,,,https://chavrutai.com/search?q=Akistefon&type=talmud,,,,,,,,,,
Akiva ben Yosef,names,,12,,,,,https://chavrutai.com/search?q=Akiva+ben+Yosef&type=talmud,,,,,,,,,,
Akra,talmudToponyms,,8,,,,,https://chavrutai.com/search?q=Akra&type=talmud,,,,,,,,,,
Akra DeAgma,talmudToponyms,Akra De’agma,4,,,,,https://chavrutai.com/search?q=Akra+DeAgma&type=talmud,,,,,,,,,,
Akrabat,talmudToponyms,,2,,,,,https://chavrutai.com/search?q=Akrabat&type=talmud,,,,,,,,,,
Akronya,talmudToponyms,,1,,,,,https://chavrutai.com/search?q=Akronya&type=talmud,,,,,,,,,,
Akteisfon,talmudToponyms,,3,,,,,https://chavrutai.com/search?q=Akteisfon&type=talmud,,,,,,,,,,
Alexa,names,,1,,,,,https://chavrutai.com/search?q=Alexa&type=talmud,,,,,,,,,,
Alexander,names,,1,,,,,https://chavrutai.com/search?q=Alexander&type=talmud,,,,,,,,,,
King Yannai,names,Alexander Jannaeus,11,https://en.wikipedia.org/wiki/Alexander_Jannaeus,https://he.wikipedia.org/wiki/%D7%90%D7%9C%D7%9B%D7%A1%D7%A0%D7%93%D7%A8_%D7%99%D7%A0%D7%90%D7%99,Alexander Jannaeus,אלכסנדר ינאי,https://chavrutai.com/search?q=King+Yannai&type=talmud,blog+en_langlink_he,Q319107,John Hyrcanus,,,,-127,,-76,
Alexander of Macedon,names,,8,,,,,https://chavrutai.com/search?q=Alexander+of+Macedon&type=talmud,,,,,,,,,,
Alexander of Macedonia,names,,1,,,,,https://chavrutai.com/search?q=Alexander+of+Macedonia&type=talmud,,,,,,,,,,
Alexander the king,names,,1,,,,,https://chavrutai.com/search?q=Alexander+the+king&type=talmud,,,,,,,,,,
Alexandria,talmudToponyms,,21,https://en.wikipedia.org/wiki/Alexandria#Ancient_era,https://he.wikipedia.org/wiki/%D7%90%D7%9C%D7%9B%D7%A1%D7%A0%D7%93%D7%A8%D7%99%D7%94,Alexandria,אלכסנדריה,https://chavrutai.com/search?q=Alexandria&type=talmud,blog,Q87,,,,,,,,
Alexandria in Egypt,talmudToponyms,,7,,,,,https://chavrutai.com/search?q=Alexandria+in+Egypt&type=talmud,,,,,,,,,,
Alexandria of Egypt,talmudToponyms,,11,,,,,https://chavrutai.com/search?q=Alexandria+of+Egypt&type=talmud,,,,,,,,,,
Alexandrians,names,,4,,,,,https://chavrutai.com/search?q=Alexandrians&type=talmud,,,,,,,,,,
Meḥoza,talmudToponyms,Al-Mada'in,72,https://en.wikipedia.org/wiki/Al-Mada'in,https://he.wikipedia.org/wiki/%D7%9E%D7%97%D7%95%D7%96%D7%90,Al-Mada'in,מחוזא,https://chavrutai.com/search?q=Me%E1%B8%A5oza&type=talmud,blog,Q1378794,,,,,,,,
Almin,talmudToponyms,,2,,,,,https://chavrutai.com/search?q=Almin&type=talmud,,,,,,,,,,
altar,concepts,Altar (Bible),933,,https://he.wikipedia.org/wiki/%D7%9E%D7%96%D7%91%D7%97,,מזבח,https://chavrutai.com/search?q=altar&type=talmud,,Q101687,,,,,,,,
golden altar,concepts,Altar (Bible),16,https://en.wikipedia.org/wiki/Altar_(Bible)#Altar_of_incense,,Altar (Bible),,https://chavrutai.com/search?q=golden+altar&type=talmud,blog,Q4736161,,,,,,,,
Alush,talmudToponyms,,1,,,,,https://chavrutai.com/search?q=Alush&type=talmud,,,,,,,,,,
am ha’aretz,concepts,,90,https://en.wikipedia.org/wiki/Am_ha'aretz,https://he.wikipedia.org/wiki/%D7%A2%D7%9D_%D7%94%D7%90%D7%A8%D7%A5,Am ha'aretz,עם הארץ,https://chavrutai.com/search?q=am+ha%E2%80%99aretz&type=talmud,manual_concepts_top_missing_he_pass2,Q451586,,,,,,,,
Am ha'aretz,concepts,,90,https://en.wikipedia.org/wiki/Am_ha'aretz,https://he.wikipedia.org/wiki/%D7%A2%D7%9D_%D7%94%D7%90%D7%A8%D7%A5,Am ha'aretz,עם הארץ,https://chavrutai.com/search?q=Am+ha%27aretz&type=talmud,blog,Q451586,,,,,,,,
Amalek,biblicalNations,,8,https://en.wikipedia.org/wiki/Amalek,https://he.wikipedia.org/wiki/%D7%A2%D7%9E%D7%9C%D7%A7,Amalek,עמלק,https://chavrutai.com/search?q=Amalek&type=talmud,blog,Q372091,Eliphaz,,,,,,,
Amasa,biblicalNames,,2,https://en.wikipedia.org/wiki/Amasa,https://he.wikipedia.org/wiki/%D7%A2%D7%9E%D7%A9%D7%90_%D7%91%D7%9F_%D7%99%D7%AA%D7%A8,Amasa,עמשא בן יתר,https://chavrutai.com/search?q=Amasa&type=talmud,biblical_names_api_review:verified_exact_or_redirect,Q2689456,Jether,,,,-1100,Kingdom of Israel,-1000,Kingdom of Israel
Amatlai bat Karnevo,biblicalNames,,1,,,,,https://chavrutai.com/search?q=Amatlai+bat+Karnevo&type=talmud,biblical_names_api_review:no_exact_page,,,,,,,,,
Amatlai bat Orevati,biblicalNames,,1,,,,,https://chavrutai.com/search?q=Amatlai+bat+Orevati&type=talmud,biblical_names_api_review:no_exact_page,,,,,,,,,
Amaziah,biblicalNames,,4,https://en.wikipedia.org/wiki/Amaziah,https://he.wikipedia.org/wiki/%D7%90%D7%9E%D7%A6%D7%99%D7%94_(%D7%A4%D7%99%D7%A8%D7%95%D7%A9%D7%95%D7%A0%D7%99%D7%9D),Amaziah,אמציה (פירושונים),https://chavrutai.com/search?q=Amaziah&type=talmud,biblical_names_api_review:verified_exact_or_redirect,Q4740764,,,,,,,,
Evil-merodach,biblicalNames,Amel-Marduk,2,https://en.wikipedia.org/wiki/Amel-Marduk,https://he.wikipedia.org/wiki/%D7%90%D7%95%D7%99%D7%9C-%D7%9E%D7%A8%D7%93%D7%95%D7%9A,Amel-Marduk,אויל-מרדוך,https://chavrutai.com/search?q=Evil-merodach&type=talmud,biblical_names_api_review:verified_exact_or_redirect,Q313234,Nebuchadnezzar II,,,,,,-560,
Ameimar,names,Amemar,182,https://en.wikipedia.org/wiki/Amemar,https://he.wikipedia.org/wiki/%D7%90%D7%9E%D7%99%D7%9E%D7%A8,Amemar,אמימר,https://chavrutai.com/search?q=Ameimar&type=talmud,blog,Q454422,,,,,400,,500,
Ami bar Avin,names,,1,,,,,https://chavrutai.com/search?q=Ami+bar+Avin&type=talmud,,,,,,,,,,
Ami bar Natan,names,,-,,,,,https://chavrutai.com/search?q=Ami+bar+Natan&type=talmud,,,,,,,,,,
Ami of Vardina,names,,2,,,,,https://chavrutai.com/search?q=Ami+of+Vardina&type=talmud,,,,,,,,,,
Ami the oven maker,names,,1,,,,,https://chavrutai.com/search?q=Ami+the+oven+maker&type=talmud,,,,,,,,,,
Rami bar Abba,names,Ammi b. Abba,21,https://en.wikipedia.org/wiki/Ammi_b._Abba,https://he.wikipedia.org/wiki/%D7%A8%D7%9E%D7%99_%D7%91%D7%A8_%D7%90%D7%91%D7%90,Ammi b. Abba,רמי בר אבא,https://chavrutai.com/search?q=Rami+bar+Abba&type=talmud,blog,Q4747240,,,,,,,,
Ammon,biblicalNames;biblicalNations;biblicalPlaces,Ammon and Moab,31,https://en.wikipedia.org/wiki/Ammon,,Ammon,,https://chavrutai.com/search?q=Ammon&type=talmud,blog,Q473353,,,,,,,,
Ammonite,biblicalNations,,73,,,,,https://chavrutai.com/search?q=Ammonite&type=talmud,,,,,,,,,,
Amnon,biblicalNames,"Amnon and Tamar; Amnon, son of David",11,https://en.wikipedia.org/wiki/Amnon,https://he.wikipedia.org/wiki/%D7%90%D7%9E%D7%A0%D7%95%D7%9F_(%D7%93%D7%9E%D7%95%D7%AA_%D7%9E%D7%A7%D7%A8%D7%90%D7%99%D7%AA),Amnon,אמנון (דמות מקראית),https://chavrutai.com/search?q=Amnon&type=talmud,biblical_names_api_review:verified_exact_or_redirect,Q361636,David,,,,-1100,Hebron,-1000,Jerusalem
Amon,biblicalNames,,9,https://en.wikipedia.org/wiki/Amon_of_Judah,https://he.wikipedia.org/wiki/%D7%90%D7%9E%D7%95%D7%9F_(%D7%9E%D7%9C%D7%9A_%D7%99%D7%94%D7%95%D7%93%D7%94),Amon of Judah,אמון (מלך יהודה),https://chavrutai.com/search?q=Amon&type=talmud,biblical_names_api_review:disambiguation_only; manual_biblical_top30,Q313423,Manasseh,,,,-664,Kingdom of Judah,-640,Jerusalem
Amos,biblicalNames,,6,https://en.wikipedia.org/wiki/Amos_(prophet),https://he.wikipedia.org/wiki/%D7%A2%D7%9E%D7%95%D7%A1,Amos (prophet),עמוס,https://chavrutai.com/search?q=Amos&type=talmud,biblical_names_api_review:disambiguation_only; manual_biblical_top30,Q213850,,Hosea,,Isaiah,-814,Teqoa,-740,
Amoz,biblicalNames,,4,https://en.wikipedia.org/wiki/Amoz,https://he.wikipedia.org/wiki/%D7%90%D7%9E%D7%95%D7%A5,Amoz,אמוץ,https://chavrutai.com/search?q=Amoz&type=talmud,biblical_names_api_review:verified_exact_or_redirect,Q4748020,Jehoash,,,,,,,
Amram the dyer,names,,1,,,,,https://chavrutai.com/search?q=Amram+the+dyer&type=talmud,,,,,,,,,,
"Amram, father of Moses",biblicalNames,,2,https://en.wikipedia.org/wiki/Amram,https://he.wikipedia.org/wiki/%D7%A2%D7%9E%D7%A8%D7%9D,Amram,עמרם,https://chavrutai.com/search?q=Amram%2C+father+of+Moses&type=talmud,biblical_names_api_review:no_exact_page; enwiki_api_exact,Q477527,Kohath,,,,,,,
Amraphel,biblicalNames,,2,https://en.wikipedia.org/wiki/Amraphel,https://he.wikipedia.org/wiki/%D7%90%D7%9E%D7%A8%D7%A4%D7%9C,Amraphel,אמרפל,https://chavrutai.com/search?q=Amraphel&type=talmud,biblical_names_api_review:verified_exact_or_redirect,Q2844493,,,,,-2100; -2000,Shinar,-2000; -1900,West Asia
an ancestral field,concepts,,68,,,,,https://chavrutai.com/search?q=an+ancestral+field&type=talmud,,,,,,,,,,
an armed bandit,names,,18,,,,,https://chavrutai.com/search?q=an+armed+bandit&type=talmud,,,,,,,,,,
an examiner,names,,1,,,,,https://chavrutai.com/search?q=an+examiner&type=talmud,,,,,,,,,,
an important woman,names,,4,,,,,https://chavrutai.com/search?q=an+important+woman&type=talmud,,,,,,,,,,
an unslaughtered carcass,concepts,,38,,,,,https://chavrutai.com/search?q=an+unslaughtered+carcass&type=talmud,,,,,,,,,,
Anah,biblicalNames,,8,https://en.wikipedia.org/wiki/Anah,,Anah,,https://chavrutai.com/search?q=Anah&type=talmud,biblical_names_api_review:verified_exact_or_redirect,Q2627750,,,,,,,,
Anammelech,biblicalNames,,1,https://en.wikipedia.org/wiki/Anammelech,,Anammelech,,https://chavrutai.com/search?q=Anammelech&type=talmud,biblical_names_api_review:verified_exact_or_redirect,Q366492,,,,,,,,
Rav Anan,names,Anan (amora),47,https://en.wikipedia.org/wiki/Anan_(amora),https://he.wikipedia.org/wiki/%D7%A8%D7%91_%D7%A2%D7%A0%D7%9F,Anan (amora),רב ענן,https://chavrutai.com/search?q=Rav+Anan&type=talmud,blog,Q7026786,,,Amoraim of Babylon,,,,,
Anan bar Ḥiyya,names,,-,,,,,https://chavrutai.com/search?q=Anan+bar+%E1%B8%A4iyya&type=talmud,,,,,,,,,,
Anan bar Ḥiyya Neharde’a,names,,-,,,,,https://chavrutai.com/search?q=Anan+bar+%E1%B8%A4iyya+Neharde%E2%80%99a&type=talmud,,,,,,,,,,
Anan bar Ḥiyya of Ḥagra,names,,-,,,,,https://chavrutai.com/search?q=Anan+bar+%E1%B8%A4iyya+of+%E1%B8%A4agra&type=talmud,,,,,,,,,,
Anat,talmudToponyms,,1,https://en.wikipedia.org/wiki/Anat,https://he.wikipedia.org/wiki/%D7%A2%D7%A0%D7%AA,Anat,ענת,https://chavrutai.com/search?q=Anat&type=talmud,blog,Q487290,El,,,,,,,
ancient fort [<i>katzra</i>] of Tzippori,talmudToponyms,,1,,,,,https://chavrutai.com/search?q=ancient+fort+%5B%3Ci%3Ekatzra%3C%2Fi%3E%5D+of+Tzippori&type=talmud,,,,,,,,,,
ancient Yodfat,talmudToponyms,,1,,,,,https://chavrutai.com/search?q=ancient+Yodfat&type=talmud,,,,,,,,,,
tumtum,concepts,Androgynos,103,https://en.wikipedia.org/wiki/Androgynos#Distinction_from_tumtum,https://he.wikipedia.org/wiki/%D7%90%D7%A0%D7%93%D7%A8%D7%95%D7%92%D7%99%D7%A0%D7%95%D7%A1_(%D7%94%D7%9C%D7%9B%D7%94),Androgynos,אנדרוגינוס (הלכה),https://chavrutai.com/search?q=tumtum&type=talmud,blog,Q5530955,,,,,,,,
Anger,concepts,,76,,,,,https://chavrutai.com/search?q=Anger&type=talmud,,,,,,,,,,
anointed priest,concepts,,69,,,,,https://chavrutai.com/search?q=anointed+priest&type=talmud,,,,,,,,,,
anointing oil,concepts,,36,,,,,https://chavrutai.com/search?q=anointing+oil&type=talmud,,,,,,,,,,
Anpantrin,talmudToponyms,,2,,,,,https://chavrutai.com/search?q=Anpantrin&type=talmud,,,,,,,,,,
Antioch,talmudToponyms,,5,https://en.wikipedia.org/wiki/Antioch,https://he.wikipedia.org/wiki/%D7%90%D7%A0%D7%98%D7%99%D7%95%D7%9B%D7%99%D7%94,Antioch,אנטיוכיה,https://chavrutai.com/search?q=Antioch&type=talmud,blog,Q200441,,,,,,,,
Antipatris,talmudToponyms,,6,,,,,https://chavrutai.com/search?q=Antipatris&type=talmud,,,,,,,,,,
Antokhya,talmudToponyms,,2,,,,,https://chavrutai.com/search?q=Antokhya&type=talmud,,,,,,,,,,
Antoninos ben Asveiros,names,,-,,,,,https://chavrutai.com/search?q=Antoninos+ben+Asveiros&type=talmud,,,,,,,,,,
Antoninus,names,,5,,,,,https://chavrutai.com/search?q=Antoninus&type=talmud,,,,,,,,,,
Antoninus the son of Asveirus,names,,1,,,,,https://chavrutai.com/search?q=Antoninus+the+son+of+Asveirus&type=talmud,,,,,,,,,,
"Antoninus, son of Asveirus",names,,1,,,,,https://chavrutai.com/search?q=Antoninus%2C+son+of+Asveirus&type=talmud,,,,,,,,,,
Aphrodite,names,,7,https://en.wikipedia.org/wiki/Aphrodite,https://he.wikipedia.org/wiki/%D7%90%D7%A4%D7%A8%D7%95%D7%93%D7%99%D7%98%D7%94,Aphrodite,אפרודיטה,https://chavrutai.com/search?q=Aphrodite&type=talmud,blog,Q35500,Zeus; Uranus,,,,,,,
apostate,concepts,,67,,https://he.wikipedia.org/wiki/%D7%9E%D7%A9%D7%95%D7%9E%D7%93,,משומד,https://chavrutai.com/search?q=apostate&type=talmud,,Q2390763,,,,,,,,
Apostemos,names,,2,,,,,https://chavrutai.com/search?q=Apostemos&type=talmud,,,,,,,,,,
Appamya,talmudToponyms,,2,,,,,https://chavrutai.com/search?q=Appamya&type=talmud,,,,,,,,,,
Apsetaya,talmudToponyms,,1,,,,,https://chavrutai.com/search?q=Apsetaya&type=talmud,,,,,,,,,,
Arab,biblicalNations,,34,,,,,https://chavrutai.com/search?q=Arab&type=talmud,,,,,,,,,,
Arabia,biblicalNations;talmudToponyms,Arabia Petraea,6,https://en.wikipedia.org/wiki/Arabia_Petraea,https://he.wikipedia.org/wiki/%D7%A2%D7%A8%D7%91%D7%99%D7%94_(%D7%A4%D7%A8%D7%95%D7%91%D7%99%D7%A0%D7%A7%D7%99%D7%94_%D7%A8%D7%95%D7%9E%D7%99%D7%AA),Arabia Petraea,ערביה (פרובינקיה רומית),https://chavrutai.com/search?q=Arabia&type=talmud,blog,Q221353,,,,,,,,
Arabs,names,,11,,,,,https://chavrutai.com/search?q=Arabs&type=talmud,,,,,,,,,,
Arad,biblicalNames,,3,,,,,https://chavrutai.com/search?q=Arad&type=talmud,biblical_names_api_review:disambiguation_only,,,,,,,,,
Aram,biblicalNations,,5,,,,,https://chavrutai.com/search?q=Aram&type=talmud,,,,,,,,,,
Aramaic,concepts,,15,https://en.wikipedia.org/wiki/Aramaic#Biblical_Aramaic,https://he.wikipedia.org/wiki/%D7%90%D7%A8%D7%9E%D7%99%D7%AA,Aramaic,ארמית,https://chavrutai.com/search?q=Aramaic&type=talmud,blog,Q28602,,,,,,,,
Aramean,biblicalNations,Arameans,38,https://en.wikipedia.org/wiki/Arameans#Early_Christianity_and_Arab_conquest,https://he.wikipedia.org/wiki/%D7%90%D7%A8%D7%9E%D7%99%D7%9D,Arameans,ארמים,https://chavrutai.com/search?q=Aramean&type=talmud,blog,Q175064,,,,,,,,
Araunah,biblicalNames,,2,https://en.wikipedia.org/wiki/Araunah,https://he.wikipedia.org/wiki/%D7%90%D7%A8%D7%95%D7%95%D7%A0%D7%94,Araunah,ארוונה,https://chavrutai.com/search?q=Araunah&type=talmud,biblical_names_api_review:verified_exact_or_redirect,Q2910439,,,,,,,,
Arav,talmudToponyms,,3,,,,,https://chavrutai.com/search?q=Arav&type=talmud,,,,,,,,,,
Arda,names,,1,,,,,https://chavrutai.com/search?q=Arda&type=talmud,,,,,,,,,,
Ardaskeya,talmudToponyms,,1,,,,,https://chavrutai.com/search?q=Ardaskeya&type=talmud,,,,,,,,,,
Ardeshir,talmudToponyms,,4,,,,,https://chavrutai.com/search?q=Ardeshir&type=talmud,,,,,,,,,,
Ardisekis,talmudToponyms,,1,,,,,https://chavrutai.com/search?q=Ardisekis&type=talmud,,,,,,,,,,
Ardiska,talmudToponyms,,1,,,,,https://chavrutai.com/search?q=Ardiska&type=talmud,,,,,,,,,,
Argiza,talmudToponyms,,3,,,,,https://chavrutai.com/search?q=Argiza&type=talmud,,,,,,,,,,
Argob,talmudToponyms,,1,,,,,https://chavrutai.com/search?q=Argob&type=talmud,,,,,,,,,,
Aristoblus,names,,2,,,,,https://chavrutai.com/search?q=Aristoblus&type=talmud,,,,,,,,,,
Aristobulus,names,,1,,,,,https://chavrutai.com/search?q=Aristobulus&type=talmud,,,,,,,,,,
Ark Cover,concepts,,34,,,,,https://chavrutai.com/search?q=Ark+Cover&type=talmud,,,,,,,,,,
Arkat Leveina,talmudToponyms,,1,,,,,https://chavrutai.com/search?q=Arkat+Leveina&type=talmud,,,,,,,,,,
Armon,talmudToponyms,,1,,,,,https://chavrutai.com/search?q=Armon&type=talmud,,,,,,,,,,
Arnevet,names,,1,,,,,https://chavrutai.com/search?q=Arnevet&type=talmud,,,,,,,,,,
Aroma,talmudToponyms,,42,,,,,https://chavrutai.com/search?q=Aroma&type=talmud,,,,,,,,,,
Arsela,names,,1,,,,,https://chavrutai.com/search?q=Arsela&type=talmud,,,,,,,,,,
Arta,names,,1,,,,,https://chavrutai.com/search?q=Arta&type=talmud,,,,,,,,,,
Artaxerxes,biblicalNames,,4,,,,,https://chavrutai.com/search?q=Artaxerxes&type=talmud,biblical_names_api_review:disambiguation_only,,,,,,,,,
Artibbena,talmudToponyms,,1,,,,,https://chavrutai.com/search?q=Artibbena&type=talmud,,,,,,,,,,
Arva’a,talmudToponyms,,1,,,,,https://chavrutai.com/search?q=Arva%E2%80%99a&type=talmud,,,,,,,,,,
Aryokh,names,,7,,,,,https://chavrutai.com/search?q=Aryokh&type=talmud,,,,,,,,,,
Asa,biblicalNames,,10,https://en.wikipedia.org/wiki/Asa_of_Judah,https://he.wikipedia.org/wiki/%D7%90%D7%A1%D7%90,Asa of Judah,אסא,https://chavrutai.com/search?q=Asa&type=talmud,biblical_names_api_review:disambiguation_only; manual_biblical_top30,Q313415,Abijah,,,,-932,,-870,Kingdom of Judah
Asahel,biblicalNames,,2,https://en.wikipedia.org/wiki/Asahel,https://he.wikipedia.org/wiki/%D7%A2%D7%A9%D7%94%D7%90%D7%9C_%D7%91%D7%9F_%D7%A6%D7%A8%D7%95%D7%99%D7%94,Asahel,עשהאל בן צרויה,https://chavrutai.com/search?q=Asahel&type=talmud,biblical_names_api_review:verified_exact_or_redirect,Q2915076,,,,,,,,
Asaph,biblicalNames,,1,,,Asaph,,https://chavrutai.com/search?q=Asaph&type=talmud,biblical_names_api_review:disambiguation_only,,,,,,,,,
Ashkelon,talmudToponyms,Ascalon,14,"https://en.wikipedia.org/wiki/Ascalon#Persian,_Hellenistic_and_Roman_periods",https://he.wikipedia.org/wiki/%D7%90%D7%A9%D7%A7%D7%9C%D7%95%D7%9F_(%D7%A2%D7%99%D7%A8_%D7%A2%D7%AA%D7%99%D7%A7%D7%94),Ascalon,אשקלון (עיר עתיקה),https://chavrutai.com/search?q=Ashkelon&type=talmud,blog,Q104664899,,,,,,,,
Asher,biblicalNames,,8,https://en.wikipedia.org/wiki/Asher,https://he.wikipedia.org/wiki/%D7%90%D7%A9%D7%A8_(%D7%93%D7%9E%D7%95%D7%AA_%D7%9E%D7%A7%D7%A8%D7%90%D7%99%D7%AA),Asher,אשר (דמות מקראית),https://chavrutai.com/search?q=Asher&type=talmud,biblical_names_api_review:verified_exact_or_redirect,Q1775026,Jacob,,,,,Paddan Aram,,
Ashhur,biblicalNames,,2,,,,,https://chavrutai.com/search?q=Ashhur&type=talmud,biblical_names_api_review:no_exact_page,,,,,,,,,
Ashiyan bar Nadbakh,names,,1,,,,,https://chavrutai.com/search?q=Ashiyan+bar+Nadbakh&type=talmud,,,,,,,,,,
Helah,biblicalNames,Ashur (Bible),1,https://en.wikipedia.org/wiki/Ashur_(Bible),https://he.wikipedia.org/wiki/%D7%90%D7%A9%D7%95%D7%A8_(%D7%93%D7%9E%D7%95%D7%AA_%D7%9E%D7%A7%D7%A8%D7%90%D7%99%D7%AA),Ashur (Bible),אשור (דמות מקראית),https://chavrutai.com/search?q=Helah&type=talmud,biblical_names_api_review:verified_exact_or_redirect,Q2426606,Shem,,,,,,,
"Ashyan, the tanna in the school of Rabbi Ami",names,,-,,,,,https://chavrutai.com/search?q=Ashyan%2C+the+tanna+in+the+school+of+Rabbi+Ami&type=talmud,,,,,,,,,,
Asi bar Hini,names,,1,,,,,https://chavrutai.com/search?q=Asi+bar+Hini&type=talmud,,,,,,,,,,
Asia,talmudToponyms,,6,,,,,https://chavrutai.com/search?q=Asia&type=talmud,,,,,,,,,,
Aspamia,talmudToponyms,,1,,,,,https://chavrutai.com/search?q=Aspamia&type=talmud,,,,,,,,,,
Aspamya,talmudToponyms,,4,,,,,https://chavrutai.com/search?q=Aspamya&type=talmud,,,,,,,,,,
Asporak,talmudToponyms,,2,,,,,https://chavrutai.com/search?q=Asporak&type=talmud,,,,,,,,,,
Aspork,talmudToponyms,,1,,,,,https://chavrutai.com/search?q=Aspork&type=talmud,,,,,,,,,,
Assyria,biblicalNations;talmudToponyms,,3,https://en.wikipedia.org/wiki/Assyria,https://he.wikipedia.org/wiki/%D7%90%D7%A9%D7%95%D7%A8,Assyria,אשור,https://chavrutai.com/search?q=Assyria&type=talmud,blog+en_langlink_he,Q41137,,,,,,,,
Assyrian,biblicalNations,,2,,,,,https://chavrutai.com/search?q=Assyrian&type=talmud,,,,,,,,,,
Astonia,talmudToponyms,,1,,,,,https://chavrutai.com/search?q=Astonia&type=talmud,,,,,,,,,,
"Asveirus, son of Antoninus",names,,1,,,,,https://chavrutai.com/search?q=Asveirus%2C+son+of+Antoninus&type=talmud,,,,,,,,,,
Asya,talmudToponyms,,8,,,,,https://chavrutai.com/search?q=Asya&type=talmud,,,,,,,,,,
Athens,talmudToponyms,,2,,,,,https://chavrutai.com/search?q=Athens&type=talmud,,,,,,,,,,
Atlantic Ocean,talmudToponyms,,2,,,,,https://chavrutai.com/search?q=Atlantic+Ocean&type=talmud,,,,,,,,,,
Attulin,talmudToponyms,,1,,,,,https://chavrutai.com/search?q=Attulin&type=talmud,,,,,,,,,,
Avdimi bar Ḥama,names,,-,,,,,https://chavrutai.com/search?q=Avdimi+bar+%E1%B8%A4ama&type=talmud,,,,,,,,,,
Avdimi bar Ḥama bar Dosa,names,,1,,,,,https://chavrutai.com/search?q=Avdimi+bar+%E1%B8%A4ama+bar+Dosa&type=talmud,,,,,,,,,,
Avel,talmudToponyms,,3,,,,,https://chavrutai.com/search?q=Avel&type=talmud,,,,,,,,,,
Avel Arav,talmudToponyms,,1,,,,,https://chavrutai.com/search?q=Avel+Arav&type=talmud,,,,,,,,,,
Avi Govar,talmudToponyms,,1,,,,,https://chavrutai.com/search?q=Avi+Govar&type=talmud,,,,,,,,,,
Avidan,names,,2,,,,,https://chavrutai.com/search?q=Avidan&type=talmud,,,,,,,,,,
Avidarna,names,,1,,,,,https://chavrutai.com/search?q=Avidarna&type=talmud,,,,,,,,,,
Avimei bar Rav Pappi,names,,1,,,,,https://chavrutai.com/search?q=Avimei+bar+Rav+Pappi&type=talmud,,,,,,,,,,
"Avimei, son of Rabbi Abbahu",names,,2,,,,,https://chavrutai.com/search?q=Avimei%2C+son+of+Rabbi+Abbahu&type=talmud,,,,,,,,,,
Avimi,names,,28,,https://he.wikipedia.org/wiki/%D7%90%D7%91%D7%99%D7%9E%D7%99,,אבימי,https://chavrutai.com/search?q=Avimi&type=talmud,wikidata_seed_qid,Q6569449,,,,,,,,
"Avimi bar Nazi, the father-in-law of Ravina",names,,1,,,,,https://chavrutai.com/search?q=Avimi+bar+Nazi%2C+the+father-in-law+of+Ravina&type=talmud,,,,,,,,,,
Avimi bar Pappi,names,,2,,,,,https://chavrutai.com/search?q=Avimi+bar+Pappi&type=talmud,,,,,,,,,,
Avimi of Hagronya,names,,4,,,,,https://chavrutai.com/search?q=Avimi+of+Hagronya&type=talmud,,,,,,,,,,
Avimi of Hagron-ya,names,,1,,,,,https://chavrutai.com/search?q=Avimi+of+Hagron-ya&type=talmud,,,,,,,,,,
Avimi of Nota,names,,2,,,,,https://chavrutai.com/search?q=Avimi+of+Nota&type=talmud,,,,,,,,,,
Avimi of Sanvata,names,,-,,,,,https://chavrutai.com/search?q=Avimi+of+Sanvata&type=talmud,,,,,,,,,,
"Avimi, son of Rabbi Abbahu",names,,6,,,,,https://chavrutai.com/search?q=Avimi%2C+son+of+Rabbi+Abbahu&type=talmud,,,,,,,,,,
Avin bar Huna,names,,7,,,,,https://chavrutai.com/search?q=Avin+bar+Huna&type=talmud,,,,,,,,,,
Avin from Nashikiya,names,,1,,,,,https://chavrutai.com/search?q=Avin+from+Nashikiya&type=talmud,,,,,,,,,,
Avin from Tzippori,names,,1,,,,,https://chavrutai.com/search?q=Avin+from+Tzippori&type=talmud,,,,,,,,,,
Avin the fool,names,,1,,,,,https://chavrutai.com/search?q=Avin+the+fool&type=talmud,,,,,,,,,,
Avireya,talmudToponyms,,1,,,,,https://chavrutai.com/search?q=Avireya&type=talmud,,,,,,,,,,
Avishai ben Tzeruya,biblicalNames,,1,,,,,https://chavrutai.com/search?q=Avishai+ben+Tzeruya&type=talmud,biblical_names_api_review:no_exact_page,,,,,,,,,
Avitul the scribe,names,,3,,,,,https://chavrutai.com/search?q=Avitul+the+scribe&type=talmud,,,,,,,,,,
Avna,talmudToponyms,,3,,,,,https://chavrutai.com/search?q=Avna&type=talmud,,,,,,,,,,
Avtolemos,names,,3,,,,,https://chavrutai.com/search?q=Avtolemos&type=talmud,,,,,,,,,,
Avtolmos bar Reuven,names,,1,,,,,https://chavrutai.com/search?q=Avtolmos+bar+Reuven&type=talmud,,,,,,,,,,
Avtolos ben Reuven,names,,1,,,,,https://chavrutai.com/search?q=Avtolos+ben+Reuven&type=talmud,,,,,,,,,,
Avuh bar Geneiva,names,,1,,,,,https://chavrutai.com/search?q=Avuh+bar+Geneiva&type=talmud,,,,,,,,,,
Avuh bar Ihi,names,,4,,,,,https://chavrutai.com/search?q=Avuh+bar+Ihi&type=talmud,,,,,,,,,,
aylonit,concepts,Ayelonit,26,https://en.wikipedia.org/wiki/Ayelonit,https://he.wikipedia.org/wiki/%D7%90%D7%99%D7%99%D7%9C%D7%95%D7%A0%D7%99%D7%AA,Ayelonit,איילונית,https://chavrutai.com/search?q=aylonit&type=talmud,blog,Q16131050,,,,,,,,
Ayo,names,,10,,,,,https://chavrutai.com/search?q=Ayo&type=talmud,,,,,,,,,,
Ayya Mari,names,,1,,,,,https://chavrutai.com/search?q=Ayya+Mari&type=talmud,,,,,,,,,,
Azubah,biblicalNames,,2,,,,,https://chavrutai.com/search?q=Azubah&type=talmud,biblical_names_api_review:disambiguation_only,,,,,,,,,
Ba’al Shalisha,biblicalPlaces,,0,,,,,https://chavrutai.com/search?q=Ba%E2%80%99al+Shalisha&type=talmud,,,,,,,,,,
Baal,biblicalNames,,6,https://en.wikipedia.org/wiki/Baal,https://he.wikipedia.org/wiki/%D7%91%D7%A2%D7%9C_(%D7%90%D7%9C),Baal,בעל (אל),https://chavrutai.com/search?q=Baal&type=talmud,biblical_names_api_review:verified_exact_or_redirect,Q590467,El; Dagon,,,,,,,
"Baasa, son of Ahijah",biblicalNames,,0,,,,,https://chavrutai.com/search?q=Baasa%2C+son+of+Ahijah&type=talmud,biblical_names_api_review:no_exact_page,,,,,,,,,
Bava ben Buta,names,Baba ben Buta,7,https://en.wikipedia.org/wiki/Baba_ben_Buta,https://he.wikipedia.org/wiki/%D7%91%D7%91%D7%90_%D7%91%D7%9F_%D7%91%D7%95%D7%98%D7%90,Baba ben Buta,בבא בן בוטא,https://chavrutai.com/search?q=Bava+ben+Buta&type=talmud,blog,Q2070197,,,Chazal,,-100,Palestine,,
Babylon,biblicalNations,,7,https://en.wikipedia.org/wiki/Babylon,https://he.wikipedia.org/wiki/%D7%91%D7%91%D7%9C,Babylon,בבל,https://chavrutai.com/search?q=Babylon&type=talmud,blog,Q5684,,,,,,,,
Babylonia,biblicalNations;names;talmudToponyms,Babylonian,304,https://en.wikipedia.org/wiki/Babylonia,https://he.wikipedia.org/wiki/%D7%91%D7%91%D7%9C_(%D7%90%D7%96%D7%95%D7%A8_%D7%94%D7%99%D7%A1%D7%98%D7%95%D7%A8%D7%99),Babylonia,בבל (אזור היסטורי),https://chavrutai.com/search?q=Babylonia&type=talmud,blog,Q47690,,,,,,,,
Babylonian captivity,concepts,,0,https://en.wikipedia.org/wiki/Babylonian_captivity,https://he.wikipedia.org/wiki/%D7%92%D7%9C%D7%95%D7%AA_%D7%91%D7%91%D7%9C,Babylonian captivity,גלות בבל,https://chavrutai.com/search?q=Babylonian+captivity&type=talmud,blog,Q175447,,,,,,,,
Babylonians,names,,29,,,,,https://chavrutai.com/search?q=Babylonians&type=talmud,,,,,,,,,,
Bagda,talmudToponyms,,1,,,,,https://chavrutai.com/search?q=Bagda&type=talmud,,,,,,,,,,
Baghdad,talmudToponyms,,14,https://en.wikipedia.org/wiki/Baghdad,https://he.wikipedia.org/wiki/%D7%91%D7%92%D7%93%D7%90%D7%93,Baghdad,בגדאד,https://chavrutai.com/search?q=Baghdad&type=talmud,blog,Q1530,,,,,,,,
Baha,names,,4,,,,,https://chavrutai.com/search?q=Baha&type=talmud,,,,,,,,,,
Baitos ben Zonin,names,,1,,,,,https://chavrutai.com/search?q=Baitos+ben+Zonin&type=talmud,,,,,,,,,,
Baitos ben Zunen,names,,1,,,,,https://chavrutai.com/search?q=Baitos+ben+Zunen&type=talmud,,,,,,,,,,
Baitos ben Zunin,names,,4,,,,,https://chavrutai.com/search?q=Baitos+ben+Zunin&type=talmud,,,,,,,,,,
Balaam,biblicalNames,Balaam the wicked,43,https://en.wikipedia.org/wiki/Balaam,https://he.wikipedia.org/wiki/%D7%91%D7%9C%D7%A2%D7%9D_%D7%91%D7%9F_%D7%91%D7%A2%D7%95%D7%A8,Balaam,בלעם בן בעור,https://chavrutai.com/search?q=Balaam&type=talmud,biblical_names_api_review:verified_exact_or_redirect,Q574641,Beor,,,,-1300,,-1300,
Balak,biblicalNames,,10,https://en.wikipedia.org/wiki/Balak,https://he.wikipedia.org/wiki/%D7%91%D7%9C%D7%A7,Balak,בלק,https://chavrutai.com/search?q=Balak&type=talmud,biblical_names_api_review:verified_exact_or_redirect,Q1411953,Zippor,,,,,,,
Balei,names,,2,,,,,https://chavrutai.com/search?q=Balei&type=talmud,,,,,,,,,,
Bali,names,,3,,,,,https://chavrutai.com/search?q=Bali&type=talmud,,,,,,,,,,
Balla’ai,names,,1,,,,,https://chavrutai.com/search?q=Balla%E2%80%99ai&type=talmud,,,,,,,,,,
Balvatei,names,,2,,,,,https://chavrutai.com/search?q=Balvatei&type=talmud,,,,,,,,,,
Pamyas,talmudToponyms,Banias,9,https://en.wikipedia.org/wiki/Banias#Roman_and_Christian_Byzantine_periods,https://he.wikipedia.org/wiki/%D7%91%D7%A0%D7%99%D7%90%D7%A1_(%D7%90%D7%AA%D7%A8_%D7%90%D7%A8%D7%9B%D7%90%D7%95%D7%9C%D7%95%D7%92%D7%99),Banias,בניאס (אתר ארכאולוגי),https://chavrutai.com/search?q=Pamyas&type=talmud,blog,Q606295,,,,,,,,
bar Abbahu,names,,-,,,,,https://chavrutai.com/search?q=bar+Abbahu&type=talmud,,,,,,,,,,
bar Abuveram,names,,-,,,,,https://chavrutai.com/search?q=bar+Abuveram&type=talmud,,,,,,,,,,
Bar Adda,names,,-,,,,,https://chavrutai.com/search?q=Bar+Adda&type=talmud,,,,,,,,,,
Bar Adda Mari,names,,1,,,,,https://chavrutai.com/search?q=Bar+Adda+Mari&type=talmud,,,,,,,,,,
Bar Adda the porter,names,,1,,,,,https://chavrutai.com/search?q=Bar+Adda+the+porter&type=talmud,,,,,,,,,,
Bar Adda the surveyor,names,,1,,,,,https://chavrutai.com/search?q=Bar+Adda+the+surveyor&type=talmud,,,,,,,,,,
Bar Adi the Arab,names,,1,,,,,https://chavrutai.com/search?q=Bar+Adi+the+Arab&type=talmud,,,,,,,,,,
Bar Ahina,names,,2,,,,,https://chavrutai.com/search?q=Bar+Ahina&type=talmud,,,,,,,,,,
bar Binittos,names,,2,,,,,https://chavrutai.com/search?q=bar+Binittos&type=talmud,,,,,,,,,,
bar Deroma,names,,2,,,,,https://chavrutai.com/search?q=bar+Deroma&type=talmud,,,,,,,,,,
bar Dosa,names,,-,,,,,https://chavrutai.com/search?q=bar+Dosa&type=talmud,,,,,,,,,,
bar Elyashiv,names,,2,,,,,https://chavrutai.com/search?q=bar+Elyashiv&type=talmud,,,,,,,,,,
bar Giyorei,names,,-,,,,,https://chavrutai.com/search?q=bar+Giyorei&type=talmud,,,,,,,,,,
bar Hadaya,names,,1,,,,,https://chavrutai.com/search?q=bar+Hadaya&type=talmud,,,,,,,,,,
Bar Haddaya,names,,1,,,,,https://chavrutai.com/search?q=Bar+Haddaya&type=talmud,,,,,,,,,,
Bar Hamdakh,talmudToponyms,,1,,,,,https://chavrutai.com/search?q=Bar+Hamdakh&type=talmud,,,,,,,,,,
Bar Hamdurei,names,,1,,,,,https://chavrutai.com/search?q=Bar+Hamdurei&type=talmud,,,,,,,,,,
Bar Hamduri,names,,1,,,,,https://chavrutai.com/search?q=Bar+Hamduri&type=talmud,,,,,,,,,,
bar Hamedurei,names,,1,,,,,https://chavrutai.com/search?q=bar+Hamedurei&type=talmud,,,,,,,,,,
bar Ḥanan,names,,-,,,,,https://chavrutai.com/search?q=bar+%E1%B8%A4anan&type=talmud,,,,,,,,,,
bar Ḥanna,names,,-,,,,,https://chavrutai.com/search?q=bar+%E1%B8%A4anna&type=talmud,,,,,,,,,,
bar Ḥasa,names,,-,,,,,https://chavrutai.com/search?q=bar+%E1%B8%A4asa&type=talmud,,,,,,,,,,
bar Ḥashu,names,,-,,,,,https://chavrutai.com/search?q=bar+%E1%B8%A4ashu&type=talmud,,,,,,,,,,
bar Ḥavu,names,,2,,,,,https://chavrutai.com/search?q=bar+%E1%B8%A4avu&type=talmud,,,,,,,,,,
Bar Hedya,names,,2,,,,,https://chavrutai.com/search?q=Bar+Hedya&type=talmud,,,,,,,,,,
bar Hei Hei,names,,3,,,,,https://chavrutai.com/search?q=bar+Hei+Hei&type=talmud,,,,,,,,,,
bar Hinak,names,,1,,,,,https://chavrutai.com/search?q=bar+Hinak&type=talmud,,,,,,,,,,
bar Ḥiyya,names,,-,,,,,https://chavrutai.com/search?q=bar+%E1%B8%A4iyya&type=talmud,,,,,,,,,,
bar Yokhani,names,Bar Juchne,2,https://en.wikipedia.org/wiki/Bar_Juchne,,Bar Juchne,,https://chavrutai.com/search?q=bar+Yokhani&type=talmud,blog,Q4857938,,,,,,,,
bar Kalba Savua,names,,2,,,,,https://chavrutai.com/search?q=bar+Kalba+Savua&type=talmud,,,,,,,,,,
bar Kamtza,names,,5,,,,,https://chavrutai.com/search?q=bar+Kamtza&type=talmud,,,,,,,,,,
Bar Kappara,names,,120,https://en.wikipedia.org/wiki/Bar_Kappara,https://he.wikipedia.org/wiki/%D7%91%D7%A8_%D7%A7%D7%A4%D7%A8%D7%90,Bar Kappara,בר קפרא,https://chavrutai.com/search?q=Bar+Kappara&type=talmud,blog,Q449117,,Judah ha-Nasi,Tannaim,,101,Caesarea Maritima,300,Parod
bar Kaza,names,,1,,,,,https://chavrutai.com/search?q=bar+Kaza&type=talmud,,,,,,,,,,
bar Kidri,names,,1,,,,,https://chavrutai.com/search?q=bar+Kidri&type=talmud,,,,,,,,,,
bar Kipof,names,,1,,,,,https://chavrutai.com/search?q=bar+Kipof&type=talmud,,,,,,,,,,
bar Kippok,names,,2,,,,,https://chavrutai.com/search?q=bar+Kippok&type=talmud,,,,,,,,,,
Bar Kochba rebellion,concepts,,0,https://en.wikipedia.org/wiki/Bar_Kokhba_revolt,https://he.wikipedia.org/wiki/%D7%9E%D7%A8%D7%93_%D7%91%D7%A8_%D7%9B%D7%95%D7%9B%D7%91%D7%90,,מרד בר כוכבא,https://chavrutai.com/search?q=Bar+Kochba+rebellion&type=talmud,,Q334502,,,,,,,,
bar Kokheva,names,,1,,,,,https://chavrutai.com/search?q=bar+Kokheva&type=talmud,,,,,,,,,,
Bar Koziva,names,,2,,,,,https://chavrutai.com/search?q=Bar+Koziva&type=talmud,,,,,,,,,,
bar Leva’i,names,,-,,,,,https://chavrutai.com/search?q=bar+Leva%E2%80%99i&type=talmud,,,,,,,,,,
Bar Liva’ei,names,,1,,,,,https://chavrutai.com/search?q=Bar+Liva%E2%80%99ei&type=talmud,,,,,,,,,,
bar Livai,names,,2,,,,,https://chavrutai.com/search?q=bar+Livai&type=talmud,,,,,,,,,,
bar Luyyanus,names,,-,,,,,https://chavrutai.com/search?q=bar+Luyyanus&type=talmud,,,,,,,,,,
bar Marta,names,,-,,,,,https://chavrutai.com/search?q=bar+Marta&type=talmud,,,,,,,,,,
bar Maryon,names,,-,,,,,https://chavrutai.com/search?q=bar+Maryon&type=talmud,,,,,,,,,,
"bar Maryon, son of Ravin",names,,-,,,,,https://chavrutai.com/search?q=bar+Maryon%2C+son+of+Ravin&type=talmud,,,,,,,,,,
Bar Nappaḥa,names,,4,,,,,https://chavrutai.com/search?q=Bar+Nappa%E1%B8%A5a&type=talmud,,,,,,,,,,
bar Natan,names,,1,,,,,https://chavrutai.com/search?q=bar+Natan&type=talmud,,,,,,,,,,
Bar Padda,names,,29,,,,,https://chavrutai.com/search?q=Bar+Padda&type=talmud,,,,,,,,,,
bar Pedat,names,,1,,,,,https://chavrutai.com/search?q=bar+Pedat&type=talmud,,,,,,,,,,
bar Peyoli,names,,3,,,,,https://chavrutai.com/search?q=bar+Peyoli&type=talmud,,,,,,,,,,
bar Shatya,names,,6,,,,,https://chavrutai.com/search?q=bar+Shatya&type=talmud,,,,,,,,,,
bar Sheila,names,,2,,,,,https://chavrutai.com/search?q=bar+Sheila&type=talmud,,,,,,,,,,
bar Sheshakh,names,,1,,,,,https://chavrutai.com/search?q=bar+Sheshakh&type=talmud,,,,,,,,,,
bar Shibbetai,names,,1,,,,,https://chavrutai.com/search?q=bar+Shibbetai&type=talmud,,,,,,,,,,
bar Shirika Panda,names,,-,,,,,https://chavrutai.com/search?q=bar+Shirika+Panda&type=talmud,,,,,,,,,,
bar Sisin,names,,14,,,,,https://chavrutai.com/search?q=bar+Sisin&type=talmud,,,,,,,,,,
bar Ta’utni,names,,1,,,,,https://chavrutai.com/search?q=bar+Ta%E2%80%99utni&type=talmud,,,,,,,,,,
bar Tamei,names,,-,,,,,https://chavrutai.com/search?q=bar+Tamei&type=talmud,,,,,,,,,,
bar Tina,names,,-,,,,,https://chavrutai.com/search?q=bar+Tina&type=talmud,,,,,,,,,,
bar Tit,names,,-,,,,,https://chavrutai.com/search?q=bar+Tit&type=talmud,,,,,,,,,,
bar Tutini,names,,2,,,,,https://chavrutai.com/search?q=bar+Tutini&type=talmud,,,,,,,,,,
bar Tutni,names,,2,,,,,https://chavrutai.com/search?q=bar+Tutni&type=talmud,,,,,,,,,,
bar Tzartzur,names,,1,,,,,https://chavrutai.com/search?q=bar+Tzartzur&type=talmud,,,,,,,,,,
bar Tzitai,names,,1,,,,,https://chavrutai.com/search?q=bar+Tzitai&type=talmud,,,,,,,,,,
bar Uva,names,,1,,,,,https://chavrutai.com/search?q=bar+Uva&type=talmud,,,,,,,,,,
bar Yirmeya,names,,1,,,,,https://chavrutai.com/search?q=bar+Yirmeya&type=talmud,,,,,,,,,,
bar Yoḥai,names,,1,,,,,https://chavrutai.com/search?q=bar+Yo%E1%B8%A5ai&type=talmud,,,,,,,,,,
Barak,biblicalNames,,3,https://en.wikipedia.org/wiki/Barak,https://he.wikipedia.org/wiki/%D7%91%D7%A8%D7%A7_%D7%91%D7%9F_%D7%90%D7%91%D7%99%D7%A0%D7%A2%D7%9D,Barak,ברק בן אבינעם,https://chavrutai.com/search?q=Barak&type=talmud,biblical_names_api_review:verified_exact_or_redirect,Q807236,Abinoam,,,,,,,
Barkata,talmudToponyms,,1,,,,,https://chavrutai.com/search?q=Barkata&type=talmud,,,,,,,,,,
Barnish,talmudToponyms,,8,,,,,https://chavrutai.com/search?q=Barnish&type=talmud,,,,,,,,,,
Bartota,talmudToponyms,,3,,,,,https://chavrutai.com/search?q=Bartota&type=talmud,,,,,,,,,,
Baruch ben Neriah,biblicalNames,,1,https://en.wikipedia.org/wiki/Baruch_ben_Neriah,https://he.wikipedia.org/wiki/%D7%91%D7%A8%D7%95%D7%9A_%D7%91%D7%9F_%D7%A0%D7%A8%D7%99%D7%94,Baruch ben Neriah,ברוך בן נריה,https://chavrutai.com/search?q=Baruch+ben+Neriah&type=talmud,biblical_names_api_review:verified_exact_or_redirect,Q599907,Neriah,Jeremiah,,Ezra,,,,
"Baruch, the son of Neriah",biblicalNames,,1,,,,,https://chavrutai.com/search?q=Baruch%2C+the+son+of+Neriah&type=talmud,biblical_names_api_review:no_exact_page,,,,,,,,,
Barukh ben Levi,names,,1,,,,,https://chavrutai.com/search?q=Barukh+ben+Levi&type=talmud,,,,,,,,,,
Barzillai the Gileadite,biblicalNames,,1,,,,,https://chavrutai.com/search?q=Barzillai+the+Gileadite&type=talmud,biblical_names_api_review:no_exact_page,,,,,,,,,
Bashan,biblicalPlaces,,11,https://en.wikipedia.org/wiki/Bashan,https://he.wikipedia.org/wiki/%D7%94%D7%91%D7%A9%D7%9F,Bashan,הבשן,https://chavrutai.com/search?q=Bashan&type=talmud,blog,Q612952,,,,,,,,
Bashkar,talmudToponyms,,1,,,,,https://chavrutai.com/search?q=Bashkar&type=talmud,,,,,,,,,,
Baskar,talmudToponyms,,0,,,,,https://chavrutai.com/search?q=Baskar&type=talmud,,,,,,,,,,
Bathsheba,biblicalNames,"Bathsheba, daughter of Eliam",10,https://en.wikipedia.org/wiki/Bathsheba,https://he.wikipedia.org/wiki/%D7%91%D7%AA_%D7%A9%D7%91%D7%A2,Bathsheba,בת שבע,https://chavrutai.com/search?q=Bathsheba&type=talmud,biblical_names_api_review:verified_exact_or_redirect,Q272277,Eliam,,,,-1009,Giloh,-937,
Bati,names,,1,,,,,https://chavrutai.com/search?q=Bati&type=talmud,,,,,,,,,,
Bati bar Tuvi,names,,3,,,,,https://chavrutai.com/search?q=Bati+bar+Tuvi&type=talmud,,,,,,,,,,
Bati bar Tuviyya,names,,1,,,,,https://chavrutai.com/search?q=Bati+bar+Tuviyya&type=talmud,,,,,,,,,,
Bav River,talmudToponyms,,2,,,,,https://chavrutai.com/search?q=Bav+River&type=talmud,,,,,,,,,,
Bedan,biblicalNames,,2,https://en.wikipedia.org/wiki/Bedan,,Bedan,,https://chavrutai.com/search?q=Bedan&type=talmud,biblical_names_api_review:verified_exact_or_redirect,Q4878985,,,,,,,,
Beersheba,talmudToponyms,,1,https://en.wikipedia.org/wiki/Beersheba#Hebrew_Bible,https://he.wikipedia.org/wiki/%D7%91%D7%90%D7%A8_%D7%A9%D7%91%D7%A2,Beersheba,באר שבע,https://chavrutai.com/search?q=Beersheba&type=talmud,blog,Q41843,,,,,,,,
Bei Abiyonei,talmudToponyms,,1,,,,,https://chavrutai.com/search?q=Bei+Abiyonei&type=talmud,,,,,,,,,,
Bei Akhborei,talmudToponyms,,2,,,,,https://chavrutai.com/search?q=Bei+Akhborei&type=talmud,,,,,,,,,,
Bei Ardeshir,talmudToponyms,,2,,,,,https://chavrutai.com/search?q=Bei+Ardeshir&type=talmud,,,,,,,,,,
Bei Argiza,talmudToponyms,,1,,,,,https://chavrutai.com/search?q=Bei+Argiza&type=talmud,,,,,,,,,,
Bei Dura,talmudToponyms,,2,,,,,https://chavrutai.com/search?q=Bei+Dura&type=talmud,,,,,,,,,,
Bei Ḥarmakh,talmudToponyms,,1,,,,,https://chavrutai.com/search?q=Bei+%E1%B8%A4armakh&type=talmud,,,,,,,,,,
Bei Hedya,talmudToponyms,,1,,,,,https://chavrutai.com/search?q=Bei+Hedya&type=talmud,,,,,,,,,,
Bei Ḥoza’a,talmudToponyms,,3,,,,,https://chavrutai.com/search?q=Bei+%E1%B8%A4oza%E2%80%99a&type=talmud,,,,,,,,,,
Bei Ḥozai,talmudToponyms,,19,,,,,https://chavrutai.com/search?q=Bei+%E1%B8%A4ozai&type=talmud,,,,,,,,,,
Bei Ila’ei,talmudToponyms,,5,,,,,https://chavrutai.com/search?q=Bei+Ila%E2%80%99ei&type=talmud,,,,,,,,,,
Bei Katil,talmudToponyms,,4,,,,,https://chavrutai.com/search?q=Bei+Katil&type=talmud,,,,,,,,,,
Bei Keifei,talmudToponyms,,2,,,,,https://chavrutai.com/search?q=Bei+Keifei&type=talmud,,,,,,,,,,
Bei Keloḥit,talmudToponyms,,2,,,,,https://chavrutai.com/search?q=Bei+Kelo%E1%B8%A5it&type=talmud,,,,,,,,,,
Bei Ketil,talmudToponyms,,2,,,,,https://chavrutai.com/search?q=Bei+Ketil&type=talmud,,,,,,,,,,
Bei Khatil,talmudToponyms,,2,,,,,https://chavrutai.com/search?q=Bei+Khatil&type=talmud,,,,,,,,,,
Bei Kovei,talmudToponyms,,1,,,,,https://chavrutai.com/search?q=Bei+Kovei&type=talmud,,,,,,,,,,
Bei Kutai,talmudToponyms,,2,,,,,https://chavrutai.com/search?q=Bei+Kutai&type=talmud,,,,,,,,,,
Bei Kuvei,talmudToponyms,,5,,,,,https://chavrutai.com/search?q=Bei+Kuvei&type=talmud,,,,,,,,,,
Bei Lefet,talmudToponyms,,1,,,,,https://chavrutai.com/search?q=Bei+Lefet&type=talmud,,,,,,,,,,
Bei Meḥoza,talmudToponyms,,3,,,,,https://chavrutai.com/search?q=Bei+Me%E1%B8%A5oza&type=talmud,,,,,,,,,,
Bei Mikhsei,talmudToponyms,,3,,,,,https://chavrutai.com/search?q=Bei+Mikhsei&type=talmud,,,,,,,,,,
Bei Mikhsi,talmudToponyms,,1,,,,,https://chavrutai.com/search?q=Bei+Mikhsi&type=talmud,,,,,,,,,,
Bei Shifei,talmudToponyms,,1,,,,,https://chavrutai.com/search?q=Bei+Shifei&type=talmud,,,,,,,,,,
Bei Tarbu,talmudToponyms,,1,,,,,https://chavrutai.com/search?q=Bei+Tarbu&type=talmud,,,,,,,,,,
Bei Torta,talmudToponyms,,1,,,,,https://chavrutai.com/search?q=Bei+Torta&type=talmud,,,,,,,,,,
Bei Varei,talmudToponyms,,0,,,,,https://chavrutai.com/search?q=Bei+Varei&type=talmud,,,,,,,,,,
Beit Baltin,talmudToponyms,,4,,,,,https://chavrutai.com/search?q=Beit+Baltin&type=talmud,,,,,,,,,,
Beit Biri,talmudToponyms,,1,,,,,https://chavrutai.com/search?q=Beit+Biri&type=talmud,,,,,,,,,,
Beit Bukya,talmudToponyms,,1,,,,,https://chavrutai.com/search?q=Beit+Bukya&type=talmud,,,,,,,,,,
Beit D’li,talmudToponyms,,1,,,,,https://chavrutai.com/search?q=Beit+D%E2%80%99li&type=talmud,,,,,,,,,,
Beit Garem,talmudToponyms,,1,,,,,https://chavrutai.com/search?q=Beit+Garem&type=talmud,,,,,,,,,,
Beit Gilgul,talmudToponyms,,3,,,,,https://chavrutai.com/search?q=Beit+Gilgul&type=talmud,,,,,,,,,,
Beit Haifa,talmudToponyms,,1,,,,,https://chavrutai.com/search?q=Beit+Haifa&type=talmud,,,,,,,,,,
Beit HaTzerifa,names,,1,,,,,https://chavrutai.com/search?q=Beit+HaTzerifa&type=talmud,,,,,,,,,,
Beit HaYeshimot,talmudToponyms,,1,,,,,https://chavrutai.com/search?q=Beit+HaYeshimot&type=talmud,,,,,,,,,,
Beit Ḥiddudo,talmudToponyms,,1,,,,,https://chavrutai.com/search?q=Beit+%E1%B8%A4iddudo&type=talmud,,,,,,,,,,
Beit Hillel,names,,751,https://en.wikipedia.org/wiki/Houses_of_Hillel_and_Shammai,https://he.wikipedia.org/wiki/%D7%91%D7%99%D7%AA%20%D7%94%D7%9C%D7%9C%20%D7%95%D7%91%D7%99%D7%AA%20%D7%A9%D7%9E%D7%90%D7%99,Houses of Hillel and Shammai,בית הלל ובית שמאי,https://chavrutai.com/search?q=Beit+Hillel&type=talmud,manual_top_count_review_20260307,Q3710285,,,,,,,,
Beit Hini,talmudToponyms,,5,,,,,https://chavrutai.com/search?q=Beit+Hini&type=talmud,,,,,,,,,,
Beit Hino,talmudToponyms,,1,,,,,https://chavrutai.com/search?q=Beit+Hino&type=talmud,,,,,,,,,,
Beit Jericho,talmudToponyms,,2,,,,,https://chavrutai.com/search?q=Beit+Jericho&type=talmud,,,,,,,,,,
Beit Kerem Valley,talmudToponyms,,3,,,,,https://chavrutai.com/search?q=Beit+Kerem+Valley&type=talmud,,,,,,,,,,
Beit Kofai,names;talmudToponyms,,1,,,,,https://chavrutai.com/search?q=Beit+Kofai&type=talmud,,,,,,,,,,
Beit Lavan,talmudToponyms,,1,,,,,https://chavrutai.com/search?q=Beit+Lavan&type=talmud,,,,,,,,,,
Beit Maron,talmudToponyms,,1,,,,,https://chavrutai.com/search?q=Beit+Maron&type=talmud,,,,,,,,,,
Beit Menaḥem,talmudToponyms,,1,,,,,https://chavrutai.com/search?q=Beit+Mena%E1%B8%A5em&type=talmud,,,,,,,,,,
Beit Meron,talmudToponyms,,1,,,,,https://chavrutai.com/search?q=Beit+Meron&type=talmud,,,,,,,,,,
Beit Neresh,talmudToponyms,,1,,,,,https://chavrutai.com/search?q=Beit+Neresh&type=talmud,,,,,,,,,,
Beit Pagei,talmudToponyms,,12,,,,,https://chavrutai.com/search?q=Beit+Pagei&type=talmud,,,,,,,,,,
Beit Rima,talmudToponyms,,1,,,,,https://chavrutai.com/search?q=Beit+Rima&type=talmud,,,,,,,,,,
Beit Shammai,names,,880,https://en.wikipedia.org/wiki/Houses_of_Hillel_and_Shammai,https://he.wikipedia.org/wiki/%D7%91%D7%99%D7%AA%20%D7%A9%D7%9E%D7%90%D7%99,Houses of Hillel and Shammai,בית שמאי,https://chavrutai.com/search?q=Beit+Shammai&type=talmud,manual_top_count_review_20260307,Q3710285,,,,,,,,
Beit Shavor,talmudToponyms,,1,,,,,https://chavrutai.com/search?q=Beit+Shavor&type=talmud,,,,,,,,,,
Beit She’arim,talmudToponyms,,10,,,,,https://chavrutai.com/search?q=Beit+She%E2%80%99arim&type=talmud,,,,,,,,,,
Beit She'an,talmudToponyms,Beit She’an,20,https://en.wikipedia.org/wiki/Beit_She'an,https://he.wikipedia.org/wiki/%D7%91%D7%99%D7%AA_%D7%A9%D7%90%D7%9F,Beit She'an,בית שאן,https://chavrutai.com/search?q=Beit+She%27an&type=talmud,blog,Q152368,,,,,,,,
Beit Teraiki,talmudToponyms,,1,,,,,https://chavrutai.com/search?q=Beit+Teraiki&type=talmud,,,,,,,,,,
Beit Tzevo’im,names;talmudToponyms,,1,,,,,https://chavrutai.com/search?q=Beit+Tzevo%E2%80%99im&type=talmud,,,,,,,,,,
Beit Unaiki,talmudToponyms,,1,,,,,https://chavrutai.com/search?q=Beit+Unaiki&type=talmud,,,,,,,,,,
Beit Unyaki,talmudToponyms,,4,,,,,https://chavrutai.com/search?q=Beit+Unyaki&type=talmud,,,,,,,,,,
Beit Ya’zek,talmudToponyms,Beit Yazek,5,,,,,https://chavrutai.com/search?q=Beit+Ya%E2%80%99zek&type=talmud,,,,,,,,,,
Beitar,talmudToponyms,,18,,,,,https://chavrutai.com/search?q=Beitar&type=talmud,,,,,,,,,,
Beityoni,talmudToponyms,,2,,,,,https://chavrutai.com/search?q=Beityoni&type=talmud,,,,,,,,,,
Bela,biblicalNames,,0,,,Bela,,https://chavrutai.com/search?q=Bela&type=talmud,biblical_names_api_review:disambiguation_only,,,,,,,,,
Beloa of Gader,talmudToponyms,,0,,,,,https://chavrutai.com/search?q=Beloa+of+Gader&type=talmud,,,,,,,,,,
Beloreya the female convert,names,,1,,,,,https://chavrutai.com/search?q=Beloreya+the+female+convert&type=talmud,,,,,,,,,,
Belshazzar,biblicalNames,,4,https://en.wikipedia.org/wiki/Belshazzar,https://he.wikipedia.org/wiki/%D7%91%D7%9C%D7%A9%D7%90%D7%A6%D7%A8,Belshazzar,בלשאצר,https://chavrutai.com/search?q=Belshazzar&type=talmud,biblical_names_api_review:verified_exact_or_redirect,Q225198,Nabonidus,,,,-580,,-539,Babylonia
Ben Akhmai,talmudToponyms,,1,,,,,https://chavrutai.com/search?q=Ben+Akhmai&type=talmud,,,,,,,,,,
ben Antigonus,names,,1,,,,,https://chavrutai.com/search?q=ben+Antigonus&type=talmud,,,,,,,,,,
ben Arza,names,,3,,,,,https://chavrutai.com/search?q=ben+Arza&type=talmud,,,,,,,,,,
Ben Avatiaḥ,names,,1,,,,,https://chavrutai.com/search?q=Ben+Avatia%E1%B8%A5&type=talmud,,,,,,,,,,
Ben Azzai,names,,84,https://en.wikipedia.org/wiki/Simeon_ben_Azzai,https://he.wikipedia.org/wiki/%D7%91%D7%9F_%D7%A2%D7%96%D7%90%D7%99,Simeon ben Azzai,בן עזאי,https://chavrutai.com/search?q=Ben+Azzai&type=talmud,blog,Q601081,,,,,101,Israel,,Syria Palaestina
Ben Bag-Bag,names,ben Bag Bag,22,https://en.wikipedia.org/wiki/Ben_Bag-Bag,https://he.wikipedia.org/wiki/%D7%91%D7%9F_%D7%91%D7%92_%D7%91%D7%92,Ben Bag-Bag,בן בג בג,https://chavrutai.com/search?q=Ben+Bag-Bag&type=talmud,blog,Q16155143,,,,,50,,,
ben Beivai,names,,1,,,,,https://chavrutai.com/search?q=ben+Beivai&type=talmud,,,,,,,,,,
ben Bukhri,names,,5,,,,,https://chavrutai.com/search?q=ben+Bukhri&type=talmud,,,,,,,,,,
ben Dama,names,,-,,,,,https://chavrutai.com/search?q=ben+Dama&type=talmud,,,,,,,,,,
"Ben Dama, son of Rabbi Yishmael",names,,-,,,,,https://chavrutai.com/search?q=Ben+Dama%2C+son+of+Rabbi+Yishmael&type=talmud,,,,,,,,,,
ben Derosai,names,,5,,,,,https://chavrutai.com/search?q=ben+Derosai&type=talmud,,,,,,,,,,
ben Donai,names,,1,,,,,https://chavrutai.com/search?q=ben+Donai&type=talmud,,,,,,,,,,
ben Dortai,names,,-,,,,,https://chavrutai.com/search?q=ben+Dortai&type=talmud,,,,,,,,,,
ben Drosai,names,,4,,,,,https://chavrutai.com/search?q=ben+Drosai&type=talmud,,,,,,,,,,
Ben Elasa,names,,7,,,,,https://chavrutai.com/search?q=Ben+Elasa&type=talmud,,,,,,,,,,
ben Gamla,names,,1,,,,,https://chavrutai.com/search?q=ben+Gamla&type=talmud,,,,,,,,,,
ben Garon,names,,-,,,,,https://chavrutai.com/search?q=ben+Garon&type=talmud,,,,,,,,,,
ben Ḥakhinai,names,,1,,,,,https://chavrutai.com/search?q=ben+%E1%B8%A4akhinai&type=talmud,,,,,,,,,,
ben Ḥamtzan,names,,-,,,,,https://chavrutai.com/search?q=ben+%E1%B8%A4amtzan&type=talmud,,,,,,,,,,
ben Harkinas,names,,1,,,,,https://chavrutai.com/search?q=ben+Harkinas&type=talmud,,,,,,,,,,
ben Ḥavu,names,,-,,,,,https://chavrutai.com/search?q=ben+%E1%B8%A4avu&type=talmud,,,,,,,,,,
ben Idi,names,,1,,,,,https://chavrutai.com/search?q=ben+Idi&type=talmud,,,,,,,,,,
ben Imma Miriam,names,,1,,,,,https://chavrutai.com/search?q=ben+Imma+Miriam&type=talmud,,,,,,,,,,
ben Kalba Savua,names,,3,,,,,https://chavrutai.com/search?q=ben+Kalba+Savua&type=talmud,,,,,,,,,,
ben Kamtzar,names,,4,,,,,https://chavrutai.com/search?q=ben+Kamtzar&type=talmud,,,,,,,,,,
ben Katin,names,,7,,https://he.wikipedia.org/wiki/%D7%91%D7%9F_%D7%A7%D7%98%D7%99%D7%9F,,בן קטין,https://chavrutai.com/search?q=ben+Katin&type=talmud,wikidata_seed_qid,Q122234149,,,,,,,,
ben Koziva,names,,-,,,,,https://chavrutai.com/search?q=ben+Koziva&type=talmud,,,,,,,,,,
ben Lakonya,names,,-,,,,,https://chavrutai.com/search?q=ben+Lakonya&type=talmud,,,,,,,,,,
ben Megusat,names,,2,,,,,https://chavrutai.com/search?q=ben+Megusat&type=talmud,,,,,,,,,,
Ben Mekoshesh,talmudToponyms,,1,,,,,https://chavrutai.com/search?q=Ben+Mekoshesh&type=talmud,,,,,,,,,,
ben Nanas,names,,6,,,,,https://chavrutai.com/search?q=ben+Nanas&type=talmud,,,,,,,,,,
ben Nannas,names,,18,,,,,https://chavrutai.com/search?q=ben+Nannas&type=talmud,,,,,,,,,,
ben Nappaḥa,names,,1,,,,,https://chavrutai.com/search?q=ben+Nappa%E1%B8%A5a&type=talmud,,,,,,,,,,
ben Nedavai,names,,1,,,,,https://chavrutai.com/search?q=ben+Nedavai&type=talmud,,,,,,,,,,
Ben Netz,names,,1,,,,,https://chavrutai.com/search?q=Ben+Netz&type=talmud,,,,,,,,,,
ben Netzer,names,,3,,,,,https://chavrutai.com/search?q=ben+Netzer&type=talmud,,,,,,,,,,
ben Pazi,names,,1,,,,,https://chavrutai.com/search?q=ben+Pazi&type=talmud,,,,,,,,,,
ben Perata son of the son of Rabbi Perata,names,,-,,,,,https://chavrutai.com/search?q=ben+Perata+son+of+the+son+of+Rabbi+Perata&type=talmud,,,,,,,,,,
Ben Petora,names,,1,,,,,https://chavrutai.com/search?q=Ben+Petora&type=talmud,,,,,,,,,,
ben Reḥumi,names,,-,,,,,https://chavrutai.com/search?q=ben+Re%E1%B8%A5umi&type=talmud,,,,,,,,,,
ben Setada,names,,2,,,,,https://chavrutai.com/search?q=ben+Setada&type=talmud,,,,,,,,,,
Ben Shelakot,names,,3,,,,,https://chavrutai.com/search?q=Ben+Shelakot&type=talmud,,,,,,,,,,
ben Stada,names,,2,,,,,https://chavrutai.com/search?q=ben+Stada&type=talmud,,,,,,,,,,
ben Tedal,names,,1,,,,,https://chavrutai.com/search?q=ben+Tedal&type=talmud,,,,,,,,,,
ben Teima,names,,6,,,,,https://chavrutai.com/search?q=ben+Teima&type=talmud,,,,,,,,,,
ben Temalyon,names,,-,,,,,https://chavrutai.com/search?q=ben+Temalyon&type=talmud,,,,,,,,,,
ben Tzion,names,,1,,,,,https://chavrutai.com/search?q=ben+Tzion&type=talmud,,,,,,,,,,
ben Tzitzit HaKesat,names,,2,,,,,https://chavrutai.com/search?q=ben+Tzitzit+HaKesat&type=talmud,,,,,,,,,,
ben Tziyyon,names,,1,,,,,https://chavrutai.com/search?q=ben+Tziyyon&type=talmud,,,,,,,,,,
Ben Uzziel,names,,2,,,,,https://chavrutai.com/search?q=Ben+Uzziel&type=talmud,,,,,,,,,,
ben Yasiyan,names,,1,,,,,https://chavrutai.com/search?q=ben+Yasiyan&type=talmud,,,,,,,,,,
ben Yasiyyan,names,,-,,,,,https://chavrutai.com/search?q=ben+Yasiyyan&type=talmud,,,,,,,,,,
ben Zaza,names,,-,,,,,https://chavrutai.com/search?q=ben+Zaza&type=talmud,,,,,,,,,,
Ben Zoma,names,Shimon ben Zoma; Simeon ben Zoma,25,https://en.wikipedia.org/wiki/Simeon_ben_Zoma,https://he.wikipedia.org/wiki/%D7%91%D7%9F_%D7%96%D7%95%D7%9E%D7%90,Simeon ben Zoma,בן זומא,https://chavrutai.com/search?q=Ben+Zoma&type=talmud,blog; merge_same_enwiki,Q816598,,,,,,Palestine,200,
Benaiah,biblicalNames,"Benaiah ben Jehoiada; Benaiah the son of Jehoiada; Benaiah, son of Jehoiada; Benayahu, son of Jehoiada",8,https://en.wikipedia.org/wiki/Benaiah,https://he.wikipedia.org/wiki/%D7%91%D7%A0%D7%99%D7%94%D7%95_%D7%91%D7%9F_%D7%99%D7%94%D7%95%D7%99%D7%93%D7%A2,Benaiah,בניהו בן יהוידע,https://chavrutai.com/search?q=Benaiah&type=talmud,biblical_names_api_review:verified_exact_or_redirect,Q816667,Jehoiada,,,,,,,
Benei Berak,talmudToponyms,Beneberak,2,https://en.wikipedia.org/wiki/Beneberak,https://he.wikipedia.org/wiki/%D7%91%D7%A0%D7%99_%D7%91%D7%A8%D7%A7_(%D7%99%D7%99%D7%A9%D7%95%D7%91_%D7%A2%D7%AA%D7%99%D7%A7),Beneberak,בני ברק (יישוב עתיק),https://chavrutai.com/search?q=Benei+Berak&type=talmud,blog,Q4887206,,,,,,,,
Benjamin,biblicalNames,"Benjamin the righteous; Benjamin, son of Jacob",57,https://en.wikipedia.org/wiki/Benjamin,https://he.wikipedia.org/wiki/%D7%91%D7%A0%D7%99%D7%9E%D7%99%D7%9F,Benjamin,בנימין,https://chavrutai.com/search?q=Benjamin&type=talmud,biblical_names_api_review:verified_exact_or_redirect,Q460763,Jacob,,,,-1653,Canaan,-1500,
Beor,biblicalNames,,3,,,,,https://chavrutai.com/search?q=Beor&type=talmud,biblical_names_api_review:disambiguation_only,,,,,,,,,
Beror Ḥayil,talmudToponyms,,3,,,,,https://chavrutai.com/search?q=Beror+%E1%B8%A4ayil&type=talmud,,,,,,,,,,
"Berurya, the wife of Rabbi Meir",names,,-,,,,,https://chavrutai.com/search?q=Berurya%2C+the+wife+of+Rabbi+Meir&type=talmud,,,,,,,,,,
bestiality,concepts,,117,,,,,https://chavrutai.com/search?q=bestiality&type=talmud,,,,,,,,,,
Bethel,biblicalPlaces,,6,https://en.wikipedia.org/wiki/Bethel,https://he.wikipedia.org/wiki/%D7%91%D7%99%D7%AA_%D7%90%D7%9C_(%D7%99%D7%99%D7%A9%D7%95%D7%91_%D7%9E%D7%A7%D7%A8%D7%90%D7%99),Bethel,בית אל (יישוב מקראי),https://chavrutai.com/search?q=Bethel&type=talmud,blog,Q3876767,,,,,,,,
Beth-El,biblicalPlaces,,1,,,,,https://chavrutai.com/search?q=Beth-El&type=talmud,,,,,,,,,,
Bethlehem,talmudToponyms,,2,https://en.wikipedia.org/wiki/Bethlehem,https://he.wikipedia.org/wiki/%D7%91%D7%99%D7%AA_%D7%9C%D7%97%D7%9D,Bethlehem,בית לחם,https://chavrutai.com/search?q=Bethlehem&type=talmud,blog,Q5776,,,,,,,,
Maon,talmudToponyms,Bethmaus,5,https://en.wikipedia.org/wiki/Bethmaus,https://he.wikipedia.org/wiki/%D7%91%D7%99%D7%AA_%D7%9E%D7%A2%D7%95%D7%9F,Bethmaus,בית מעון,https://chavrutai.com/search?q=Maon&type=talmud,blog,Q20502414,,,,,,,,
Beit Ḥoron,talmudToponyms,Bethoron,10,https://en.wikipedia.org/wiki/Bethoron,https://he.wikipedia.org/wiki/%D7%91%D7%99%D7%AA_%D7%97%D7%95%D7%A8%D7%95%D7%9F_(%D7%A2%D7%99%D7%A8_%D7%9E%D7%A7%D7%A8%D7%90%D7%99%D7%AA),Bethoron,בית חורון (עיר מקראית),https://chavrutai.com/search?q=Beit+%E1%B8%A4oron&type=talmud,blog,Q1268514,,,,,,,,
Rav Beivai bar Abaye,names,Bevai bar Abaye,41,https://en.wikipedia.org/wiki/Bevai_bar_Abaye,https://he.wikipedia.org/wiki/%D7%A8%D7%91_%D7%91%D7%99%D7%91%D7%99_%D7%91%D7%A8_%D7%90%D7%91%D7%99%D7%99,Bevai bar Abaye,רב ביבי בר אביי,https://chavrutai.com/search?q=Rav+Beivai+bar+Abaye&type=talmud,blog,Q7016001,,,,,,,,
Bezalel,biblicalNames,,3,https://en.wikipedia.org/wiki/Bezalel,https://he.wikipedia.org/wiki/%D7%91%D7%A6%D7%9C%D7%90%D7%9C_%D7%91%D7%9F_%D7%90%D7%95%D7%A8%D7%99,Bezalel,בצלאל בן אורי,https://chavrutai.com/search?q=Bezalel&type=talmud,biblical_names_api_review:verified_exact_or_redirect,Q853439,Uri,,,,,,,
Egypt,biblicalNations;biblicalPlaces,Biblical Egypt,156,https://en.wikipedia.org/wiki/Biblical_Egypt#In_the_Book_of_Genesis,,Biblical Egypt,,https://chavrutai.com/search?q=Egypt&type=talmud,blog,Q27627972,,,,,,,,
Egyptians,names,Biblical Egypt,17,https://en.wikipedia.org/wiki/Biblical_Egypt,,Biblical Egypt,,https://chavrutai.com/search?q=Egyptians&type=talmud,blog,Q27627972,,,,,,,,
Bigtan and Teresh,biblicalNames,,1,,,,,https://chavrutai.com/search?q=Bigtan+and+Teresh&type=talmud,biblical_names_api_review:no_exact_page,,,,,,,,,
Bigthan and Teresh,biblicalNames,Bigthan,2,https://en.wikipedia.org/wiki/Bigthan_and_Teresh,https://he.wikipedia.org/wiki/%D7%91%D7%92%D7%AA%D7%9F_%D7%95%D7%AA%D7%A8%D7%A9,Bigthan and Teresh,בגתן ותרש,https://chavrutai.com/search?q=Bigthan+and+Teresh&type=talmud,biblical_names_api_review:verified_exact_or_redirect,Q18542438,,,,,,,,
Bildad,biblicalNames,Bildad the Shuhite,4,https://en.wikipedia.org/wiki/Bildad,https://he.wikipedia.org/wiki/%D7%91%D7%9C%D7%93%D7%93_%D7%94%D7%A9%D7%95%D7%97%D7%99_(%D7%90%D7%99%D7%95%D7%91),Bildad,בלדד השוחי (איוב),https://chavrutai.com/search?q=Bildad&type=talmud,biblical_names_api_review:verified_exact_or_redirect,Q137215850,,,,,,,,
Billak,names,,1,,,,,https://chavrutai.com/search?q=Billak&type=talmud,,,,,,,,,,
Binyamin the doctor,names,,-,,,,,https://chavrutai.com/search?q=Binyamin+the+doctor&type=talmud,,,,,,,,,,
Binyamin the righteous,names,,2,,,,,https://chavrutai.com/search?q=Binyamin+the+righteous&type=talmud,,,,,,,,,,
Binyamin the shepherd,names,,-,,,,,https://chavrutai.com/search?q=Binyamin+the+shepherd&type=talmud,,,,,,,,,,
Biram,talmudToponyms,,4,,,,,https://chavrutai.com/search?q=Biram&type=talmud,,,,,,,,,,
Biran River,talmudToponyms,,3,,,,,https://chavrutai.com/search?q=Biran+River&type=talmud,,,,,,,,,,
Birat Serika,talmudToponyms,,1,,,,,https://chavrutai.com/search?q=Birat+Serika&type=talmud,,,,,,,,,,
Birei,talmudToponyms,,3,,,,,https://chavrutai.com/search?q=Birei&type=talmud,,,,,,,,,,
Birei DeNeresh,talmudToponyms,,1,,,,,https://chavrutai.com/search?q=Birei+DeNeresh&type=talmud,,,,,,,,,,
Bireka,talmudToponyms,,1,,,,,https://chavrutai.com/search?q=Bireka&type=talmud,,,,,,,,,,
Bireta DeSatya,talmudToponyms,,1,,,,,https://chavrutai.com/search?q=Bireta+DeSatya&type=talmud,,,,,,,,,,
Biri,talmudToponyms,Birya,8,https://en.wikipedia.org/wiki/Birya,https://he.wikipedia.org/wiki/%D7%91%D7%99%D7%A8%D7%99%D7%94,Birya,ביריה,https://chavrutai.com/search?q=Biri&type=talmud,blog,Q2776820,,,,,,,,
blood redeemer,concepts,,21,,,,,https://chavrutai.com/search?q=blood+redeemer&type=talmud,,,,,,,,,,
sons of Beteira,names,Bnei Bathyra; the sons of Beteira,1,https://en.wikipedia.org/wiki/Bnei_Bathyra,https://he.wikipedia.org/wiki/%D7%91%D7%A0%D7%99_%D7%91%D7%AA%D7%99%D7%A8%D7%94,Bnei Bathyra,בני בתירה,https://chavrutai.com/search?q=sons+of+Beteira&type=talmud,blog,Q2904631,,,,,,,,
Bnei Brak,talmudToponyms,,5,,,,,https://chavrutai.com/search?q=Bnei+Brak&type=talmud,,,,,,,,,,
Boaz,biblicalNames,,13,https://en.wikipedia.org/wiki/Boaz,https://he.wikipedia.org/wiki/%D7%91%D7%A2%D7%96,Boaz,בעז,https://chavrutai.com/search?q=Boaz&type=talmud,biblical_names_api_review:verified_exact_or_redirect,Q212253,Salmon,,,,-1283,,,
Saraph,biblicalNames,Boeing AH-64 Apache,2,https://en.wikipedia.org/wiki/Boeing_AH-64_Apache,https://he.wikipedia.org/wiki/%D7%91%D7%95%D7%90%D7%99%D7%A0%D7%92_AH-64_%D7%90%D7%A4%D7%90%D7%A6%27%D7%99,Boeing AH-64 Apache,בואינג AH-64 אפאצ'י,https://chavrutai.com/search?q=Saraph&type=talmud,biblical_names_api_review:verified_exact_or_redirect,Q171468,,,,,,,,
Boethus ben Zunen,names,,2,,,,,https://chavrutai.com/search?q=Boethus+ben+Zunen&type=talmud,,,,,,,,,,
Boethusian,names,,2,,,,,https://chavrutai.com/search?q=Boethusian&type=talmud,,,,,,,,,,
Boethusians,names,,6,https://en.wikipedia.org/wiki/Boethusians,https://he.wikipedia.org/wiki/%D7%91%D7%99%D7%99%D7%AA%D7%95%D7%A1%D7%99%D7%9D,Boethusians,בייתוסים,https://chavrutai.com/search?q=Boethusians&type=talmud,blog,Q1964015,,,,,,,,
Bonyam ben Nunyam,names,,1,,,,,https://chavrutai.com/search?q=Bonyam+ben+Nunyam&type=talmud,,,,,,,,,,
Bonyos,names,,1,,,,,https://chavrutai.com/search?q=Bonyos&type=talmud,,,,,,,,,,
"Hananiah, son of Azzur",biblicalNames,Book of Jeremiah,1,https://en.wikipedia.org/wiki/Hananiah,https://he.wikipedia.org/wiki/%D7%97%D7%A0%D7%99%D7%A0%D7%90,Hananiah,חנינא,https://chavrutai.com/search?q=Hananiah%2C+son+of+Azzur&type=talmud,biblical_names_api_review:verified_exact_or_redirect; manual_fix,Q29537832,,,,,,,,
Bezer,talmudToponyms,Bosor,2,https://en.wikipedia.org/wiki/Bosor,,Bosor,,https://chavrutai.com/search?q=Bezer&type=talmud,blog,Q4947446,,,,,,,,
"Botnit, son of Abba Shaul ben Botnit",names,,1,,,,,https://chavrutai.com/search?q=Botnit%2C+son+of+Abba+Shaul+ben+Botnit&type=talmud,,,,,,,,,,
Bozrah,talmudToponyms,,3,,,,,https://chavrutai.com/search?q=Bozrah&type=talmud,,,,,,,,,,
bridge of Babylonia,talmudToponyms,,1,,,,,https://chavrutai.com/search?q=bridge+of+Babylonia&type=talmud,,,,,,,,,,
Bridge of Shabistana,talmudToponyms,,2,,,,,https://chavrutai.com/search?q=Bridge+of+Shabistana&type=talmud,,,,,,,,,,
Berurya,names,Bruriah,5,https://en.wikipedia.org/wiki/Bruriah,https://he.wikipedia.org/wiki/%D7%91%D7%A8%D7%95%D7%A8%D7%99%D7%94,Bruriah,ברוריה,https://chavrutai.com/search?q=Berurya&type=talmud,blog,Q469428,Haninah ben Teradion,,Chazal,,101,Israel,200,Syria Palaestina
Buni,names,,5,,,,,https://chavrutai.com/search?q=Buni&type=talmud,,,,,,,,,,
Burni,talmudToponyms,,2,,,,,https://chavrutai.com/search?q=Burni&type=talmud,,,,,,,,,,
Burnitz River,talmudToponyms,,1,,,,,https://chavrutai.com/search?q=Burnitz+River&type=talmud,,,,,,,,,,
burnt offering,concepts,Burnt offering (Judaism); burnt-offering,1714,https://en.wikipedia.org/wiki/Burnt_offering_(Judaism),https://he.wikipedia.org/wiki/%D7%A7%D7%95%D7%A8%D7%91%D7%9F_%D7%A2%D7%95%D7%9C%D7%94,Burnt offering (Judaism),קורבן עולה,https://chavrutai.com/search?q=burnt+offering&type=talmud,blog,Q14752873,,,,,,,,
Bursi,talmudToponyms,,2,,,,,https://chavrutai.com/search?q=Bursi&type=talmud,,,,,,,,,,
Bursif,talmudToponyms,,7,,,,,https://chavrutai.com/search?q=Bursif&type=talmud,,,,,,,,,,
butchers of Huzal,names,,1,,,,,https://chavrutai.com/search?q=butchers+of+Huzal&type=talmud,,,,,,,,,,
Caesar,names,Caesar (title),2,https://en.wikipedia.org/wiki/Caesar_(title),,Caesar (title),,https://chavrutai.com/search?q=Caesar&type=talmud,blog,Q188751,,,,,,,,
Caesarea,talmudToponyms,Caesarea Maritima,23,https://en.wikipedia.org/wiki/Caesarea_Maritima,https://he.wikipedia.org/wiki/%D7%A7%D7%99%D7%A1%D7%A8%D7%99%D7%94,Caesarea Maritima,קיסריה,https://chavrutai.com/search?q=Caesarea&type=talmud,blog,Q319242,,,,,,,,
Cain,biblicalNames,,8,https://en.wikipedia.org/wiki/Cain,https://he.wikipedia.org/wiki/%D7%A7%D7%99%D7%9F,Cain,קין,https://chavrutai.com/search?q=Cain&type=talmud,biblical_names_api_review:verified_exact_or_redirect,Q205365,Adam,,,,-3900,,-3200,
Caleb,biblicalNames,"Caleb, son of Jephunneh",24,https://en.wikipedia.org/wiki/Caleb,https://he.wikipedia.org/wiki/%D7%9B%D7%9C%D7%91_%D7%91%D7%9F_%D7%99%D7%A4%D7%95%D7%A0%D7%94,Caleb,כלב בן יפונה,https://chavrutai.com/search?q=Caleb&type=talmud,biblical_names_api_review:verified_exact_or_redirect,Q922184,,,,,-1484,,-1384,
Canaan,biblicalPlaces,,24,https://en.wikipedia.org/wiki/Canaan,https://he.wikipedia.org/wiki/%D7%9B%D7%A0%D7%A2%D7%9F,Canaan,כנען,https://chavrutai.com/search?q=Canaan&type=talmud,blog,Q163329,,,,,,,,
Canaanite,concepts,,68,,,,,https://chavrutai.com/search?q=Canaanite&type=talmud,,,,,,,,,,
Candelabrum,concepts,,80,https://en.wikipedia.org/wiki/Temple_menorah,https://he.wikipedia.org/wiki/%D7%94%D7%9E%D7%A0%D7%95%D7%A8%D7%94,,המנורה,https://chavrutai.com/search?q=Candelabrum&type=talmud,,Q170476,,,,,,,,
capital law,concepts,,69,,https://he.wikipedia.org/wiki/%D7%A2%D7%95%D7%A0%D7%A9_%D7%9E%D7%95%D7%95%D7%AA_%D7%91%D7%99%D7%94%D7%93%D7%95%D7%AA,,דיני נפשות,https://chavrutai.com/search?q=capital+law&type=talmud,,Q5035745,,,,,,,,
Cappadocia,talmudToponyms,,15,https://en.wikipedia.org/wiki/Cappadocia,https://he.wikipedia.org/wiki/%D7%A7%D7%A4%D7%93%D7%95%D7%A7%D7%99%D7%94,Cappadocia,קפדוקיה,https://chavrutai.com/search?q=Cappadocia&type=talmud,blog,Q217265,,,,,,,,
Carmanians,names,,2,,,,,https://chavrutai.com/search?q=Carmanians&type=talmud,,,,,,,,,,
Carmel,talmudToponyms,,7,,,,,https://chavrutai.com/search?q=Carmel&type=talmud,,,,,,,,,,
Carmi,talmudToponyms,,1,,,,,https://chavrutai.com/search?q=Carmi&type=talmud,,,,,,,,,,
Carthage,talmudToponyms,,5,https://en.wikipedia.org/wiki/Carthage,https://he.wikipedia.org/wiki/%D7%A7%D7%A8%D7%AA%D7%92%D7%95,Carthage,קרתגו,https://chavrutai.com/search?q=Carthage&type=talmud,blog,Q6343,,,,,,,,
Cave of Machpelah,talmudToponyms,,1,,,,,https://chavrutai.com/search?q=Cave+of+Machpelah&type=talmud,,,,,,,,,,
Cave of Pamyas,talmudToponyms,,7,,,,,https://chavrutai.com/search?q=Cave+of+Pamyas&type=talmud,,,,,,,,,,
Celebration of the Place of the Drawing,concepts,,6,,,,,https://chavrutai.com/search?q=Celebration+of+the+Place+of+the+Drawing&type=talmud,,,,,,,,,,
certain hooligans,names,,2,,,,,https://chavrutai.com/search?q=certain+hooligans&type=talmud,,,,,,,,,,
Certain porters,names,,2,,,,,https://chavrutai.com/search?q=Certain+porters&type=talmud,,,,,,,,,,
certain residents Bei Ḥarmakh,names,,1,,,,,https://chavrutai.com/search?q=certain+residents+Bei+%E1%B8%A4armakh&type=talmud,,,,,,,,,,
certain thieves,names,,1,,,,,https://chavrutai.com/search?q=certain+thieves&type=talmud,,,,,,,,,,
ḥaver,concepts,Chaber,94,https://en.wikipedia.org/wiki/Chaver_(title),https://he.wikipedia.org/wiki/%D7%97%D7%91%D7%A8_(%D7%94%D7%9C%D7%9B%D7%94),Chaver (title),חבר (הלכה),https://chavrutai.com/search?q=%E1%B8%A5aver&type=talmud,blog,Q16207634,,,,,,,,
the Chaldeans,names;talmudToponyms,Chaldea,8,https://en.wikipedia.org/wiki/Chaldea,https://he.wikipedia.org/wiki/%D7%9B%D7%A9%D7%93%D7%99%D7%9D,Chaldea,כשדים,https://chavrutai.com/search?q=the+Chaldeans&type=talmud,blog,Q200969,,,,,,,,
Chaldean,biblicalNations;concepts;names,Chaldea,6,https://en.wikipedia.org/wiki/Chaldea,https://he.wikipedia.org/wiki/%D7%9B%D7%A9%D7%93%D7%99%D7%9D,Chaldea,כשדים,https://chavrutai.com/search?q=Chaldean&type=talmud,blog,Q200969,,,,,,,,
"Chileab, son of David",biblicalNames,,1,https://en.wikipedia.org/wiki/Chileab,https://he.wikipedia.org/wiki/%D7%9B%D7%9C%D7%90%D7%91,Chileab,כלאב,https://chavrutai.com/search?q=Chileab%2C+son+of+David&type=talmud,biblical_names_api_review:no_exact_page; enwiki_api_exact,Q2418113,David,,,,-1010,Hebron,,
Cimolia,talmudToponyms,,0,,,,,https://chavrutai.com/search?q=Cimolia&type=talmud,,,,,,,,,,
cities overseas,talmudToponyms,,8,,,,,https://chavrutai.com/search?q=cities+overseas&type=talmud,,,,,,,,,,
city of Meḥasya,talmudToponyms,,1,,,,,https://chavrutai.com/search?q=city+of+Me%E1%B8%A5asya&type=talmud,,,,,,,,,,
city of Rome,talmudToponyms,,7,,,,,https://chavrutai.com/search?q=city+of+Rome&type=talmud,,,,,,,,,,
"Cleopatra, Queen of Alexandria",names,,1,,,,,https://chavrutai.com/search?q=Cleopatra%2C+Queen+of+Alexandria&type=talmud,,,,,,,,,,
"Cleopatra, the Greek queen",names,,1,,,,,https://chavrutai.com/search?q=Cleopatra%2C+the+Greek+queen&type=talmud,,,,,,,,,,
communal offering,concepts,,22,,,,,https://chavrutai.com/search?q=communal+offering&type=talmud,,,,,,,,,,
consecration,concepts,,194,,,,קדושה (דת),https://chavrutai.com/search?q=consecration&type=talmud,,,,,,,,,,
Coptic,biblicalNations,Coptic language,4,https://en.wikipedia.org/wiki/Coptic_language,https://he.wikipedia.org/wiki/%D7%A7%D7%95%D7%A4%D7%98%D7%99%D7%AA,Coptic language,קופטית,https://chavrutai.com/search?q=Coptic&type=talmud,blog,Q36155,,,,,,,,
court of the Hasmoneans,names,the court of the Hasmoneans,-,,,,,https://chavrutai.com/search?q=court+of+the+Hasmoneans&type=talmud,,,,,,,,,,
Cozbi,biblicalNames,,3,https://en.wikipedia.org/wiki/Cozbi,https://he.wikipedia.org/wiki/%D7%9B%D7%96%D7%91%D7%99_%D7%91%D7%AA_%D7%A6%D7%95%D7%A8,Cozbi,כזבי בת צור,https://chavrutai.com/search?q=Cozbi&type=talmud,biblical_names_api_review:verified_exact_or_redirect,Q1352758,,,,,,,,
splitting of the Red Sea,concepts,Crossing the Red Sea,5,https://en.wikipedia.org/wiki/Parting_of_the_Red_Sea,https://he.wikipedia.org/wiki/%D7%A7%D7%A8%D7%99%D7%A2%D7%AA_%D7%99%D7%9D_%D7%A1%D7%95%D7%A3,Parting of the Red Sea,קריעת ים סוף,https://chavrutai.com/search?q=splitting+of+the+Red+Sea&type=talmud,blog,Q1233823,,,,,,,,
Cushite,biblicalNations,Cush (Bible),16,https://en.wikipedia.org/wiki/Cush_(Bible),https://he.wikipedia.org/wiki/%D7%9B%D7%95%D7%A9_%D7%91%D7%9F_%D7%97%D7%9D,Cush (Bible),כוש בן חם,https://chavrutai.com/search?q=Cushite&type=talmud,blog,Q1138595,Ham,,,,,,,
Cushan-rishathaim,biblicalNames,,2,https://en.wikipedia.org/wiki/Cushan-rishathaim,https://he.wikipedia.org/wiki/%D7%9B%D7%95%D7%A9%D7%9F_%D7%A8%D7%A9%D7%A2%D7%AA%D7%99%D7%9D,Cushan-rishathaim,כושן רשעתים,https://chavrutai.com/search?q=Cushan-rishathaim&type=talmud,biblical_names_api_review:verified_exact_or_redirect,Q5118345,,,,,,,,
Cyprus,talmudToponyms,,3,,,,,https://chavrutai.com/search?q=Cyprus&type=talmud,,,,,,,,,,
Cyrus,biblicalNames,,7,https://en.wikipedia.org/wiki/Cyrus,,Cyrus,,https://chavrutai.com/search?q=Cyrus&type=talmud,biblical_names_api_review:verified_exact_or_redirect,Q10861063,,,,,,,,
D’vil,talmudToponyms,,2,,,,,https://chavrutai.com/search?q=D%E2%80%99vil&type=talmud,,,,,,,,,,
daily afternoon offering,concepts,,22,,,,,https://chavrutai.com/search?q=daily+afternoon+offering&type=talmud,,,,,,,,,,
daily morning offering,concepts,,30,,,,,https://chavrutai.com/search?q=daily+morning+offering&type=talmud,,,,,,,,,,
Dama,names,,1,,,,,https://chavrutai.com/search?q=Dama&type=talmud,,,,,,,,,,
Dama ben Netina,names,,3,,,,,https://chavrutai.com/search?q=Dama+ben+Netina&type=talmud,,,,,,,,,,
Damascus,talmudToponyms,,2,https://en.wikipedia.org/wiki/Damascus,https://he.wikipedia.org/wiki/%D7%93%D7%9E%D7%A9%D7%A7,Damascus,דמשק,https://chavrutai.com/search?q=Damascus&type=talmud,blog,Q3766,,,,,,,,
Damḥarya,talmudToponyms,,3,,,,,https://chavrutai.com/search?q=Dam%E1%B8%A5arya&type=talmud,,,,,,,,,,
Damihareya,talmudToponyms,,1,,,,,https://chavrutai.com/search?q=Damihareya&type=talmud,,,,,,,,,,
Leshem,talmudToponyms,Dan (ancient city),3,https://en.wikipedia.org/wiki/Dan_(ancient_city)#Laish/Leshem,https://he.wikipedia.org/wiki/%D7%AA%D7%9C_%D7%93%D7%9F,Dan (ancient city),תל דן,https://chavrutai.com/search?q=Leshem&type=talmud,blog,Q1346856,,,,,,,,
Dan,talmudToponyms,Dan (son of Jacob),22,https://en.wikipedia.org/wiki/Dan_(son_of_Jacob),https://he.wikipedia.org/wiki/%D7%93%D7%9F,Dan (son of Jacob),דן,https://chavrutai.com/search?q=Dan&type=talmud,blog,Q550869,Jacob,,,,,Haran,,Egypt
Daniel,biblicalNames,,47,https://en.wikipedia.org/wiki/Daniel_(biblical_figure),https://he.wikipedia.org/wiki/%D7%93%D7%A0%D7%99%D7%90%D7%9C,Daniel (biblical figure),דניאל,https://chavrutai.com/search?q=Daniel&type=talmud,biblical_names_api_review:disambiguation_only; manual_biblical_top30,Q171724,,,,,-700,Jerusalem,-600,Babylon
Daniel’s synagogue,talmudToponyms,,1,,,,,https://chavrutai.com/search?q=Daniel%E2%80%99s+synagogue&type=talmud,,,,,,,,,,
Dankhu,names,,-,,,,,https://chavrutai.com/search?q=Dankhu&type=talmud,,,,,,,,,,
Danna’ai,names,,1,,,,,https://chavrutai.com/search?q=Danna%E2%80%99ai&type=talmud,,,,,,,,,,
Dannak River,talmudToponyms,,1,,,,,https://chavrutai.com/search?q=Dannak+River&type=talmud,,,,,,,,,,
Dari,names,,1,,,,,https://chavrutai.com/search?q=Dari&type=talmud,,,,,,,,,,
Darius,biblicalNames,,6,https://en.wikipedia.org/wiki/Darius_the_Great,https://he.wikipedia.org/wiki/%D7%93%D7%A8%D7%99%D7%95%D7%95%D7%A9_%D7%94%D7%A8%D7%90%D7%A9%D7%95%D7%9F,Darius the Great,דריווש הראשון,https://chavrutai.com/search?q=Darius&type=talmud,biblical_names_api_review:disambiguation_only; manual_biblical_top30,Q44387,Hystaspes,,,,-550,,-486; -486-11,
Darshish,talmudToponyms,,1,,,,,https://chavrutai.com/search?q=Darshish&type=talmud,,,,,,,,,,
Daru,names,,4,,,,,https://chavrutai.com/search?q=Daru&type=talmud,,,,,,,,,,
Daru bar Pappa,names,,2,,,,,https://chavrutai.com/search?q=Daru+bar+Pappa&type=talmud,,,,,,,,,,
Darumata,talmudToponyms,,1,,,,,https://chavrutai.com/search?q=Darumata&type=talmud,,,,,,,,,,
Dathan,biblicalNames,,1,https://en.wikipedia.org/wiki/Dathan,https://he.wikipedia.org/wiki/%D7%93%D7%AA%D7%9F,Dathan,דתן,https://chavrutai.com/search?q=Dathan&type=talmud,biblical_names_api_review:verified_exact_or_redirect,Q12405918,,,,,,,,
Daughter of Ḥakhinai,names,,2,,,,,https://chavrutai.com/search?q=Daughter+of+%E1%B8%A4akhinai&type=talmud,,,,,,,,,,
daughter of Nakdimon ben Guryon,names,,2,,,,,https://chavrutai.com/search?q=daughter+of+Nakdimon+ben+Guryon&type=talmud,,,,,,,,,,
daughter-in-law of Rabbi Oshaya,names,,1,,,,,https://chavrutai.com/search?q=daughter-in-law+of+Rabbi+Oshaya&type=talmud,,,,,,,,,,
daughter-in-law of the house of the son of Elyashiv,names,,1,,,,,https://chavrutai.com/search?q=daughter-in-law+of+the+house+of+the+son+of+Elyashiv&type=talmud,,,,,,,,,,
Zelophehad,biblicalNames,Daughters of Zelophehad,23,https://en.wikipedia.org/wiki/Daughters_of_Zelophehad,https://he.wikipedia.org/wiki/%D7%91%D7%A0%D7%95%D7%AA_%D7%A6%D7%9C%D7%A4%D7%97%D7%93,Daughters of Zelophehad,בנות צלפחד,https://chavrutai.com/search?q=Zelophehad&type=talmud,biblical_names_api_review:verified_exact_or_redirect,Q27587063,,,,,,,,
David,biblicalNames,"David, son of Yishai; King David",327,https://en.wikipedia.org/wiki/David,https://he.wikipedia.org/wiki/%D7%93%D7%95%D7%93,David,דוד,https://chavrutai.com/search?q=David&type=talmud,biblical_names_api_review:verified_exact_or_redirect,Q41370,Jesse,Samuel,,Ahijah the Shilonite,-1040; -1039; -907,Bethlehem,-969; -961,Jerusalem
De’iskarta,talmudToponyms,,1,,,,,https://chavrutai.com/search?q=De%E2%80%99iskarta&type=talmud,,,,,,,,,,
Dead Sea,talmudToponyms,,26,https://en.wikipedia.org/wiki/Dead_Sea#Names,https://he.wikipedia.org/wiki/%D7%99%D7%9D_%D7%94%D7%9E%D7%9C%D7%97,Dead Sea,ים המלח,https://chavrutai.com/search?q=Dead+Sea&type=talmud,blog+en_langlink_he,Q23883,,,,,,,,
Angel of Death,names,Death (personification); the Angel of Death,1,https://en.wikipedia.org/wiki/Personifications_of_death,https://he.wikipedia.org/wiki/%D7%94%D7%90%D7%A0%D7%A9%D7%94_%D7%A9%D7%9C_%D7%94%D7%9E%D7%95%D7%95%D7%AA,Personifications of death,האנשה של המוות,https://chavrutai.com/search?q=Angel+of+Death&type=talmud,blog,Q161936,,,,,,,,
Deborah,biblicalNames,,2,https://en.wikipedia.org/wiki/Deborah,https://he.wikipedia.org/wiki/%D7%93%D7%91%D7%95%D7%A8%D7%94_%D7%94%D7%A0%D7%91%D7%99%D7%90%D7%94,Deborah,דבורה הנביאה,https://chavrutai.com/search?q=Deborah&type=talmud,biblical_names_api_review:verified_exact_or_redirect,Q213633,,,,,-1204,Ramah in Benjamin,-1144,
Delilah,biblicalNames,,4,https://en.wikipedia.org/wiki/Delilah,https://he.wikipedia.org/wiki/%D7%93%D7%9C%D7%99%D7%9C%D7%94,Delilah,דלילה,https://chavrutai.com/search?q=Delilah&type=talmud,biblical_names_api_review:verified_exact_or_redirect,Q937827,,,,,-1100,,-1100,
Derokera,talmudToponyms,,0,,,,,https://chavrutai.com/search?q=Derokera&type=talmud,,,,,,,,,,
descendant of Noah,biblicalNames,,23,https://en.wikipedia.org/wiki/Noah,https://he.wikipedia.org/wiki/%D7%A0%D7%97,Noah,נח,https://chavrutai.com/search?q=descendant+of+Noah&type=talmud,biblical_names_api_review:no_exact_page; manual_biblical_top30,Q81422,Lamech,,,,-2948; -2706; -3847,Mesopotamia,-1998; -1756; -2897,
"descendants of Joab, son of Zeruiah",names,"the descendants of Joab, son of Zeruiah",1,,,,,https://chavrutai.com/search?q=descendants+of+Joab%2C+son+of+Zeruiah&type=talmud,,,,,,,,,,
desert of Gaza,talmudToponyms,,1,,,,,https://chavrutai.com/search?q=desert+of+Gaza&type=talmud,,,,,,,,,,
destruction of Jerusalem,concepts,,2,,,,,https://chavrutai.com/search?q=destruction+of+Jerusalem&type=talmud,,,,,,,,,,
Destruction of the Temple,concepts,,8,,,,,https://chavrutai.com/search?q=Destruction+of+the+Temple&type=talmud,,,,,,,,,,
Deyomset,talmudToponyms,,3,,,,,https://chavrutai.com/search?q=Deyomset&type=talmud,,,,,,,,,,
Diaspora,talmudToponyms,,29,,https://he.wikipedia.org/wiki/%D7%A4%D7%96%D7%95%D7%A8%D7%94,,פזורה,https://chavrutai.com/search?q=Diaspora&type=talmud,,Q133004,,,,,,,,
Difti,talmudToponyms,,80,,,,,https://chavrutai.com/search?q=Difti&type=talmud,,,,,,,,,,
Diglat,talmudToponyms,,1,,,,,https://chavrutai.com/search?q=Diglat&type=talmud,,,,,,,,,,
Dihavat,talmudToponyms,,2,,,,,https://chavrutai.com/search?q=Dihavat&type=talmud,,,,,,,,,,
Dimhorya,talmudToponyms,,2,,,,,https://chavrutai.com/search?q=Dimhorya&type=talmud,,,,,,,,,,
Rav Dimi,names,Dimi (rabbi),207,https://en.wikipedia.org/wiki/Dimi_(rabbi),https://he.wikipedia.org/wiki/%D7%A8%D7%91_%D7%93%D7%99%D7%9E%D7%99,Dimi (rabbi),רב דימי,https://chavrutai.com/search?q=Rav+Dimi&type=talmud,blog; manual_top_count_review_20260307,Q6715844,,,,,,Roman Palestine,,Babylon
Dimi bar Kakuzta,names,,1,,,,,https://chavrutai.com/search?q=Dimi+bar+Kakuzta&type=talmud,,,,,,,,,,
"Dina, the daughter of Jacob",biblicalNames,,1,https://en.wikipedia.org/wiki/Dina,,Dina,,https://chavrutai.com/search?q=Dina%2C+the+daughter+of+Jacob&type=talmud,biblical_names_api_review:no_exact_page; enwiki_api_exact,Q905581,,,,,,,,
dinarius,concepts,,0,,,,,https://chavrutai.com/search?q=dinarius&type=talmud,,,,,,,,,,
Diskarta,talmudToponyms,,8,,,,,https://chavrutai.com/search?q=Diskarta&type=talmud,,,,,,,,,,
diverse kinds,concepts,,213,https://en.wikipedia.org/wiki/Kil'ayim_(prohibition),https://he.wikipedia.org/wiki/%D7%9B%D7%9C%D7%90%D7%99%D7%99%D7%9D,Kil'ayim (prohibition),כלאיים,https://chavrutai.com/search?q=diverse+kinds&type=talmud,manual_concepts_top_missing_he_pass2,Q6406474,,,,,,,,
Divine Presence,concepts,,178,https://en.wikipedia.org/wiki/Shekhinah,https://he.wikipedia.org/wiki/%D7%A9%D7%9B%D7%99%D7%A0%D7%94,Shekhinah,שכינה,https://chavrutai.com/search?q=Divine+Presence&type=talmud,manual_concepts_top_missing_he_pass2,Q942141,,,,,,,,
Dubiel,names,Dobiel,1,https://en.wikipedia.org/wiki/Dobiel,,Dobiel,,https://chavrutai.com/search?q=Dubiel&type=talmud,blog,Q5286594,,,,,,,,
Doeg,biblicalNames,,27,https://en.wikipedia.org/wiki/Doeg_the_Edomite,https://he.wikipedia.org/wiki/%D7%93%D7%95%D7%90%D7%92_%D7%94%D7%90%D7%93%D7%95%D7%9E%D7%99,Doeg the Edomite,דואג האדומי,https://chavrutai.com/search?q=Doeg&type=talmud,biblical_names_api_review:disambiguation_only; manual_biblical_top30,Q1234538,,,,,,,,
Doeg ben Yosef,names,,1,,,,,https://chavrutai.com/search?q=Doeg+ben+Yosef&type=talmud,,,,,,,,,,
Doeg the Edomite,biblicalNames,,6,https://en.wikipedia.org/wiki/Doeg_the_Edomite,https://he.wikipedia.org/wiki/%D7%93%D7%95%D7%90%D7%92_%D7%94%D7%90%D7%93%D7%95%D7%9E%D7%99,Doeg the Edomite,דואג האדומי,https://chavrutai.com/search?q=Doeg+the+Edomite&type=talmud,biblical_names_api_review:verified_exact_or_redirect,Q1234538,,,,,,,,
Domakya,talmudToponyms,,1,,,,,https://chavrutai.com/search?q=Domakya&type=talmud,,,,,,,,,,
Donag,names,,1,,,,,https://chavrutai.com/search?q=Donag&type=talmud,,,,,,,,,,
Dorenunita,names,,1,,,,,https://chavrutai.com/search?q=Dorenunita&type=talmud,,,,,,,,,,
"Dostai, father of Rabbi Aptoriki",names,,1,,,,,https://chavrutai.com/search?q=Dostai%2C+father+of+Rabbi+Aptoriki&type=talmud,,,,,,,,,,
ḥalla,concepts,Dough offering,180,https://en.wikipedia.org/wiki/Dough_offering,https://he.wikipedia.org/wiki/%D7%97%D7%9C%D7%94_(%D7%9E%D7%AA%D7%A0%D7%95%D7%AA_%D7%9B%D7%94%D7%95%D7%A0%D7%94),Dough offering,חלה (מתנות כהונה),https://chavrutai.com/search?q=%E1%B8%A5alla&type=talmud,blog,Q5301085,,,,,,,,
libations,concepts,Drink offering,287,https://en.wikipedia.org/wiki/Drink_offering,https://he.wikipedia.org/wiki/%D7%A0%D7%A1%D7%9B%D7%99%D7%9D_(%D7%A7%D7%95%D7%A8%D7%91%D7%9F),Drink offering,נסכים (קורבן),https://chavrutai.com/search?q=libations&type=talmud,blog,Q5307706,,,,,,,,
Drokart,talmudToponyms,,2,,,,,https://chavrutai.com/search?q=Drokart&type=talmud,,,,,,,,,,
"Dubiel, the ministering angel of the Persians",names,,1,,,,,https://chavrutai.com/search?q=Dubiel%2C+the+ministering+angel+of+the+Persians&type=talmud,,,,,,,,,,
Dukeret,talmudToponyms,,1,,,,,https://chavrutai.com/search?q=Dukeret&type=talmud,,,,,,,,,,
Duma,names,Dumah (angel),4,https://en.wikipedia.org/wiki/Dumah_(angel),https://he.wikipedia.org/wiki/%D7%93%D7%95%D7%9E%D7%94_(%D7%9E%D7%9C%D7%90%D7%9A),Dumah (angel),דומה (מלאך),https://chavrutai.com/search?q=Duma&type=talmud,blog,Q1999906,,,,,,,,
Dumsekanin,talmudToponyms,,1,,,,,https://chavrutai.com/search?q=Dumsekanin&type=talmud,,,,,,,,,,
Dura,talmudToponyms,,9,,,,,https://chavrutai.com/search?q=Dura&type=talmud,,,,,,,,,,
Dura that was founded by shepherds,talmudToponyms,,0,,,,,https://chavrutai.com/search?q=Dura+that+was+founded+by+shepherds&type=talmud,,,,,,,,,,
Dura Valley,talmudToponyms,,5,,,,,https://chavrutai.com/search?q=Dura+Valley&type=talmud,,,,,,,,,,
Eber,biblicalNames,,4,https://en.wikipedia.org/wiki/Eber,https://he.wikipedia.org/wiki/%D7%A2%D7%91%D7%A8_(%D7%93%D7%9E%D7%95%D7%AA_%D7%9E%D7%A7%D7%A8%D7%90%D7%99%D7%AA),Eber,עבר (דמות מקראית),https://chavrutai.com/search?q=Eber&type=talmud,biblical_names_api_review:verified_exact_or_redirect,Q502282,Salah,,,,-2038,Ur,-1574,
Ebiathar,biblicalNames,,2,,,,,https://chavrutai.com/search?q=Ebiathar&type=talmud,biblical_names_api_review:no_exact_page,,,,,,,,,
Eden,biblicalPlaces,,32,,,,,https://chavrutai.com/search?q=Eden&type=talmud,,,,,,,,,,
Edom,biblicalNations;talmudToponyms,,12,https://en.wikipedia.org/wiki/Edom#Hebrew_Bible,https://he.wikipedia.org/wiki/%D7%90%D7%93%D7%95%D7%9D_(%D7%A2%D7%9D),Edom,אדום (עם),https://chavrutai.com/search?q=Edom&type=talmud,blog,Q208475,,,,,,,,
Edomite,biblicalNations,,19,,,,,https://chavrutai.com/search?q=Edomite&type=talmud,,,,,,,,,,
"Efrayim Miksha’a, a student of Rabbi Meir",names,,-,,,,,https://chavrutai.com/search?q=Efrayim+Miksha%E2%80%99a%2C+a+student+of+Rabbi+Meir&type=talmud,,,,,,,,,,
"Efrayim Miksha’a, disciple of Rabbi Meir",names,,-,,,,,https://chavrutai.com/search?q=Efrayim+Miksha%E2%80%99a%2C+disciple+of+Rabbi+Meir&type=talmud,,,,,,,,,,
"Efrayim the scribe, a student of Reish Lakish",names,,1,,,,,https://chavrutai.com/search?q=Efrayim+the+scribe%2C+a+student+of+Reish+Lakish&type=talmud,,,,,,,,,,
Eglon,biblicalNames,,4,,,Eglon,,https://chavrutai.com/search?q=Eglon&type=talmud,biblical_names_api_review:disambiguation_only,,,,,,,,,
"Eglon, king of Moab",biblicalNames,,2,,,,,https://chavrutai.com/search?q=Eglon%2C+king+of+Moab&type=talmud,biblical_names_api_review:no_exact_page,,,,,,,,,
"Eglon, son of Balak",biblicalNames,,1,,,,,https://chavrutai.com/search?q=Eglon%2C+son+of+Balak&type=talmud,biblical_names_api_review:no_exact_page,,,,,,,,,
"Eglon, son of the son of Balak, king of Moab",biblicalNames,,1,,,,,https://chavrutai.com/search?q=Eglon%2C+son+of+the+son+of+Balak%2C+king+of+Moab&type=talmud,biblical_names_api_review:no_exact_page,,,,,,,,,
Egyptian,biblicalNations,,97,,,,,https://chavrutai.com/search?q=Egyptian&type=talmud,,,,,,,,,,
Eifa,names,,5,,,,,https://chavrutai.com/search?q=Eifa&type=talmud,,,,,,,,,,
"Eifa and Avimi, the sons of Raḥava",names,,1,,,,,https://chavrutai.com/search?q=Eifa+and+Avimi%2C+the+sons+of+Ra%E1%B8%A5ava&type=talmud,,,,,,,,,,
Eilam,talmudToponyms,,6,,,,,https://chavrutai.com/search?q=Eilam&type=talmud,,,,,,,,,,
Eilamitic,biblicalNations,,1,,,,,https://chavrutai.com/search?q=Eilamitic&type=talmud,,,,,,,,,,
Eilat,talmudToponyms,,2,,,,,https://chavrutai.com/search?q=Eilat&type=talmud,,,,,,,,,,
Ein Bul,talmudToponyms,,1,,,,,https://chavrutai.com/search?q=Ein+Bul&type=talmud,,,,,,,,,,
Ein Eitam,talmudToponyms,,2,,,,,https://chavrutai.com/search?q=Ein+Eitam&type=talmud,,,,,,,,,,
Ein Gedi,talmudToponyms,,1,https://en.wikipedia.org/wiki/Ein_Gedi,https://he.wikipedia.org/wiki/%D7%A2%D7%99%D7%9F_%D7%92%D7%93%D7%99,Ein Gedi,עין גדי,https://chavrutai.com/search?q=Ein+Gedi&type=talmud,blog,Q1195084,,,,,,,,
Ein Kushi,talmudToponyms,,1,,,,,https://chavrutai.com/search?q=Ein+Kushi&type=talmud,,,,,,,,,,
Ein Tav,talmudToponyms,,1,,,,,https://chavrutai.com/search?q=Ein+Tav&type=talmud,,,,,,,,,,
Eina Demayim,talmudToponyms,,2,,,,,https://chavrutai.com/search?q=Eina+Demayim&type=talmud,,,,,,,,,,
Eina the Elder,names,,2,,,,,https://chavrutai.com/search?q=Eina+the+Elder&type=talmud,,,,,,,,,,
Eitan River,talmudToponyms,,1,,,,,https://chavrutai.com/search?q=Eitan+River&type=talmud,,,,,,,,,,
Ekron,talmudToponyms,,1,https://en.wikipedia.org/wiki/Ekron,https://he.wikipedia.org/wiki/%D7%A2%D7%A7%D7%A8%D7%95%D7%9F_(%D7%A2%D7%99%D7%A8_%D7%9E%D7%A7%D7%A8%D7%90%D7%99%D7%AA),Ekron,עקרון (עיר מקראית),https://chavrutai.com/search?q=Ekron&type=talmud,blog,Q1323557,,,,,,,,
Elamite,biblicalNations,,2,,,,,https://chavrutai.com/search?q=Elamite&type=talmud,,,,,,,,,,
Elazar ben Arakh,names,,1,,,,,https://chavrutai.com/search?q=Elazar+ben+Arakh&type=talmud,,,,,,,,,,
Elazar ben Durdayya,names,,1,,,,,https://chavrutai.com/search?q=Elazar+ben+Durdayya&type=talmud,,,,,,,,,,
Elazar ben Ḥanokh,names,,1,,,,,https://chavrutai.com/search?q=Elazar+ben+%E1%B8%A4anokh&type=talmud,,,,,,,,,,
Elazar ben Mahavai,names,,2,,,,,https://chavrutai.com/search?q=Elazar+ben+Mahavai&type=talmud,,,,,,,,,,
Elazar ben Matya,names,,1,,,,,https://chavrutai.com/search?q=Elazar+ben+Matya&type=talmud,,,,,,,,,,
Elazar ben Mehavai,names,,-,,,,,https://chavrutai.com/search?q=Elazar+ben+Mehavai&type=talmud,,,,,,,,,,
Elazar ben Pineḥas,names,,1,,,,,https://chavrutai.com/search?q=Elazar+ben+Pine%E1%B8%A5as&type=talmud,,,,,,,,,,
Elazar ben Po’ira,names,,-,,,,,https://chavrutai.com/search?q=Elazar+ben+Po%E2%80%99ira&type=talmud,,,,,,,,,,
Elazar ben Yehuda of Aveilum,names,,-,,,,,https://chavrutai.com/search?q=Elazar+ben+Yehuda+of+Aveilum&type=talmud,,,,,,,,,,
Elazar ben Yehuda of Avelim,names,,1,,,,,https://chavrutai.com/search?q=Elazar+ben+Yehuda+of+Avelim&type=talmud,,,,,,,,,,
Elazar of Birta,names,,1,,,,,https://chavrutai.com/search?q=Elazar+of+Birta&type=talmud,,,,,,,,,,
Elazar the scribe,names,,1,,,,,https://chavrutai.com/search?q=Elazar+the+scribe&type=talmud,,,,,,,,,,
Eldad and Medad,biblicalNames,,3,https://en.wikipedia.org/wiki/Eldad_and_Medad,https://he.wikipedia.org/wiki/%D7%90%D7%9C%D7%93%D7%93_%D7%95%D7%9E%D7%99%D7%93%D7%93,Eldad and Medad,אלדד ומידד,https://chavrutai.com/search?q=Eldad+and+Medad&type=talmud,biblical_names_api_review:verified_exact_or_redirect,Q2903908,,,,,,,,
Elders of Beit Hillel,names,the Elders of Beit Hillel,-,,,,,https://chavrutai.com/search?q=Elders+of+Beit+Hillel&type=talmud,,,,,,,,,,
Elders of Beit Shammai,names,the elders of Beit Shammai,-,,,,,https://chavrutai.com/search?q=Elders+of+Beit+Shammai&type=talmud,,,,,,,,,,
Elders of Hagronya,names,,1,,,,,https://chavrutai.com/search?q=Elders+of+Hagronya&type=talmud,,,,,,,,,,
Elders of Jerusalem,names,,1,,,,,https://chavrutai.com/search?q=Elders+of+Jerusalem&type=talmud,,,,,,,,,,
Elders of Nezonya,names,,1,,,,,https://chavrutai.com/search?q=Elders+of+Nezonya&type=talmud,,,,,,,,,,
Elders of Pumbedita,names,The elders of Pumbedita,-,,,,,https://chavrutai.com/search?q=Elders+of+Pumbedita&type=talmud,,,,,,,,,,
Elders of Sura,names,,1,,,,,https://chavrutai.com/search?q=Elders+of+Sura&type=talmud,,,,,,,,,,
Eli,biblicalNames,,16,https://en.wikipedia.org/wiki/Eli_(biblical_figure),https://he.wikipedia.org/wiki/%D7%A2%D7%9C%D7%99_%D7%94%D7%9B%D7%94%D7%9F,Eli (biblical figure),עלי הכהן,https://chavrutai.com/search?q=Eli&type=talmud,biblical_names_api_review:disambiguation_only; manual_biblical_top30,Q362021,,Phinehas,,Samuel,,,,
Eliezer ben Dinai,names,,1,,,,,https://chavrutai.com/search?q=Eliezer+ben+Dinai&type=talmud,,,,,,,,,,
Eliezer ben Yehuda of Evlayim,names,,1,,,,,https://chavrutai.com/search?q=Eliezer+ben+Yehuda+of+Evlayim&type=talmud,,,,,,,,,,
Eliezer of Biriyya,names,,1,,,,,https://chavrutai.com/search?q=Eliezer+of+Biriyya&type=talmud,,,,,,,,,,
Eliezer Ze’eira,names,,1,,,,,https://chavrutai.com/search?q=Eliezer+Ze%E2%80%99eira&type=talmud,,,,,,,,,,
"Eliezer, servant of Abraham",biblicalNames,,5,https://en.wikipedia.org/wiki/Eliezer,,Eliezer,,https://chavrutai.com/search?q=Eliezer%2C+servant+of+Abraham&type=talmud,biblical_names_api_review:no_exact_page; enwiki_api_exact,Q26885680,,,,,,,,
"Eliezer, the servant of Abraham",biblicalNames,,1,https://en.wikipedia.org/wiki/Eliezer,,Eliezer,,https://chavrutai.com/search?q=Eliezer%2C+the+servant+of+Abraham&type=talmud,biblical_names_api_review:no_exact_page; enwiki_api_exact,Q26885680,,,,,,,,
Elihu ben Barachel,biblicalNames,,2,,,,,https://chavrutai.com/search?q=Elihu+ben+Barachel&type=talmud,biblical_names_api_review:no_exact_page,,,,,,,,,
Elihu ben Barachel the Buzite,biblicalNames,,1,https://en.wikipedia.org/wiki/Elihu,,Elihu,,https://chavrutai.com/search?q=Elihu+ben+Barachel+the+Buzite&type=talmud,biblical_names_api_review:no_exact_page; enwiki_api_exact,Q5360838,,,,,,,,
"Elihu, son of Barachel, the Buzite",biblicalNames,,1,https://en.wikipedia.org/wiki/Elihu,,Elihu,,https://chavrutai.com/search?q=Elihu%2C+son+of+Barachel%2C+the+Buzite&type=talmud,biblical_names_api_review:no_exact_page; enwiki_api_exact,Q5360838,,,,,,,,
Elijah,names,,115,https://en.wikipedia.org/wiki/Elijah,https://he.wikipedia.org/wiki/%D7%90%D7%9C%D7%99%D7%94%D7%95,Elijah,אליהו,https://chavrutai.com/search?q=Elijah&type=talmud,blog,Q133507,,Ahijah the Shilonite,,Elisha,-904,Tishbe,-850,Jericho
Elimelech,biblicalNames,,2,https://en.wikipedia.org/wiki/Elimelech,https://he.wikipedia.org/wiki/%D7%90%D7%9C%D7%99%D7%9E%D7%9C%D7%9A,Elimelech,אלימלך,https://chavrutai.com/search?q=Elimelech&type=talmud,biblical_names_api_review:verified_exact_or_redirect,Q363660,Nahshon,,,,,,,
Eliphaz the Temanite,biblicalNames,Eliphaz (Job),2,https://en.wikipedia.org/wiki/Eliphaz_(Job),,Eliphaz (Job),,https://chavrutai.com/search?q=Eliphaz+the+Temanite&type=talmud,biblical_names_api_review:verified_exact_or_redirect,Q3781157,,,,,-1600,,-1600,
"Eliphaz, son of Esau",biblicalNames,,1,https://en.wikipedia.org/wiki/Eliphaz,https://he.wikipedia.org/wiki/%D7%90%D7%9C%D7%99%D7%A4%D7%96_%D7%91%D7%9F_%D7%A2%D7%A9%D7%95,Eliphaz,אליפז בן עשו,https://chavrutai.com/search?q=Eliphaz%2C+son+of+Esau&type=talmud,biblical_names_api_review:no_exact_page; enwiki_api_exact,Q2899130,Esau,,,,,,,
Elisha,biblicalNames,,50,https://en.wikipedia.org/wiki/Elisha,https://he.wikipedia.org/wiki/%D7%90%D7%9C%D7%99%D7%A9%D7%A2,Elisha,אלישע,https://chavrutai.com/search?q=Elisha&type=talmud,biblical_names_api_review:verified_exact_or_redirect,Q206238,Shaphat,Elijah,,,-885,Abel-meholah,-790,Samaria
Elisha ben Avuya,names,,2,,,,,https://chavrutai.com/search?q=Elisha+ben+Avuya&type=talmud,,,,,,,,,,
"Elisha, Man of Wings",names,,4,,,,,https://chavrutai.com/search?q=Elisha%2C+Man+of+Wings&type=talmud,,,,,,,,,,
Elishama ben Pikai,names,,1,,,,,https://chavrutai.com/search?q=Elishama+ben+Pikai&type=talmud,,,,,,,,,,
Elisheva,biblicalNames,Elisheba,1,https://en.wikipedia.org/wiki/Elisheba,https://he.wikipedia.org/wiki/%D7%90%D7%9C%D7%99%D7%A9%D7%91%D7%A2_%D7%91%D7%AA_%D7%A2%D7%9E%D7%99%D7%A0%D7%93%D7%91,Elisheba,אלישבע בת עמינדב,https://chavrutai.com/search?q=Elisheva&type=talmud,biblical_names_api_review:verified_exact_or_redirect,Q2916801,Amminadab,,,,,,,
Emaum,talmudToponyms,,1,,,,,https://chavrutai.com/search?q=Emaum&type=talmud,,,,,,,,,,
Emma’um,talmudToponyms,,1,,,,,https://chavrutai.com/search?q=Emma%E2%80%99um&type=talmud,,,,,,,,,,
Emmaus,talmudToponyms,,1,https://en.wikipedia.org/wiki/Emmaus,https://he.wikipedia.org/wiki/%D7%90%D7%9E%D7%90%D7%95%D7%A1,Emmaus,אמאוס,https://chavrutai.com/search?q=Emmaus&type=talmud,blog,Q165887,,,,,,,,
emperor Hadrian,names,,1,,,,,https://chavrutai.com/search?q=emperor+Hadrian&type=talmud,,,,,,,,,,
Enaim,biblicalPlaces,,0,,,,,https://chavrutai.com/search?q=Enaim&type=talmud,,,,,,,,,,
Ephron,biblicalNames,,2,https://en.wikipedia.org/wiki/Ephron,,Ephron,,https://chavrutai.com/search?q=Ephron&type=talmud,biblical_names_api_review:verified_exact_or_redirect,Q21494337,,,,,,,,
Er,biblicalNames,,10,https://en.wikipedia.org/wiki/Er_(biblical_person),https://he.wikipedia.org/wiki/%D7%A2%D7%A8,Er (biblical person),ער,https://chavrutai.com/search?q=Er&type=talmud,biblical_names_api_review:disambiguation_only; manual_biblical_top30,Q1347943,Judah,,,,,Canaan,,
Er and Onan,biblicalNames,,8,https://en.wikipedia.org/wiki/Onan,https://he.wikipedia.org/wiki/%D7%90%D7%95%D7%A0%D7%9F_(%D7%93%D7%9E%D7%95%D7%AA_%D7%9E%D7%A7%D7%A8%D7%90%D7%99%D7%AA),Onan,אונן (דמות מקראית),https://chavrutai.com/search?q=Er+and+Onan&type=talmud,biblical_names_api_review:no_exact_page; manual_biblical_top30,Q661074,Judah,,,,,,,
Esau,biblicalNames,,26,https://en.wikipedia.org/wiki/Esau,https://he.wikipedia.org/wiki/%D7%A2%D7%A9%D7%95,Esau,עשו,https://chavrutai.com/search?q=Esau&type=talmud,biblical_names_api_review:verified_exact_or_redirect,Q220822,Isaac,,,,-1753,Canaan,-1606,Cavern of the Patriarchs
Eshel River,talmudToponyms,,1,,,,,https://chavrutai.com/search?q=Eshel+River&type=talmud,,,,,,,,,,
Eshtaol,biblicalPlaces,,1,https://en.wikipedia.org/wiki/Eshtaol#Hebrew_Bible,https://he.wikipedia.org/wiki/%D7%90%D7%A9%D7%AA%D7%90%D7%95%D7%9C,Eshtaol,אשתאול,https://chavrutai.com/search?q=Eshtaol&type=talmud,blog,Q3593,,,,,,,,
Esther,biblicalNames,,47,https://en.wikipedia.org/wiki/Esther,https://he.wikipedia.org/wiki/%D7%90%D7%A1%D7%AA%D7%A8,Esther,אסתר,https://chavrutai.com/search?q=Esther&type=talmud,biblical_names_api_review:verified_exact_or_redirect,Q732413,Abihail,,,,-600,Achaemenid Empire,-500,Achaemenid Empire
Euphrates,talmudToponyms,,32,https://en.wikipedia.org/wiki/Euphrates#Etymology,https://he.wikipedia.org/wiki/%D7%A4%D7%A8%D7%AA,Euphrates,פרת,https://chavrutai.com/search?q=Euphrates&type=talmud,blog,Q34589,,,,,,,,
Euphrates River,talmudToponyms,,4,,,,,https://chavrutai.com/search?q=Euphrates+River&type=talmud,,,,,,,,,,
Evil eye,concepts,,15,https://en.wikipedia.org/wiki/Evil_eye,https://he.wikipedia.org/wiki/%D7%A2%D7%99%D7%9F_%D7%94%D7%A8%D7%A2,Evil eye,עין הרע,https://chavrutai.com/search?q=Evil+eye&type=talmud,blog,Q1020115,,,,,,,,
evil inclination,concepts,,41,https://en.wikipedia.org/wiki/Yetzer_hara,https://he.wikipedia.org/wiki/%D7%99%D7%A6%D7%A8_%D7%94%D7%A8%D7%A2,,יצר הרע,https://chavrutai.com/search?q=evil+inclination&type=talmud,,Q6262061,,,,,,,,
Exilarch,concepts;names,The Exilarch,142,https://en.wikipedia.org/wiki/Exilarch,https://he.wikipedia.org/wiki/%D7%A8%D7%90%D7%A9_%D7%94%D7%92%D7%95%D7%9C%D7%94,Exilarch,ראש הגולה,https://chavrutai.com/search?q=Exilarch&type=talmud,blog,Q1265579,,,,,,,,
Exilarch’s household,names,,5,,,,,https://chavrutai.com/search?q=Exilarch%E2%80%99s+household&type=talmud,,,,,,,,,,
Exile,concepts,the exile,125,,,,גלות,https://chavrutai.com/search?q=Exile&type=talmud,,,,,,,,,,
Ezekiel,biblicalNames,"Ezekiel ben Buzi; Ezekiel, son of Buzi",64,https://en.wikipedia.org/wiki/Ezekiel,https://he.wikipedia.org/wiki/%D7%99%D7%97%D7%96%D7%A7%D7%90%D7%9C,Ezekiel,יחזקאל,https://chavrutai.com/search?q=Ezekiel&type=talmud,biblical_names_api_review:verified_exact_or_redirect,Q194064,,,,,-621,Jerusalem,-571,Babylon
Ezra,biblicalNames,,65,https://en.wikipedia.org/wiki/Ezra,https://he.wikipedia.org/wiki/%D7%A2%D7%96%D7%A8%D7%90_%D7%94%D7%A1%D7%95%D7%A4%D7%A8,Ezra,עזרא הסופר,https://chavrutai.com/search?q=Ezra&type=talmud,biblical_names_api_review:verified_exact_or_redirect,Q191787,Seraiah,Baruch ben Neriah,,Simeon the Just,,Babylon,,Judea
father Ḥalafta,names,"father, Ḥalafta",4,,,,,https://chavrutai.com/search?q=father+%E1%B8%A4alafta&type=talmud,,,,,,,,,,
father of Ravin bar Ḥinnana,names,,1,,,,,https://chavrutai.com/search?q=father+of+Ravin+bar+%E1%B8%A4innana&type=talmud,,,,,,,,,,
father of Shmuel bar Avin,names,,1,,,,,https://chavrutai.com/search?q=father+of+Shmuel+bar+Avin&type=talmud,,,,,,,,,,
First Fruits,concepts,,145,https://en.wikipedia.org/wiki/Bikkurim_(first-fruits),https://he.wikipedia.org/wiki/%D7%91%D7%99%D7%9B%D7%95%D7%A8%D7%99%D7%9D,Bikkurim (first-fruits),ביכורים,https://chavrutai.com/search?q=First+Fruits&type=talmud,blog; manual_concepts_top_missing_he_pass2,Q48724765,,,,,,,,
First tithe,concepts,,75,https://en.wikipedia.org/wiki/First_tithe,https://he.wikipedia.org/wiki/%D7%9E%D7%A2%D7%A9%D7%A8_%D7%A8%D7%90%D7%A9%D7%95%D7%9F,First tithe,מעשר ראשון,https://chavrutai.com/search?q=First+tithe&type=talmud,blog,Q2778038,,,,,,,,
firstborn,concepts,Firstborn (Judaism),813,https://en.wikipedia.org/wiki/Firstborn_(Judaism),,,בכור,https://chavrutai.com/search?q=firstborn&type=talmud,,Q5454275,,,,,,,,
Foolish Galilean,names,,2,,,,,https://chavrutai.com/search?q=Foolish+Galilean&type=talmud,,,,,,,,,,
fortress [<i>ḥakra</i>] of Gush Ḥalav,talmudToponyms,,1,,,,,https://chavrutai.com/search?q=fortress+%5B%3Ci%3E%E1%B8%A5akra%3C%2Fi%3E%5D+of+Gush+%E1%B8%A4alav&type=talmud,,,,,,,,,,
fortress of Shanvata,talmudToponyms,,1,,,,,https://chavrutai.com/search?q=fortress+of+Shanvata&type=talmud,,,,,,,,,,
fortress of Tulbakni,talmudToponyms,,1,,,,,https://chavrutai.com/search?q=fortress+of+Tulbakni&type=talmud,,,,,,,,,,
fortress Tulbaknei,talmudToponyms,,1,,,,,https://chavrutai.com/search?q=fortress+Tulbaknei&type=talmud,,,,,,,,,,
Fuga,names,,1,,,,,https://chavrutai.com/search?q=Fuga&type=talmud,,,,,,,,,,
Gabriel,biblicalNames,,29,https://en.wikipedia.org/wiki/Gabriel,https://he.wikipedia.org/wiki/%D7%92%D7%91%D7%A8%D7%99%D7%90%D7%9C,Gabriel,גבריאל,https://chavrutai.com/search?q=Gabriel&type=talmud,biblical_names_api_review:verified_exact_or_redirect,Q81989,,,,,,,,
Gad,biblicalNames,,18,https://en.wikipedia.org/wiki/Gad_(son_of_Jacob),https://he.wikipedia.org/wiki/%D7%92%D7%93,Gad (son of Jacob),גד,https://chavrutai.com/search?q=Gad&type=talmud,biblical_names_api_review:disambiguation_only; manual_biblical_top30,Q851749,Jacob,,,,-1564,,-1439,
Gad the seer,biblicalNames,,1,,,Gad the seer,,https://chavrutai.com/search?q=Gad+the+seer&type=talmud,biblical_names_api_review:no_exact_page,,,,,,,,,
Gader,talmudToponyms,Gadara,1,https://en.wikipedia.org/wiki/Gadara,https://he.wikipedia.org/wiki/%D7%92%D7%93%D7%A8_(%D7%A2%D7%99%D7%A8_%D7%A7%D7%93%D7%95%D7%9E%D7%94),Gadara,גדר (עיר קדומה),https://chavrutai.com/search?q=Gader&type=talmud,blog,Q56322109,,,,,,,,
Gadyon,talmudToponyms,,1,,,,,https://chavrutai.com/search?q=Gadyon&type=talmud,,,,,,,,,,
Gaggot Tzerifim,talmudToponyms,,2,,,,,https://chavrutai.com/search?q=Gaggot+Tzerifim&type=talmud,,,,,,,,,,
Gaggot Tzerifin,talmudToponyms,,3,,,,,https://chavrutai.com/search?q=Gaggot+Tzerifin&type=talmud,,,,,,,,,,
Galaḥi,talmudToponyms,,1,,,,,https://chavrutai.com/search?q=Gala%E1%B8%A5i&type=talmud,,,,,,,,,,
Galia,talmudToponyms,,2,,,,,https://chavrutai.com/search?q=Galia&type=talmud,,,,,,,,,,
Galilean,biblicalNations,,8,https://en.wikipedia.org/wiki/Galilean,,Galilean,,https://chavrutai.com/search?q=Galilean&type=talmud,blog,Q5518599,,,,,,,,
Galilee,talmudToponyms,,97,https://en.wikipedia.org/wiki/Galilee#Late_Roman_period,https://he.wikipedia.org/wiki/%D7%94%D7%92%D7%9C%D7%99%D7%9C,Galilee,הגליל,https://chavrutai.com/search?q=Galilee&type=talmud,blog,Q83241,,,,,,,,
Rabban Gamliel,names,Gamaliel; Gamaliel the Elder; Rabban Gamliel the Elder,406,https://en.wikipedia.org/wiki/Gamaliel,https://he.wikipedia.org/wiki/%D7%A8%D7%91%D7%9F_%D7%92%D7%9E%D7%9C%D7%99%D7%90%D7%9C_%D7%94%D7%96%D7%A7%D7%9F,Gamaliel,רבן גמליאל הזקן,https://chavrutai.com/search?q=Rabban+Gamliel&type=talmud,blog; merge_same_enwiki,Q310584,Simeon ben Hillel,Simeon ben Hillel,,Simeon ben Gamliel,-100,,52,Judaea
Gamda River,talmudToponyms,,2,,,,,https://chavrutai.com/search?q=Gamda+River&type=talmud,,,,,,,,,,
Gamla,talmudToponyms,,16,,,,,https://chavrutai.com/search?q=Gamla&type=talmud,,,,,,,,,,
Ginzak,talmudToponyms,Ganzak,6,https://en.wikipedia.org/wiki/Ganzak,,Ganzak,,https://chavrutai.com/search?q=Ginzak&type=talmud,blog,Q2607082,,,,,,,,
Garden of Eden,biblicalPlaces;concepts,,24,https://en.wikipedia.org/wiki/Garden_of_Eden#Jewish_eschatology,https://he.wikipedia.org/wiki/%D7%92%D7%9F_%D7%A2%D7%93%D7%9F,Garden of Eden,גן עדן,https://chavrutai.com/search?q=Garden+of+Eden&type=talmud,blog,Q19014,,,,,,,,
gardens of Tzerifin,talmudToponyms,,1,,,,,https://chavrutai.com/search?q=gardens+of+Tzerifin&type=talmud,,,,,,,,,,
Gaskalgas,names,,1,,,,,https://chavrutai.com/search?q=Gaskalgas&type=talmud,,,,,,,,,,
Gath,biblicalPlaces,Gath (city),3,https://en.wikipedia.org/wiki/Gath_(city),https://he.wikipedia.org/wiki/%D7%92%D7%AA_(%D7%A2%D7%99%D7%A8_%D7%A2%D7%AA%D7%99%D7%A7%D7%94),Gath (city),גת (עיר עתיקה),https://chavrutai.com/search?q=Gath&type=talmud,blog,Q1348441,,,,,,,,
Gaza,talmudToponyms,,11,,,,,https://chavrutai.com/search?q=Gaza&type=talmud,,,,,,,,,,
Gedaliah ben Ahikam,biblicalNames,,2,,,,,https://chavrutai.com/search?q=Gedaliah+ben+Ahikam&type=talmud,biblical_names_api_review:no_exact_page,,,,,,,,,
"Gedaliah, son of Ahikam",biblicalNames,,5,https://en.wikipedia.org/wiki/Gedaliah,https://he.wikipedia.org/wiki/%D7%92%D7%93%D7%9C%D7%99%D7%94%D7%95_%D7%91%D7%9F_%D7%90%D7%97%D7%99%D7%A7%D7%9D,Gedaliah,גדליהו בן אחיקם,https://chavrutai.com/search?q=Gedaliah%2C+son+of+Ahikam&type=talmud,biblical_names_api_review:no_exact_page; enwiki_api_exact,Q1497453,Ahikam,,,,,,-600,
Geder,talmudToponyms,,1,,,,,https://chavrutai.com/search?q=Geder&type=talmud,,,,,,,,,,
Gedod,talmudToponyms,,5,,,,,https://chavrutai.com/search?q=Gedod&type=talmud,,,,,,,,,,
Gehazi,biblicalNames,,16,https://en.wikipedia.org/wiki/Gehazi,https://he.wikipedia.org/wiki/%D7%92%D7%99%D7%97%D7%96%D7%99,Gehazi,גיחזי,https://chavrutai.com/search?q=Gehazi&type=talmud,biblical_names_api_review:verified_exact_or_redirect,Q977435,,,,,,,,
Gehenna,concepts,,116,https://en.wikipedia.org/wiki/Gehenna,https://he.wikipedia.org/wiki/%D7%92%D7%99%D7%90_%D7%91%D7%9F_%D7%94%D7%99%D7%A0%D7%95%D7%9D,Gehenna,גיא בן הינום,https://chavrutai.com/search?q=Gehenna&type=talmud,blog,Q558093,,,,,,,,
Geihazi,biblicalNames,,1,,,,,https://chavrutai.com/search?q=Geihazi&type=talmud,biblical_names_api_review:no_exact_page,,,,,,,,,
Gematria,concepts,,0,https://en.wikipedia.org/wiki/Gematria#Related_transformations,https://he.wikipedia.org/wiki/%D7%92%D7%99%D7%9E%D7%98%D7%A8%D7%99%D7%94,Gematria,גימטריה,https://chavrutai.com/search?q=Gematria&type=talmud,blog,Q840378,,,,,,,,
Geneiva,names,,9,,,,,https://chavrutai.com/search?q=Geneiva&type=talmud,,,,,,,,,,
Generation of the Flood,biblicalNames;concepts,the generation of the flood,37,,,,דור,https://chavrutai.com/search?q=Generation+of+the+Flood&type=talmud,,,,,,,,,,
descendants of Noah,biblicalNames;concepts,Generations of Noah,47,,,,תולדות בני נח,https://chavrutai.com/search?q=descendants+of+Noah&type=talmud,,,,,,,,,,
Creation,concepts,Genesis creation narrative,91,https://en.wikipedia.org/wiki/Genesis_creation_narrative,https://he.wikipedia.org/wiki/%D7%91%D7%A8%D7%99%D7%90%D7%AA_%D7%94%D7%A2%D7%95%D7%9C%D7%9D_%D7%91%D7%AA%D7%A0%22%D7%9A,Genesis creation narrative,"בריאת העולם בתנ""ך",https://chavrutai.com/search?q=Creation&type=talmud,blog,Q137651,,,,,,,,
Flood,concepts,Genesis flood narrative,51,https://en.wikipedia.org/wiki/Genesis_flood_narrative,https://he.wikipedia.org/wiki/%D7%94%D7%9E%D7%91%D7%95%D7%9C,Genesis flood narrative,המבול,https://chavrutai.com/search?q=Flood&type=talmud,blog,Q5532837,,,,,,,,
Geniva,names,,3,,https://he.wikipedia.org/wiki/%D7%92%D7%A0%D7%99%D7%91%D7%90,,גניבא,https://chavrutai.com/search?q=Geniva&type=talmud,wikidata_seed_qid,Q18038621,,,,,,,,
Genosar Valley,talmudToponyms,,1,,,,,https://chavrutai.com/search?q=Genosar+Valley&type=talmud,,,,,,,,,,
Gerar,talmudToponyms,,1,https://en.wikipedia.org/wiki/Gerar,https://he.wikipedia.org/wiki/%D7%92%D7%A8%D7%A8_(%D7%90%D7%96%D7%95%D7%A8_%D7%A7%D7%93%D7%95%D7%9D),Gerar,גרר (אזור קדום),https://chavrutai.com/search?q=Gerar&type=talmud,blog,Q1510126,,,,,,,,
Gerav,talmudToponyms,,1,,,,,https://chavrutai.com/search?q=Gerav&type=talmud,,,,,,,,,,
Germamya,talmudToponyms,,3,,,,,https://chavrutai.com/search?q=Germamya&type=talmud,,,,,,,,,,
Gerofina,talmudToponyms,,2,,,,,https://chavrutai.com/search?q=Gerofina&type=talmud,,,,,,,,,,
Gevat,talmudToponyms,,3,,,,,https://chavrutai.com/search?q=Gevat&type=talmud,,,,,,,,,,
Geviha ben Pesisa,names,,4,https://en.wikipedia.org/wiki/Geviha_ben_Pesisa,https://he.wikipedia.org/wiki/%D7%92%D7%91%D7%99%D7%94%D7%90_%D7%91%D7%9F_%D7%A4%D7%A1%D7%99%D7%A1%D7%90,Geviha ben Pesisa,גביהא בן פסיסא,https://chavrutai.com/search?q=Geviha+ben+Pesisa&type=talmud,blog,Q7054473,,,Chazal,,,,,
Gevini crier,names,,2,,,,,https://chavrutai.com/search?q=Gevini+crier&type=talmud,,,,,,,,,,
Gibeon,talmudToponyms,Gibeon (ancient city),17,https://en.wikipedia.org/wiki/Gibeon_(ancient_city)#Canaanite_city,https://he.wikipedia.org/wiki/%D7%92%D7%91%D7%A2%D7%95%D7%9F,Gibeon (ancient city),גבעון,https://chavrutai.com/search?q=Gibeon&type=talmud,blog,Q889398,,,,,,,,
Gibeonite,biblicalNations,,58,,,,,https://chavrutai.com/search?q=Gibeonite&type=talmud,,,,,,,,,,
Giddel bar Manyumi,names,,-,,,,,https://chavrutai.com/search?q=Giddel+bar+Manyumi&type=talmud,,,,,,,,,,
Giddel bar Menashe,names,,1,,,,,https://chavrutai.com/search?q=Giddel+bar+Menashe&type=talmud,,,,,,,,,,
Giddel bar Menashya,names,,2,,,,,https://chavrutai.com/search?q=Giddel+bar+Menashya&type=talmud,,,,,,,,,,
Giddel bar Minyumi,names,,1,,,,,https://chavrutai.com/search?q=Giddel+bar+Minyumi&type=talmud,,,,,,,,,,
Giddel bar Re’ilai,names,,1,,,,,https://chavrutai.com/search?q=Giddel+bar+Re%E2%80%99ilai&type=talmud,,,,,,,,,,
Giddul,names,,3,,,,,https://chavrutai.com/search?q=Giddul&type=talmud,,,,,,,,,,
Giddul bar Menashya,names,,1,,,,,https://chavrutai.com/search?q=Giddul+bar+Menashya&type=talmud,,,,,,,,,,
Giddul bar Minyumei,names,,1,,,,,https://chavrutai.com/search?q=Giddul+bar+Minyumei&type=talmud,,,,,,,,,,
Giddul bar Re’ilai,names,,1,,,,,https://chavrutai.com/search?q=Giddul+bar+Re%E2%80%99ilai&type=talmud,,,,,,,,,,
Gideon,biblicalNames,,2,https://en.wikipedia.org/wiki/Gideon,https://he.wikipedia.org/wiki/%D7%92%D7%93%D7%A2%D7%95%D7%9F_%D7%91%D7%9F_%D7%99%D7%95%D7%90%D7%A9,Gideon,גדעון בן יואש,https://chavrutai.com/search?q=Gideon&type=talmud,biblical_names_api_review:verified_exact_or_redirect,Q176125,Joash,,,,-1252,Ophrah,-1152,Ophrah
Gift offering,concepts,gift-offering,30,https://en.wikipedia.org/wiki/Gift_offering,https://he.wikipedia.org/wiki/%D7%A7%D7%95%D7%A8%D7%91%D7%9F_%D7%9E%D7%A0%D7%97%D7%94,Gift offering,קורבן מנחה,https://chavrutai.com/search?q=Gift+offering&type=talmud,blog,Q986595,,,,,,,,
Gifti,talmudToponyms,,1,,,,,https://chavrutai.com/search?q=Gifti&type=talmud,,,,,,,,,,
Gihon,talmudToponyms,,2,https://en.wikipedia.org/wiki/Gihon,https://he.wikipedia.org/wiki/%D7%92%D7%99%D7%97%D7%95%D7%9F_(%D7%A0%D7%94%D7%A8_%D7%9E%D7%A7%D7%A8%D7%90%D7%99),Gihon,גיחון (נהר מקראי),https://chavrutai.com/search?q=Gihon&type=talmud,blog,Q1247896,,,,,,,,
Gilad,talmudToponyms,,1,,,,,https://chavrutai.com/search?q=Gilad&type=talmud,,,,,,,,,,
Gilead,talmudToponyms,,5,https://en.wikipedia.org/wiki/Gilead,https://he.wikipedia.org/wiki/%D7%94%D7%92%D7%9C%D7%A2%D7%93,Gilead,הגלעד,https://chavrutai.com/search?q=Gilead&type=talmud,blog,Q922498,,,,,,,,
Gilgal,biblicalPlaces,,15,,,,,https://chavrutai.com/search?q=Gilgal&type=talmud,,,,,,,,,,
Gilgul,talmudToponyms,,3,,,,,https://chavrutai.com/search?q=Gilgul&type=talmud,,,,,,,,,,
Ginai River,talmudToponyms,,1,,,,,https://chavrutai.com/search?q=Ginai+River&type=talmud,,,,,,,,,,
Ginnosar,talmudToponyms,,4,,,,,https://chavrutai.com/search?q=Ginnosar&type=talmud,,,,,,,,,,
Genosar,talmudToponyms,Ginosar,4,https://en.wikipedia.org/wiki/Ginosar,https://he.wikipedia.org/wiki/%D7%92%D7%99%D7%A0%D7%95%D7%A1%D7%A8,Ginosar,גינוסר,https://chavrutai.com/search?q=Genosar&type=talmud,blog,Q1525069,,,,,,,,
Gira,names,,3,,,,,https://chavrutai.com/search?q=Gira&type=talmud,,,,,,,,,,
giving of the Torah,concepts,,13,,,,,https://chavrutai.com/search?q=giving+of+the+Torah&type=talmud,,,,,,,,,,
Gizma,talmudToponyms,,2,,,,,https://chavrutai.com/search?q=Gizma&type=talmud,,,,,,,,,,
Gog and Magog,biblicalNames;concepts,,9,https://en.wikipedia.org/wiki/Gog_and_Magog,https://he.wikipedia.org/wiki/%D7%9E%D7%9C%D7%97%D7%9E%D7%AA_%D7%92%D7%95%D7%92_%D7%95%D7%9E%D7%92%D7%95%D7%92,Gog and Magog,מלחמת גוג ומגוג,https://chavrutai.com/search?q=Gog+and+Magog&type=talmud,biblical_names_api_review:verified_exact_or_redirect,Q629060,,,,,,,,
Golan,talmudToponyms,,0,https://en.wikipedia.org/wiki/Golan,https://he.wikipedia.org/wiki/%D7%92%D7%95%D7%9C%D7%9F_(%D7%A2%D7%99%D7%A8_%D7%9E%D7%A7%D7%A8%D7%90%D7%99%D7%AA),Golan,גולן (עיר מקראית),https://chavrutai.com/search?q=Golan&type=talmud,blog,Q2400848,,,,,,,,
Goliath,biblicalNames,,4,https://en.wikipedia.org/wiki/Goliath,https://he.wikipedia.org/wiki/%D7%92%D7%95%D7%9C%D7%99%D7%99%D7%AA,Goliath,גוליית,https://chavrutai.com/search?q=Goliath&type=talmud,biblical_names_api_review:verified_exact_or_redirect,Q192785,,,,,-1100,Desamparados Canton,-1023,Desamparados Canton
Gomorrah,talmudToponyms,,2,,,,,https://chavrutai.com/search?q=Gomorrah&type=talmud,,,,,,,,,,
Gova’ai,names,,1,,,,,https://chavrutai.com/search?q=Gova%E2%80%99ai&type=talmud,,,,,,,,,,
Goza River,talmudToponyms,,1,,,,,https://chavrutai.com/search?q=Goza+River&type=talmud,,,,,,,,,,
Grace after Meals,concepts,,32,https://en.wikipedia.org/wiki/Birkat_Hamazon,https://he.wikipedia.org/wiki/%D7%91%D7%A8%D7%9B%D7%AA_%D7%94%D7%9E%D7%96%D7%95%D7%9F,,ברכת המזון,https://chavrutai.com/search?q=Grace+after+Meals&type=talmud,,Q865483,,,,,,,,
grandson of Rabbi Avtolus,names,,-,,,,,https://chavrutai.com/search?q=grandson+of+Rabbi+Avtolus&type=talmud,,,,,,,,,,
Great Assembly,names,the Great Assembly,22,https://en.wikipedia.org/wiki/Great_Assembly,https://he.wikipedia.org/wiki/%D7%9B%D7%A0%D7%A1%D7%AA_%D7%94%D7%92%D7%93%D7%95%D7%9C%D7%94,Great Assembly,כנסת הגדולה,https://chavrutai.com/search?q=Great+Assembly&type=talmud,blog,Q2915866,,,Judaism,,,,,
Great Sea,talmudToponyms,,21,,,,,https://chavrutai.com/search?q=Great+Sea&type=talmud,,,,,,,,,,
great spring of Beiram,talmudToponyms,,0,,,,,https://chavrutai.com/search?q=great+spring+of+Beiram&type=talmud,,,,,,,,,,
Greece,biblicalNations;talmudToponyms,,7,,,,,https://chavrutai.com/search?q=Greece&type=talmud,,,,,,,,,,
Greek Italy,talmudToponyms,,1,,,,,https://chavrutai.com/search?q=Greek+Italy&type=talmud,,,,,,,,,,
Greek,biblicalNations,Greek language,80,https://en.wikipedia.org/wiki/Greek_language,https://he.wikipedia.org/wiki/%D7%99%D7%95%D7%95%D7%A0%D7%99%D7%AA,Greek language,יוונית,https://chavrutai.com/search?q=Greek&type=talmud,blog+en_langlink_he,Q9129,,,,,,,,
Greek wisdom,concepts,,18,,,,,https://chavrutai.com/search?q=Greek+wisdom&type=talmud,,,,,,,,,,
Gufnit,talmudToponyms,,1,,,,,https://chavrutai.com/search?q=Gufnit&type=talmud,,,,,,,,,,
Guilt offering,concepts,guilt-offering,1284,https://en.wikipedia.org/wiki/Guilt_offering,https://he.wikipedia.org/wiki/%D7%A7%D7%95%D7%A8%D7%91%D7%9F_%D7%90%D7%A9%D7%9D,Guilt offering,קורבן אשם,https://chavrutai.com/search?q=Guilt+offering&type=talmud,blog,Q1091085,,,,,,,,
Gursak bar Darei,names,,1,,,,,https://chavrutai.com/search?q=Gursak+bar+Darei&type=talmud,,,,,,,,,,
Gurya,names,,3,,,,,https://chavrutai.com/search?q=Gurya&type=talmud,,,,,,,,,,
Guryon ben Asteyon,names,,1,,,,,https://chavrutai.com/search?q=Guryon+ben+Asteyon&type=talmud,,,,,,,,,,
Guryon of Asporak,names,,2,,,,,https://chavrutai.com/search?q=Guryon+of+Asporak&type=talmud,,,,,,,,,,
Guryon of Aspork,names,,1,,,,,https://chavrutai.com/search?q=Guryon+of+Aspork&type=talmud,,,,,,,,,,
Guvya,talmudToponyms,,2,,,,,https://chavrutai.com/search?q=Guvya&type=talmud,,,,,,,,,,
Habakkuk,biblicalNames,,4,https://en.wikipedia.org/wiki/Habakkuk,https://he.wikipedia.org/wiki/%D7%97%D7%91%D7%A7%D7%95%D7%A7,Habakkuk,חבקוק,https://chavrutai.com/search?q=Habakkuk&type=talmud,biblical_names_api_review:verified_exact_or_redirect,Q135106,,Nahum,,Zephaniah,-626,,-600,Judea
Habor,talmudToponyms,,2,,,,,https://chavrutai.com/search?q=Habor&type=talmud,,,,,,,,,,
"Hadadrimmon, son of Tabrimmon",biblicalNames,,1,,,,,https://chavrutai.com/search?q=Hadadrimmon%2C+son+of+Tabrimmon&type=talmud,biblical_names_api_review:no_exact_page,,,,,,,,,
"Hadadrimmon, son of Tavrimon",biblicalNames,,1,,,,,https://chavrutai.com/search?q=Hadadrimmon%2C+son+of+Tavrimon&type=talmud,biblical_names_api_review:no_exact_page,,,,,,,,,
Ḥadasha,talmudToponyms,,1,,,,,https://chavrutai.com/search?q=%E1%B8%A4adasha&type=talmud,,,,,,,,,,
Hadassah,biblicalNames,,4,,,,,https://chavrutai.com/search?q=Hadassah&type=talmud,biblical_names_api_review:disambiguation_only,,,,,,,,,
Hadayeiv,talmudToponyms,,1,,,,,https://chavrutai.com/search?q=Hadayeiv&type=talmud,,,,,,,,,,
Ḥadid,talmudToponyms,,3,,,,,https://chavrutai.com/search?q=%E1%B8%A4adid&type=talmud,,,,,,,,,,
Hadrian,names,,4,https://en.wikipedia.org/wiki/Hadrian,https://he.wikipedia.org/wiki/%D7%90%D7%93%D7%A8%D7%99%D7%90%D7%A0%D7%95%D7%A1,Hadrian,אדריאנוס,https://chavrutai.com/search?q=Hadrian&type=talmud,blog,Q1427,Publius Aelius Hadrianus Afer; Trajan,,,,76-01-24,Italica,138-07-10,Baia
Hadrimmon ben Tabrimmon,biblicalNames,,0,,,,,https://chavrutai.com/search?q=Hadrimmon+ben+Tabrimmon&type=talmud,biblical_names_api_review:no_exact_page,,,,,,,,,
Ḥadyab,talmudToponyms,,2,,,,,https://chavrutai.com/search?q=%E1%B8%A4adyab&type=talmud,,,,,,,,,,
Hadyav,talmudToponyms,,2,,,,,https://chavrutai.com/search?q=Hadyav&type=talmud,,,,,,,,,,
"Haggai, Zechariah, and Malachi",biblicalNames,,13,https://en.wikipedia.org/wiki/Haggai,https://he.wikipedia.org/wiki/%D7%97%D7%92%D7%99,Haggai,חגי,https://chavrutai.com/search?q=Haggai%2C+Zechariah%2C+and+Malachi&type=talmud,biblical_names_api_review:no_exact_page; enwiki_api_exact,Q1613144,,,,,-550,,,
Haggith,biblicalNames,,1,https://en.wikipedia.org/wiki/Haggith,https://he.wikipedia.org/wiki/%D7%97%D7%92%D7%99%D7%AA_(%D7%93%D7%9E%D7%95%D7%AA_%D7%9E%D7%A7%D7%A8%D7%90%D7%99%D7%AA),Haggith,חגית (דמות מקראית),https://chavrutai.com/search?q=Haggith&type=talmud,biblical_names_api_review:verified_exact_or_redirect,Q5638717,,,,,,,,
Hagroneya,talmudToponyms,,1,,,,,https://chavrutai.com/search?q=Hagroneya&type=talmud,,,,,,,,,,
Hagronya,talmudToponyms,,13,,,,,https://chavrutai.com/search?q=Hagronya&type=talmud,,,,,,,,,,
Hagron-ya,talmudToponyms,,1,,,,,https://chavrutai.com/search?q=Hagron-ya&type=talmud,,,,,,,,,,
Hagrunya,talmudToponyms,,1,,,,,https://chavrutai.com/search?q=Hagrunya&type=talmud,,,,,,,,,,
Haifa,talmudToponyms,,6,https://en.wikipedia.org/wiki/Haifa,https://he.wikipedia.org/wiki/%D7%97%D7%99%D7%A4%D7%94,Haifa,חיפה,https://chavrutai.com/search?q=Haifa&type=talmud,blog,Q41621,,,,,,,,
Ḥaifa,talmudToponyms,,6,,,,,https://chavrutai.com/search?q=%E1%B8%A4aifa&type=talmud,,,,,,,,,,
ḥalitza,concepts,Halizah,793,https://en.wikipedia.org/wiki/Halizah,https://he.wikipedia.org/wiki/%D7%97%D7%9C%D7%99%D7%A6%D7%94,Halizah,חליצה,https://chavrutai.com/search?q=%E1%B8%A5alitza&type=talmud,blog,Q872522,,,,,,,,
the Chamber of Hewn Stone,concepts,Hall of Hewn Stones,15,https://en.wikipedia.org/wiki/Hall_of_Hewn_Stones,https://he.wikipedia.org/wiki/%D7%9C%D7%A9%D7%9B%D7%AA_%D7%94%D7%92%D7%96%D7%99%D7%AA,Hall of Hewn Stones,לשכת הגזית,https://chavrutai.com/search?q=the+Chamber+of+Hewn+Stone&type=talmud,blog,Q5642695,,,,,,,,
Ham,biblicalNames,,4,https://en.wikipedia.org/wiki/Ham,https://he.wikipedia.org/wiki/%D7%A9%D7%99%D7%A0%D7%A7%D7%9F,Ham,שינקן,https://chavrutai.com/search?q=Ham&type=talmud,biblical_names_api_review:verified_exact_or_redirect,Q170486,,,,,,,,
Ḥama bar Adda,names,,-,,,,,https://chavrutai.com/search?q=%E1%B8%A4ama+bar+Adda&type=talmud,,,,,,,,,,
"Ḥama bar Adda, emissary of Zion",names,,1,,,,,https://chavrutai.com/search?q=%E1%B8%A4ama+bar+Adda%2C+emissary+of+Zion&type=talmud,,,,,,,,,,
"Ḥama, son of Rabba",names,,-,,,,,https://chavrutai.com/search?q=%E1%B8%A4ama%2C+son+of+Rabba&type=talmud,,,,,,,,,,
"Ḥama, son of Rabba bar Abbahu",names,,1,,,,,https://chavrutai.com/search?q=%E1%B8%A4ama%2C+son+of+Rabba+bar+Abbahu&type=talmud,,,,,,,,,,
"Ḥama, son of Rabba bar Avuh",names,,1,,,,,https://chavrutai.com/search?q=%E1%B8%A4ama%2C+son+of+Rabba+bar+Avuh&type=talmud,,,,,,,,,,
Hamadan,talmudToponyms,Ḥamadan,4,https://en.wikipedia.org/wiki/Hamadan,https://he.wikipedia.org/wiki/%D7%94%D7%9E%D7%93%D7%90%D7%9F,Hamadan,המדאן,https://chavrutai.com/search?q=Hamadan&type=talmud,blog,Q28587,,,,,,,,
Haman,biblicalNames,,43,https://en.wikipedia.org/wiki/Haman,https://he.wikipedia.org/wiki/%D7%94%D7%9E%D7%9F_%D7%94%D7%90%D7%92%D7%92%D7%99,Haman,המן האגגי,https://chavrutai.com/search?q=Haman&type=talmud,biblical_names_api_review:verified_exact_or_redirect,Q650680,Hammedatha,,,,,,,
Ḥamatan,talmudToponyms,,3,,,,,https://chavrutai.com/search?q=%E1%B8%A4amatan&type=talmud,,,,,,,,,,
Hamnuna,names,Rav Hamnuna,327,https://en.wikipedia.org/wiki/Hamnuna,https://he.wikipedia.org/wiki/%D7%A8%D7%91_%D7%94%D7%9E%D7%A0%D7%95%D7%A0%D7%90,Hamnuna,רב המנונא,https://chavrutai.com/search?q=Hamnuna&type=talmud,blog,Q5645913,,,,,,,,
Ḥana bar Isak,names,,1,,,,,https://chavrutai.com/search?q=%E1%B8%A4ana+bar+Isak&type=talmud,,,,,,,,,,
Hanamel,biblicalNames,,1,,,,,https://chavrutai.com/search?q=Hanamel&type=talmud,biblical_names_api_review:no_exact_page,,,,,,,,,
Hanan bar Rava,names,Rav Ḥanan bar Rava,63,https://en.wikipedia.org/wiki/Hanan_bar_Rava,https://he.wikipedia.org/wiki/%D7%A8%D7%91_%D7%97%D7%A0%D7%9F_%D7%91%D7%A8_%D7%A8%D7%91%D7%90,Hanan bar Rava,רב חנן בר רבא,https://chavrutai.com/search?q=Hanan+bar+Rava&type=talmud,blog,Q6715250,,,,,,,,
Ḥanan ben Avishalom,names,,2,,,,,https://chavrutai.com/search?q=%E1%B8%A4anan+ben+Avishalom&type=talmud,,,,,,,,,,
Ḥanan ben Pineḥas,names,,1,,,,,https://chavrutai.com/search?q=%E1%B8%A4anan+ben+Pine%E1%B8%A5as&type=talmud,,,,,,,,,,
Ḥanan HaNeḥba,names,,2,,,,,https://chavrutai.com/search?q=%E1%B8%A4anan+HaNe%E1%B8%A5ba&type=talmud,,,,,,,,,,
Ḥanan the Egyptian,names,,13,https://en.wikipedia.org/wiki/Hanan_the_Egyptian,https://he.wikipedia.org/wiki/%D7%97%D7%A0%D7%9F_%D7%94%D7%9E%D7%A6%D7%A8%D7%99,Hanan the Egyptian,חנן המצרי,https://chavrutai.com/search?q=%E1%B8%A4anan+the+Egyptian&type=talmud,wikidata_seed_qid,Q2892486,,,,,101,Alexandria,,
Ḥanan the tailor,names,,1,,,,,https://chavrutai.com/search?q=%E1%B8%A4anan+the+tailor&type=talmud,,,,,,,,,,
Ḥanan the wicked,names,,5,,,,,https://chavrutai.com/search?q=%E1%B8%A4anan+the+wicked&type=talmud,,,,,,,,,,
Hanani,biblicalNames,,3,https://en.wikipedia.org/wiki/Hanani,,Hanani,,https://chavrutai.com/search?q=Hanani&type=talmud,biblical_names_api_review:verified_exact_or_redirect,Q5646913,,,,,,,,
Ḥananya ben Ḥizkiya,names,Hananiah ben Hezekiah ben Garon,4,https://en.wikipedia.org/wiki/Hananiah_ben_Hezekiah_ben_Garon,https://he.wikipedia.org/wiki/%D7%97%D7%A0%D7%A0%D7%99%D7%94_%D7%91%D7%9F_%D7%97%D7%96%D7%A7%D7%99%D7%94,Hananiah ben Hezekiah ben Garon,חנניה בן חזקיה,https://chavrutai.com/search?q=%E1%B8%A4ananya+ben+%E1%B8%A4izkiya&type=talmud,blog,Q2069730,,,,,,Mesopotamia,,Israel
Ḥananya,names,,63,,,,,https://chavrutai.com/search?q=%E1%B8%A4ananya&type=talmud,,,,,,,,,,
Ḥananya ben Akavya,names,,2,,,,,https://chavrutai.com/search?q=%E1%B8%A4ananya+ben+Akavya&type=talmud,,,,,,,,,,
Ḥananya ben Ḥakhinai,names,,6,,,,,https://chavrutai.com/search?q=%E1%B8%A4ananya+ben+%E1%B8%A4akhinai&type=talmud,,,,,,,,,,
Ḥananya ben Ḥizkiya ben Garon,names,,3,,,,,https://chavrutai.com/search?q=%E1%B8%A4ananya+ben+%E1%B8%A4izkiya+ben+Garon&type=talmud,,,,,,,,,,
Ḥananya of Ono,names,,2,,,,,https://chavrutai.com/search?q=%E1%B8%A4ananya+of+Ono&type=talmud,,,,,,,,,,
"Ḥananya, son of Rabbi Yehoshua",names,,-,,,,,https://chavrutai.com/search?q=%E1%B8%A4ananya%2C+son+of+Rabbi+Yehoshua&type=talmud,,,,,,,,,,
"Ḥananya, son of Rabbi Yehoshua’s brother",names,,3,,,,,https://chavrutai.com/search?q=%E1%B8%A4ananya%2C+son+of+Rabbi+Yehoshua%E2%80%99s+brother&type=talmud,,,,,,,,,,
"Ḥananya, son of Yoshiya",names,,-,,,,,https://chavrutai.com/search?q=%E1%B8%A4ananya%2C+son+of+Yoshiya&type=talmud,,,,,,,,,,
"Ḥananya, son of Yoshiya’s brother",names,,1,,,,,https://chavrutai.com/search?q=%E1%B8%A4ananya%2C+son+of+Yoshiya%E2%80%99s+brother&type=talmud,,,,,,,,,,
Ḥanin ben Pineḥas,names,,1,,,,,https://chavrutai.com/search?q=%E1%B8%A4anin+ben+Pine%E1%B8%A5as&type=talmud,,,,,,,,,,
Ḥanina bar Ḥama,names,,3,https://en.wikipedia.org/wiki/Hanina_bar_Hama,https://he.wikipedia.org/wiki/%D7%A8%D7%91%D7%99_%D7%97%D7%A0%D7%99%D7%A0%D7%90_%D7%91%D7%A8_%D7%97%D7%9E%D7%90,Hanina bar Hama,רבי חנינא בר חמא,https://chavrutai.com/search?q=%E1%B8%A4anina+bar+%E1%B8%A4ama&type=talmud,wikidata_seed_qid,Q1062209,,,,Johanan bar Nappaha,200,Babylon,250,Syria Palaestina
Ḥanina ben Ḥakhinai,names,,2,,,,,https://chavrutai.com/search?q=%E1%B8%A4anina+ben+%E1%B8%A4akhinai&type=talmud,,,,,,,,,,
Ḥanina ben Ḥizkiyya,names,,1,,,,,https://chavrutai.com/search?q=%E1%B8%A4anina+ben+%E1%B8%A4izkiyya&type=talmud,,,,,,,,,,
"Ḥanina, son of Rabbi Ḥama",names,,-,,,,,https://chavrutai.com/search?q=%E1%B8%A4anina%2C+son+of+Rabbi+%E1%B8%A4ama&type=talmud,,,,,,,,,,
"Ḥanina, son of Rabbi Yehoshua",names,,-,,,,,https://chavrutai.com/search?q=%E1%B8%A4anina%2C+son+of+Rabbi+Yehoshua&type=talmud,,,,,,,,,,
"Ḥanina, son of Rabbi Yehoshua’s brother",names,,2,,,,,https://chavrutai.com/search?q=%E1%B8%A4anina%2C+son+of+Rabbi+Yehoshua%E2%80%99s+brother&type=talmud,,,,,,,,,,
Hannah,biblicalNames,,19,https://en.wikipedia.org/wiki/Hannah_(biblical_figure),https://he.wikipedia.org/wiki/%D7%97%D7%A0%D7%94,Hannah (biblical figure),חנה,https://chavrutai.com/search?q=Hannah&type=talmud,biblical_names_api_review:disambiguation_only; manual_biblical_top30,Q2346367,,,,,-1200,,-1100,
Hanukkah,concepts,,52,https://en.wikipedia.org/wiki/Hanukkah,https://he.wikipedia.org/wiki/%D7%97%D7%A0%D7%95%D7%9B%D7%94,,חנוכה,https://chavrutai.com/search?q=Hanukkah&type=talmud,,Q130881,,,,,,,,
Har HaBarzel,talmudToponyms,,1,,,,,https://chavrutai.com/search?q=Har+HaBarzel&type=talmud,,,,,,,,,,
Har HaMelekh,talmudToponyms,,1,,,,,https://chavrutai.com/search?q=Har+HaMelekh&type=talmud,,,,,,,,,,
Har HaMishḥa,talmudToponyms,,1,,,,,https://chavrutai.com/search?q=Har+HaMish%E1%B8%A5a&type=talmud,,,,,,,,,,
Haran,biblicalNames,,4,https://en.wikipedia.org/wiki/Haran,https://he.wikipedia.org/wiki/%D7%94%D7%A8%D7%9F,Haran,הרן,https://chavrutai.com/search?q=Haran&type=talmud,biblical_names_api_review:verified_exact_or_redirect,Q1199156,Terah,,,,,Ur Kaśdim,,Ur Kaśdim
Ḥarim,talmudToponyms,,5,,,,,https://chavrutai.com/search?q=%E1%B8%A4arim&type=talmud,,,,,,,,,,
Harpanya,talmudToponyms,,8,,,,,https://chavrutai.com/search?q=Harpanya&type=talmud,,,,,,,,,,
Ḥarta De’argiz,talmudToponyms,,1,,,,,https://chavrutai.com/search?q=%E1%B8%A4arta+De%E2%80%99argiz&type=talmud,,,,,,,,,,
Ḥaruta,names,,3,,,,,https://chavrutai.com/search?q=%E1%B8%A4aruta&type=talmud,,,,,,,,,,
Hasid,concepts,,2,https://en.wikipedia.org/wiki/Hasid#Hebrew_etymology,https://he.wikipedia.org/wiki/%D7%97%D7%A1%D7%99%D7%93_(%D7%94%D7%9C%D7%9B%D7%94),Hasid,חסיד (הלכה),https://chavrutai.com/search?q=Hasid&type=talmud,blog,Q27162357,,,,,,,,
Hasmonean,concepts;names,Hasmoneans,22,https://en.wikipedia.org/wiki/Hasmonean_dynasty,https://he.wikipedia.org/wiki/%D7%97%D7%A9%D7%9E%D7%95%D7%A0%D7%90%D7%99%D7%9D,Hasmonean dynasty,חשמונאים,https://chavrutai.com/search?q=Hasmonean&type=talmud,blog,Q496922,,,,,,,,
Hathach,biblicalNames,,0,,,Hathach,,https://chavrutai.com/search?q=Hathach&type=talmud,biblical_names_api_review:no_exact_page,,,,,,,,,
Ḥatzdad crossing,talmudToponyms,,1,,,,,https://chavrutai.com/search?q=%E1%B8%A4atzdad+crossing&type=talmud,,,,,,,,,,
Hatzleponi,talmudToponyms,,1,,,,,https://chavrutai.com/search?q=Hatzleponi&type=talmud,,,,,,,,,,
Ḥavai bar Nanai,names,,-,,,,,https://chavrutai.com/search?q=%E1%B8%A4avai+bar+Nanai&type=talmud,,,,,,,,,,
Ḥaveil Yamma,talmudToponyms,,5,,,,,https://chavrutai.com/search?q=%E1%B8%A4aveil+Yamma&type=talmud,,,,,,,,,,
Ḥavran,talmudToponyms,,2,,,,,https://chavrutai.com/search?q=%E1%B8%A4avran&type=talmud,,,,,,,,,,
Tzelelponit,biblicalNames,Hazzelelponi,1,https://en.wikipedia.org/wiki/Hazzelelponi,https://he.wikipedia.org/wiki/%D7%94%D7%A6%D7%9C%D7%9C%D7%A4%D7%95%D7%A0%D7%99,Hazzelelponi,הצללפוני,https://chavrutai.com/search?q=Tzelelponit&type=talmud,biblical_names_api_review:verified_exact_or_redirect,Q14579312,,,,,,,,
he household of Guryon,names,,-,,,,,https://chavrutai.com/search?q=he+household+of+Guryon&type=talmud,,,,,,,,,,
Hebrew calendar,concepts,,0,https://en.wikipedia.org/wiki/Hebrew_calendar#Months,https://he.wikipedia.org/wiki/%D7%94%D7%9C%D7%95%D7%97_%D7%94%D7%A2%D7%91%D7%A8%D7%99,Hebrew calendar,הלוח העברי,https://chavrutai.com/search?q=Hebrew+calendar&type=talmud,blog,Q44722,,,,,,,,
Hebron,talmudToponyms,,21,https://en.wikipedia.org/wiki/Hebron,https://he.wikipedia.org/wiki/%D7%97%D7%91%D7%A8%D7%95%D7%9F,Hebron,חברון,https://chavrutai.com/search?q=Hebron&type=talmud,blog,Q168225,,,,,,,,
Ḥeger,talmudToponyms,,2,,,,,https://chavrutai.com/search?q=%E1%B8%A4eger&type=talmud,,,,,,,,,,
heifer whose neck is broken,concepts,,57,,https://he.wikipedia.org/wiki/%D7%A2%D7%92%D7%9C%D7%94_%D7%A2%D7%A8%D7%95%D7%A4%D7%94,,עגלה ערופה,https://chavrutai.com/search?q=heifer+whose+neck+is+broken&type=talmud,,Q6957383,,,,,,,,
Heker Well,talmudToponyms,,2,,,,,https://chavrutai.com/search?q=Heker+Well&type=talmud,,,,,,,,,,
Queen Helene,names,Helena of Adiabene,4,https://en.wikipedia.org/wiki/Helena_of_Adiabene,https://he.wikipedia.org/wiki/%D7%94%D7%9C%D7%A0%D7%99_%D7%94%D7%9E%D7%9C%D7%9B%D7%94,Helena of Adiabene,הלני המלכה,https://chavrutai.com/search?q=Queen+Helene&type=talmud,blog,Q2655769,,,,,-20,,56,
Helene,names,,2,,,,,https://chavrutai.com/search?q=Helene&type=talmud,,,,,,,,,,
Heman,biblicalNames,,1,,,Heman,,https://chavrutai.com/search?q=Heman&type=talmud,biblical_names_api_review:disambiguation_only,,,,,,,,,
Hepher,biblicalNames,,4,https://en.wikipedia.org/wiki/Hepher,,Hepher,,https://chavrutai.com/search?q=Hepher&type=talmud,biblical_names_api_review:verified_exact_or_redirect,Q107313004,,,,,,,,
heretics,concepts,Heresy in Judaism,38,https://en.wikipedia.org/wiki/Heresy_in_Judaism,https://he.wikipedia.org/wiki/%D7%9E%D7%99%D7%A0%D7%95%D7%AA_(%D7%99%D7%94%D7%93%D7%95%D7%AA),Heresy in Judaism,מינות (יהדות),https://chavrutai.com/search?q=heretics&type=talmud,blog,Q2889997,,,,,,,,
heretic,concepts,Heresy in Judaism,49,https://en.wikipedia.org/wiki/Heresy_in_Judaism#Rabbinic_definition_of_heresy,https://he.wikipedia.org/wiki/%D7%9E%D7%99%D7%A0%D7%95%D7%AA_(%D7%99%D7%94%D7%93%D7%95%D7%AA),Heresy in Judaism,מינות (יהדות),https://chavrutai.com/search?q=heretic&type=talmud,blog,Q2889997,,,,,,,,
hermaphrodite,concepts,,92,https://en.wikipedia.org/wiki/Androgynos,https://he.wikipedia.org/wiki/%D7%90%D7%A0%D7%93%D7%A8%D7%95%D7%92%D7%99%D7%A0%D7%95%D7%A1_(%D7%94%D7%9C%D7%9B%D7%94),Androgynos,אנדרוגינוס (הלכה),https://chavrutai.com/search?q=hermaphrodite&type=talmud,manual_concepts_top_missing_he_pass2,Q5530955,,,,,,,,
Herod,names,,5,,,,,https://chavrutai.com/search?q=Herod&type=talmud,,,,,,,,,,
King Agrippa,names,Herod Agrippa,3,https://en.wikipedia.org/wiki/Herod_Agrippa,https://he.wikipedia.org/wiki/%D7%90%D7%92%D7%A8%D7%99%D7%A4%D7%A1_%D7%94%D7%A8%D7%90%D7%A9%D7%95%D7%9F,Herod Agrippa,אגריפס הראשון,https://chavrutai.com/search?q=King+Agrippa&type=talmud,blog,Q298636,Aristobulus IV,,,,-10,,44,Caesarea Maritima
Herod the slave,names,,1,,,,,https://chavrutai.com/search?q=Herod+the+slave&type=talmud,,,,,,,,,,
Hezekiah,biblicalNames,"Hezekiah, king of Judea; King Hezekiah",63,https://en.wikipedia.org/wiki/Hezekiah,https://he.wikipedia.org/wiki/%D7%97%D7%96%D7%A7%D7%99%D7%94%D7%95,Hezekiah,חזקיהו,https://chavrutai.com/search?q=Hezekiah&type=talmud,biblical_names_api_review:verified_exact_or_redirect,Q244912,Ahaz,,,,-741,Jerusalem,-687; -686,Jerusalem
Hezron,biblicalNames,,2,https://en.wikipedia.org/wiki/Hezron,https://he.wikipedia.org/wiki/%D7%97%D7%A6%D7%A8%D7%95%D7%9F,Hezron,חצרון,https://chavrutai.com/search?q=Hezron&type=talmud,biblical_names_api_review:verified_exact_or_redirect,Q6460268,,,,,,,,
Ḥidekel,talmudToponyms,,1,,,,,https://chavrutai.com/search?q=%E1%B8%A4idekel&type=talmud,,,,,,,,,,
Ḥidkei,talmudToponyms,,1,,,,,https://chavrutai.com/search?q=%E1%B8%A4idkei&type=talmud,,,,,,,,,,
High Priest,concepts,High Priest of Israel,430,https://en.wikipedia.org/wiki/High_Priest_of_Israel#Late_Second_Temple,https://he.wikipedia.org/wiki/%D7%9B%D7%94%D7%9F_%D7%92%D7%93%D7%95%D7%9C,High Priest of Israel,כהן גדול,https://chavrutai.com/search?q=High+Priest&type=talmud,blog,Q51677,,,,,,,,
Ḥilfa bar Agra,names,,1,,,,,https://chavrutai.com/search?q=%E1%B8%A4ilfa+bar+Agra&type=talmud,,,,,,,,,,
Hilkiah,biblicalNames,,2,https://en.wikipedia.org/wiki/Hilkiah,https://he.wikipedia.org/wiki/%D7%97%D7%9C%D7%A7%D7%99%D7%94%D7%95_%D7%91%D7%9F_%D7%A9%D7%9C%D7%95%D7%9D,Hilkiah,חלקיהו בן שלום,https://chavrutai.com/search?q=Hilkiah&type=talmud,biblical_names_api_review:verified_exact_or_redirect,Q3276278,Shallum,,,,,,,
Ḥillak,names,,1,,,,,https://chavrutai.com/search?q=%E1%B8%A4illak&type=talmud,,,,,,,,,,
Ḥillazon,talmudToponyms,,4,,,,,https://chavrutai.com/search?q=%E1%B8%A4illazon&type=talmud,,,,,,,,,,
Ḥillazon Nihavnad,talmudToponyms,,2,,,,,https://chavrutai.com/search?q=%E1%B8%A4illazon+Nihavnad&type=talmud,,,,,,,,,,
Hillel the Babylonian,names,,2,,,,,https://chavrutai.com/search?q=Hillel+the+Babylonian&type=talmud,,,,,,,,,,
Hillel,names,Hillel the Elder,69,https://en.wikipedia.org/wiki/Hillel_the_Elder,https://he.wikipedia.org/wiki/%D7%94%D7%9C%D7%9C_%D7%94%D7%96%D7%A7%D7%9F,Hillel the Elder,הלל הזקן,https://chavrutai.com/search?q=Hillel&type=talmud,blog,Q319219,,Shmaya; Abtalion,,Jonathan ben Uzziel; Johanan ben Zakai; Simeon ben Hillel; House of Hillel,-50; -100,Babylonia; Babylon,8; 100,Jerusalem
"Hillel, son of Rabbi Shmuel",names,,-,,,,,https://chavrutai.com/search?q=Hillel%2C+son+of+Rabbi+Shmuel&type=talmud,,,,,,,,,,
"Hillel, son of Rabbi Shmuel bar Naḥmani",names,,1,,,,,https://chavrutai.com/search?q=Hillel%2C+son+of+Rabbi+Shmuel+bar+Na%E1%B8%A5mani&type=talmud,,,,,,,,,,
Hini,talmudToponyms,,12,,,,,https://chavrutai.com/search?q=Hini&type=talmud,,,,,,,,,,
Ḥiram,biblicalNames,,2,,,,,https://chavrutai.com/search?q=%E1%B8%A4iram&type=talmud,biblical_names_api_review:no_exact_page,,,,,,,,,
"Ḥiram, king of Tyre",biblicalNames,,2,,,,,https://chavrutai.com/search?q=%E1%B8%A4iram%2C+king+of+Tyre&type=talmud,biblical_names_api_review:no_exact_page,,,,,,,,,
Hitlu,talmudToponyms,,1,,,,,https://chavrutai.com/search?q=Hitlu&type=talmud,,,,,,,,,,
Ḥivvai,names,,1,,,,,https://chavrutai.com/search?q=%E1%B8%A4ivvai&type=talmud,,,,,,,,,,
Ḥiyya bar Ashi,names,,2,https://en.wikipedia.org/wiki/Hiyya_bar_Ashi,https://he.wikipedia.org/wiki/%D7%A8%D7%91_%D7%97%D7%99%D7%99%D7%90_%D7%91%D7%A8_%D7%90%D7%A9%D7%99,Hiyya bar Ashi,רב חייא בר אשי,https://chavrutai.com/search?q=%E1%B8%A4iyya+bar+Ashi&type=talmud,wikidata_seed_qid,Q5872985,,,,,,,,
Ḥiyya bar Rabbi,names,,-,,,,,https://chavrutai.com/search?q=%E1%B8%A4iyya+bar+Rabbi&type=talmud,,,,,,,,,,
Ḥiyya bar Rav,names,,45,,,,,https://chavrutai.com/search?q=%E1%B8%A4iyya+bar+Rav&type=talmud,,,,,,,,,,
Hiyya bar Rav from Difti,names,,1,,,,,https://chavrutai.com/search?q=Hiyya+bar+Rav+from+Difti&type=talmud,,,,,,,,,,
Ḥiyya bar Rav of Difti,names,,3,,,,,https://chavrutai.com/search?q=%E1%B8%A4iyya+bar+Rav+of+Difti&type=talmud,,,,,,,,,,
Ḥiyya bar Rava,names,,1,,,,,https://chavrutai.com/search?q=%E1%B8%A4iyya+bar+Rava&type=talmud,,,,,,,,,,
"Ḥiyya, son of Rav",names,,1,,,,,https://chavrutai.com/search?q=%E1%B8%A4iyya%2C+son+of+Rav&type=talmud,,,,,,,,,,
Ḥizkiya,names,,32,,,,,https://chavrutai.com/search?q=%E1%B8%A4izkiya&type=talmud,,,,,,,,,,
"Ḥizkiya, son of Rabbi Parnakh",names,,1,,,,,https://chavrutai.com/search?q=%E1%B8%A4izkiya%2C+son+of+Rabbi+Parnakh&type=talmud,,,,,,,,,,
Ḥizkiyya,names,,130,,,,,https://chavrutai.com/search?q=%E1%B8%A4izkiyya&type=talmud,,,,,,,,,,
Ḥizkiyya bar Biluto,names,,-,,,,,https://chavrutai.com/search?q=%E1%B8%A4izkiyya+bar+Biluto&type=talmud,,,,,,,,,,
Ḥizkiyya the father of Ikkesh,names,"Ḥizkiyya, the father of Ikkesh",2,,,,,https://chavrutai.com/search?q=%E1%B8%A4izkiyya+the+father+of+Ikkesh&type=talmud,,,,,,,,,,
Hodu,biblicalNations;talmudToponyms,,4,,,,,https://chavrutai.com/search?q=Hodu&type=talmud,,,,,,,,,,
Ḥofni and Pineḥas the sons of Eli,biblicalNames,,1,,,,,https://chavrutai.com/search?q=%E1%B8%A4ofni+and+Pine%E1%B8%A5as+the+sons+of+Eli&type=talmud,biblical_names_api_review:no_exact_page,,,,,,,,,
Holy of Holies,concepts,,31,https://en.wikipedia.org/wiki/Holy_of_Holies,https://he.wikipedia.org/wiki/%D7%A7%D7%95%D7%93%D7%A9_%D7%94%D7%A7%D7%95%D7%93%D7%A9%D7%99%D7%9D,Holy of Holies,קודש הקודשים,https://chavrutai.com/search?q=Holy+of+Holies&type=talmud,blog,Q3620148,,,,,,,,
Holy Spirit in Judaism,concepts,Holy Spirit,0,https://en.wikipedia.org/wiki/Holy_Spirit_in_Judaism,https://he.wikipedia.org/wiki/%D7%A8%D7%95%D7%97_%D7%94%D7%A7%D7%95%D7%93%D7%A9_(%D7%99%D7%94%D7%93%D7%95%D7%AA),Holy Spirit in Judaism,רוח הקודש (יהדות),https://chavrutai.com/search?q=Holy+Spirit+in+Judaism&type=talmud,blog,Q2604769,,,,,,,,
Ḥoma,names,,-,,,,,https://chavrutai.com/search?q=%E1%B8%A4oma&type=talmud,,,,,,,,,,
"Ḥoma, Abaye’s wife",names,,1,,,,,https://chavrutai.com/search?q=%E1%B8%A4oma%2C+Abaye%E2%80%99s+wife&type=talmud,,,,,,,,,,
Homanya,talmudToponyms,,3,,,,,https://chavrutai.com/search?q=Homanya&type=talmud,,,,,,,,,,
"Hon, son of Rav Naḥman",names,,2,,,,,https://chavrutai.com/search?q=Hon%2C+son+of+Rav+Na%E1%B8%A5man&type=talmud,,,,,,,,,,
Ḥoni HaMe’aggel,names,,7,,,,,https://chavrutai.com/search?q=%E1%B8%A4oni+HaMe%E2%80%99aggel&type=talmud,,,,,,,,,,
Hophni,biblicalNames,Hophni and Phinehas,2,https://en.wikipedia.org/wiki/Hophni_and_Phinehas,https://he.wikipedia.org/wiki/%D7%97%D7%A4%D7%A0%D7%99_%D7%95%D7%A4%D7%99%D7%A0%D7%97%D7%A1,Hophni and Phinehas,חפני ופינחס,https://chavrutai.com/search?q=Hophni&type=talmud,biblical_names_api_review:verified_exact_or_redirect,Q2918302,,,,,,,,
Hurmiz,names,Hormizd,3,https://en.wikipedia.org/wiki/Hormizd,,Hormizd,,https://chavrutai.com/search?q=Hurmiz&type=talmud,blog,Q1628250,,,,,,,,
Hosea,biblicalNames,"Hosea, son of Beeri",13,https://en.wikipedia.org/wiki/Hosea,https://he.wikipedia.org/wiki/%D7%94%D7%95%D7%A9%D7%A2_%D7%91%D7%9F_%D7%91%D7%90%D7%A8%D7%99,Hosea,הושע בן בארי,https://chavrutai.com/search?q=Hosea&type=talmud,biblical_names_api_review:verified_exact_or_redirect,Q665541,Beeri,Zechariah ben Jehoiada,,Amos,-784,Kingdom of Israel,,Safed
Ḥosekei,talmudToponyms,,1,,,,,https://chavrutai.com/search?q=%E1%B8%A4osekei&type=talmud,,,,,,,,,,
Rav Oshaya,names,Hoshaiah II,55,https://en.wikipedia.org/wiki/Hoshaiah_II,https://he.wikipedia.org/wiki/%D7%A8%D7%91_%D7%90%D7%95%D7%A9%D7%A2%D7%99%D7%90,Hoshaiah II,רב אושעיא,https://chavrutai.com/search?q=Rav+Oshaya&type=talmud,blog,Q5907959,,,,,,Babylon,350,Palestine
Hoshea ben Elah,biblicalNames,,0,,,,,https://chavrutai.com/search?q=Hoshea+ben+Elah&type=talmud,biblical_names_api_review:no_exact_page,,,,,,,,,
"Hoshea, son of Ela",biblicalNames,,2,https://en.wikipedia.org/wiki/Hoshea,https://he.wikipedia.org/wiki/%D7%94%D7%95%D7%A9%D7%A2_%D7%91%D7%9F_%D7%90%D7%9C%D7%94,Hoshea,הושע בן אלה,https://chavrutai.com/search?q=Hoshea%2C+son+of+Ela&type=talmud,biblical_names_api_review:no_exact_page; enwiki_api_exact,Q319038,Elah,,,,-759,,-723,
"Hoshea, son of Elah",biblicalNames,,0,https://en.wikipedia.org/wiki/Hoshea,https://he.wikipedia.org/wiki/%D7%94%D7%95%D7%A9%D7%A2_%D7%91%D7%9F_%D7%90%D7%9C%D7%94,Hoshea,הושע בן אלה,https://chavrutai.com/search?q=Hoshea%2C+son+of+Elah&type=talmud,biblical_names_api_review:no_exact_page; enwiki_api_exact,Q319038,Elah,,,,-759,,-723,
host [ushpizikhnei] of Rabbi Tavla,names,,-,,,,,https://chavrutai.com/search?q=host+%5Bushpizikhnei%5D+of+Rabbi+Tavla&type=talmud,,,,,,,,,,
hot springs of Tiberias,talmudToponyms,,14,,,,,https://chavrutai.com/search?q=hot+springs+of+Tiberias&type=talmud,,,,,,,,,,
House of Avtinas,names,the house of Avtinas,22,https://en.wikipedia.org/wiki/House_of_Avtinas,https://he.wikipedia.org/wiki/%D7%91%D7%99%D7%AA_%D7%90%D7%91%D7%98%D7%99%D7%A0%D7%A1,House of Avtinas,בית אבטינס,https://chavrutai.com/search?q=House+of+Avtinas&type=talmud,blog,Q5914712,,,,,,,,
house of Natzrefei,talmudToponyms,,1,,,,,https://chavrutai.com/search?q=house+of+Natzrefei&type=talmud,,,,,,,,,,
Ḥova,names,,4,,,,,https://chavrutai.com/search?q=%E1%B8%A4ova&type=talmud,,,,,,,,,,
Hugras ben Levi,names,,2,,,,,https://chavrutai.com/search?q=Hugras+ben+Levi&type=talmud,,,,,,,,,,
Huldah,biblicalNames,Huldah the prophetess,4,https://en.wikipedia.org/wiki/Huldah,https://he.wikipedia.org/wiki/%D7%97%D7%95%D7%9C%D7%93%D7%94_%D7%94%D7%A0%D7%91%D7%99%D7%90%D7%94,Huldah,חולדה הנביאה,https://chavrutai.com/search?q=Huldah&type=talmud,biblical_names_api_review:verified_exact_or_redirect,Q583207,,,,,,,,
Ḥulfana,names,,1,,,,,https://chavrutai.com/search?q=%E1%B8%A4ulfana&type=talmud,,,,,,,,,,
"Ḥuma, the daughter of Isi, son of Rav Yitzḥak, son of Rav Yehuda",names,,1,,,,,https://chavrutai.com/search?q=%E1%B8%A4uma%2C+the+daughter+of+Isi%2C+son+of+Rav+Yitz%E1%B8%A5ak%2C+son+of+Rav+Yehuda&type=talmud,,,,,,,,,,
Huna bar Natan,names,Huna bar Nathan,9,https://en.wikipedia.org/wiki/Huna_bar_Nathan,https://he.wikipedia.org/wiki/%D7%A8%D7%91_%D7%94%D7%95%D7%A0%D7%90_%D7%91%D7%A8%D7%99%D7%94_%D7%93%D7%A8%D7%91_%D7%A0%D7%AA%D7%9F,Huna bar Nathan,רב הונא בריה דרב נתן,https://chavrutai.com/search?q=Huna+bar+Natan&type=talmud,blog,Q454405,,,,,400,Babylon,500,Babylon
Rav Huna son of Rav Yehoshua,names,"Huna ben Joshua; Rav Huna, son of Rav Yehoshua",201,https://en.wikipedia.org/wiki/Huna_ben_Joshua,https://he.wikipedia.org/wiki/%D7%A8%D7%91_%D7%94%D7%95%D7%A0%D7%90_%D7%91%D7%A8%D7%99%D7%94_%D7%93%D7%A8%D7%91_%D7%99%D7%94%D7%95%D7%A9%D7%A2,Huna ben Joshua,רב הונא בריה דרב יהושע,https://chavrutai.com/search?q=Rav+Huna+son+of+Rav+Yehoshua&type=talmud,blog,Q1637336,,,,,400,,410,
Huna Mar bar Mareimar,names,,1,,,,,https://chavrutai.com/search?q=Huna+Mar+bar+Mareimar&type=talmud,,,,,,,,,,
"Huna Mar, grandson of Rav Neḥemya",names,,1,,,,,https://chavrutai.com/search?q=Huna+Mar%2C+grandson+of+Rav+Ne%E1%B8%A5emya&type=talmud,,,,,,,,,,
"Huna Mar, son of Rav Idi",names,,1,,,,,https://chavrutai.com/search?q=Huna+Mar%2C+son+of+Rav+Idi&type=talmud,,,,,,,,,,
"Huna Mar, son of Rav Neḥemya",names,,1,,,,,https://chavrutai.com/search?q=Huna+Mar%2C+son+of+Rav+Ne%E1%B8%A5emya&type=talmud,,,,,,,,,,
"Huna Mar, son of Rava, from Parzakya",names,,1,,,,,https://chavrutai.com/search?q=Huna+Mar%2C+son+of+Rava%2C+from+Parzakya&type=talmud,,,,,,,,,,
"Huna, son of Mar",names,,-,,,,,https://chavrutai.com/search?q=Huna%2C+son+of+Mar&type=talmud,,,,,,,,,,
"Huna, son of Mar Zutra",names,,1,,,,,https://chavrutai.com/search?q=Huna%2C+son+of+Mar+Zutra&type=talmud,,,,,,,,,,
"Huna, son of Rav Naḥman",names,,1,,,,,https://chavrutai.com/search?q=Huna%2C+son+of+Rav+Na%E1%B8%A5man&type=talmud,,,,,,,,,,
"Hurmin, son of Lilith",names,,1,,,,,https://chavrutai.com/search?q=Hurmin%2C+son+of+Lilith&type=talmud,,,,,,,,,,
Hurmiz Ardeshid,talmudToponyms,,1,,,,,https://chavrutai.com/search?q=Hurmiz+Ardeshid&type=talmud,,,,,,,,,,
"Hushim, the son of Dan",biblicalNames,,1,,,,,https://chavrutai.com/search?q=Hushim%2C+the+son+of+Dan&type=talmud,biblical_names_api_review:no_exact_page,,,,,,,,,
Hutzal,talmudToponyms,,6,,,,,https://chavrutai.com/search?q=Hutzal&type=talmud,,,,,,,,,,
Hutzal deVinyamin,talmudToponyms,,1,,,,,https://chavrutai.com/search?q=Hutzal+deVinyamin&type=talmud,,,,,,,,,,
Ḥutzpit the disseminator,names,,2,,,,,https://chavrutai.com/search?q=%E1%B8%A4utzpit+the+disseminator&type=talmud,,,,,,,,,,
Huzal,talmudToponyms,,9,,,,,https://chavrutai.com/search?q=Huzal&type=talmud,,,,,,,,,,
Hyrcanus,names,,4,,,,,https://chavrutai.com/search?q=Hyrcanus&type=talmud,,,,,,,,,,
"Hyrcanus, son of Rabbi Eliezer ben Hyrcanus",names,,1,,,,,https://chavrutai.com/search?q=Hyrcanus%2C+son+of+Rabbi+Eliezer+ben+Hyrcanus&type=talmud,,,,,,,,,,
"Hyrcanus, the son of Rabbi Eliezer ben Hyrcanus",names,,1,,,,,https://chavrutai.com/search?q=Hyrcanus%2C+the+son+of+Rabbi+Eliezer+ben+Hyrcanus&type=talmud,,,,,,,,,,
Ibzan,biblicalNames,,1,https://en.wikipedia.org/wiki/Ibzan,https://he.wikipedia.org/wiki/%D7%90%D7%91%D7%A6%D7%9F,Ibzan,אבצן,https://chavrutai.com/search?q=Ibzan&type=talmud,biblical_names_api_review:verified_exact_or_redirect,Q645796,,,,,,Bethlehem of Galilee,,Bethlehem of Galilee
Iddo,biblicalNames,,3,,,,,https://chavrutai.com/search?q=Iddo&type=talmud,biblical_names_api_review:disambiguation_only,,,,,,,,,
Iddo the prophet,biblicalNames,,1,,,,,https://chavrutai.com/search?q=Iddo+the+prophet&type=talmud,biblical_names_api_review:no_exact_page,,,,,,,,,
Rav Idi bar Avin,names,Idi b. Abin Naggara,63,https://en.wikipedia.org/wiki/Idi_b._Abin_Naggara,https://he.wikipedia.org/wiki/%D7%A8%D7%91_%D7%90%D7%99%D7%93%D7%99_%D7%91%D7%A8_%D7%90%D7%91%D7%99%D7%9F,Idi b. Abin Naggara,רב אידי בר אבין,https://chavrutai.com/search?q=Rav+Idi+bar+Avin&type=talmud,blog,Q10971640,Rabbi Abin Naggara,Rav Itzhak Bar Ashian; Rav Amram; Rav Chisda,Pumbedita Academy,,,,,
idol worship,concepts,,508,https://en.wikipedia.org/wiki/Idolatry,,,עבודת אלילים,https://chavrutai.com/search?q=idol+worship&type=talmud,,Q840665,,,,,,,,
idolatrous worship,concepts,,15,,,,,https://chavrutai.com/search?q=idolatrous+worship&type=talmud,,,,,,,,,,
Ifera Hurmiz,names,,-,,,,,https://chavrutai.com/search?q=Ifera+Hurmiz&type=talmud,,,,,,,,,,
"Ifera Hurmiz, the mother of King Shapur",names,,3,,,,,https://chavrutai.com/search?q=Ifera+Hurmiz%2C+the+mother+of+King+Shapur&type=talmud,,,,,,,,,,
"Ifra Hormiz, mother of King Shapur",names,,1,,,,,https://chavrutai.com/search?q=Ifra+Hormiz%2C+mother+of+King+Shapur&type=talmud,,,,,,,,,,
Ihi Dekira,talmudToponyms,,2,,,,,https://chavrutai.com/search?q=Ihi+Dekira&type=talmud,,,,,,,,,,
Ila,names,,3,,,,,https://chavrutai.com/search?q=Ila&type=talmud,,,,,,,,,,
Ilfa,names,,30,,,,,https://chavrutai.com/search?q=Ilfa&type=talmud,,,,,,,,,,
Ilfai,names,,1,,,,,https://chavrutai.com/search?q=Ilfai&type=talmud,,,,,,,,,,
Imma Shalom,names,Ima Shalom,2,https://en.wikipedia.org/wiki/Ima_Shalom,https://he.wikipedia.org/wiki/%D7%90%D7%99%D7%9E%D7%90_%D7%A9%D7%9C%D7%95%D7%9D,Ima Shalom,אימא שלום,https://chavrutai.com/search?q=Imma+Shalom&type=talmud,blog,Q16157607,Simeon ben Gamliel,,,,100,,,
"Imma Shalom, the wife of Rabbi Eliezer",names,,1,,,,,https://chavrutai.com/search?q=Imma+Shalom%2C+the+wife+of+Rabbi+Eliezer&type=talmud,,,,,,,,,,
Immer,biblicalNames,,5,https://en.wikipedia.org/wiki/Immer,,Immer,,https://chavrutai.com/search?q=Immer&type=talmud,biblical_names_api_review:verified_exact_or_redirect,Q6004809,,,,,,,,
impurity,concepts,,2023,https://en.wikipedia.org/wiki/Tumah_and_taharah,https://he.wikipedia.org/wiki/%D7%98%D7%95%D7%9E%D7%90%D7%94_%D7%95%D7%98%D7%94%D7%A8%D7%94,Tumah and taharah,טומאה וטהרה,https://chavrutai.com/search?q=impurity&type=talmud,manual_concepts_top_missing_he,Q358404,,,,,,,,
In the West,names,,141,,,,,https://chavrutai.com/search?q=In+the+West&type=talmud,,,,,,,,,,
Inbal,talmudToponyms,,2,,,,,https://chavrutai.com/search?q=Inbal&type=talmud,,,,,,,,,,
Inbul,talmudToponyms,,1,,,,,https://chavrutai.com/search?q=Inbul&type=talmud,,,,,,,,,,
incense,concepts,,193,https://en.wikipedia.org/wiki/Incense_offering,https://he.wikipedia.org/wiki/%D7%A7%D7%98%D7%95%D7%A8%D7%AA_%D7%94%D7%A1%D7%9E%D7%99%D7%9D,Incense offering,קטורת הסמים,https://chavrutai.com/search?q=incense&type=talmud,manual_concepts_top_missing_he_pass2,Q2910931,,,,,,,,
India,talmudToponyms,,6,,,,,https://chavrutai.com/search?q=India&type=talmud,,,,,,,,,,
informer,concepts,,9,,,,,https://chavrutai.com/search?q=informer&type=talmud,,,,,,,,,,
an idolatrous city,concepts,Ir nidachat,39,https://en.wikipedia.org/wiki/Ir_nidachat,https://he.wikipedia.org/wiki/%D7%A2%D7%99%D7%A8_%D7%94%D7%A0%D7%99%D7%93%D7%97%D7%AA,Ir nidachat,עיר הנידחת,https://chavrutai.com/search?q=an+idolatrous+city&type=talmud,blog,Q3183591,,,,,,,,
Ira HaYa’iri,biblicalNames,,3,,,,,https://chavrutai.com/search?q=Ira+HaYa%E2%80%99iri&type=talmud,biblical_names_api_review:no_exact_page,,,,,,,,,
Ira the Yairite,biblicalNames,,1,,,,,https://chavrutai.com/search?q=Ira+the+Yairite&type=talmud,biblical_names_api_review:no_exact_page,,,,,,,,,
Isaac,biblicalNames,"Isaac, son of Abraham",70,https://en.wikipedia.org/wiki/Isaac,https://he.wikipedia.org/wiki/%D7%99%D7%A6%D7%97%D7%A7,Isaac,יצחק,https://chavrutai.com/search?q=Isaac&type=talmud,biblical_names_api_review:verified_exact_or_redirect,Q671872,Abraham,,,,-1851,Canaan,-1533; -1671,Canaan
Isaiah,biblicalNames,,27,https://en.wikipedia.org/wiki/Isaiah,https://he.wikipedia.org/wiki/%D7%99%D7%A9%D7%A2%D7%99%D7%94%D7%95,Isaiah,ישעיהו,https://chavrutai.com/search?q=Isaiah&type=talmud,biblical_names_api_review:verified_exact_or_redirect,Q188794,Amoz,Amos,,Micah,-766,Kingdom of Judah,-686,
Iscah,biblicalNames,,5,https://en.wikipedia.org/wiki/Iscah,https://he.wikipedia.org/wiki/%D7%99%D7%A1%D7%9B%D7%94,Iscah,יסכה,https://chavrutai.com/search?q=Iscah&type=talmud,biblical_names_api_review:verified_exact_or_redirect,Q6079192,Haran,,,,,Mesopotamia,,
Ish Boshet,biblicalNames,,1,,,,,https://chavrutai.com/search?q=Ish+Boshet&type=talmud,biblical_names_api_review:no_exact_page,,,,,,,,,
Ishbi in Nob,biblicalNames,,1,,,,,https://chavrutai.com/search?q=Ishbi+in+Nob&type=talmud,biblical_names_api_review:no_exact_page,,,,,,,,,
Ish-bosheth,biblicalNames,,1,https://en.wikipedia.org/wiki/Ish-bosheth,https://he.wikipedia.org/wiki/%D7%90%D7%99%D7%A9_%D7%91%D7%95%D7%A9%D7%AA,Ish-bosheth,איש בושת,https://chavrutai.com/search?q=Ish-bosheth&type=talmud,biblical_names_api_review:verified_exact_or_redirect,Q313238,Saul,,,,-1050,,-1010,
Ishi,biblicalNames,,2,https://en.wikipedia.org/wiki/Ishi,https://he.wikipedia.org/wiki/%D7%90%D7%99%D7%A9%D7%99,Ishi,אישי,https://chavrutai.com/search?q=Ishi&type=talmud,biblical_names_api_review:verified_exact_or_redirect,Q982102,,,,,1860,Northern California,1916-03-25,"University of California, Berkeley"
Ishmael,biblicalNames,"Ishmael, son of Abraham; Ishmael, son of Nethaniah",25,https://en.wikipedia.org/wiki/Ishmael,https://he.wikipedia.org/wiki/%D7%99%D7%A9%D7%9E%D7%A2%D7%90%D7%9C,Ishmael,ישמעאל,https://chavrutai.com/search?q=Ishmael&type=talmud,biblical_names_api_review:verified_exact_or_redirect,Q183403,Abraham,,,,,Canaan,-1590,Arabian Peninsula
Yishmael ben Elisha,names,Ishmael ben Elisha HaKohen,1,https://en.wikipedia.org/wiki/Ishmael_ben_Elisha_HaKohen,https://he.wikipedia.org/wiki/%D7%A8%D7%91%D7%99_%D7%99%D7%A9%D7%9E%D7%A2%D7%90%D7%9C_%D7%91%D7%9F_%D7%90%D7%9C%D7%99%D7%A9%D7%A2_%D7%9B%D7%94%D7%9F_%D7%92%D7%93%D7%95%D7%9C,Ishmael ben Elisha HaKohen,רבי ישמעאל בן אלישע כהן גדול,https://chavrutai.com/search?q=Yishmael+ben+Elisha&type=talmud,blog,Q2070152,,,,,,,,Israel
Ishmaelites,names,,4,https://en.wikipedia.org/wiki/Ishmaelites,https://he.wikipedia.org/wiki/%D7%99%D7%A9%D7%9E%D7%A2%D7%90%D7%9C%D7%99%D7%9D,Ishmaelites,ישמעאלים,https://chavrutai.com/search?q=Ishmaelites&type=talmud,blog,Q2597041,,,,,,,,
Ishtetit River,talmudToponyms,,1,,,,,https://chavrutai.com/search?q=Ishtetit+River&type=talmud,,,,,,,,,,
Isi,names,,10,,,,,https://chavrutai.com/search?q=Isi&type=talmud,,,,,,,,,,
Isi bar Hini,names,,1,,,,,https://chavrutai.com/search?q=Isi+bar+Hini&type=talmud,,,,,,,,,,
Isi bar Natan,names,,2,,,,,https://chavrutai.com/search?q=Isi+bar+Natan&type=talmud,,,,,,,,,,
Isi bar Yehuda,names,,1,,,,,https://chavrutai.com/search?q=Isi+bar+Yehuda&type=talmud,,,,,,,,,,
Isi ben Akavya,names,,1,,,,,https://chavrutai.com/search?q=Isi+ben+Akavya&type=talmud,,,,,,,,,,
Isi ben Akiva,names,,1,,,,,https://chavrutai.com/search?q=Isi+ben+Akiva&type=talmud,,,,,,,,,,
Isi ben Gamliel,names,,3,,,,,https://chavrutai.com/search?q=Isi+ben+Gamliel&type=talmud,,,,,,,,,,
Isi ben Gur Arye,names,,3,,,,,https://chavrutai.com/search?q=Isi+ben+Gur+Arye&type=talmud,,,,,,,,,,
Isi ben Mahalalel,names,,3,,,,,https://chavrutai.com/search?q=Isi+ben+Mahalalel&type=talmud,,,,,,,,,,
Isi ben Menaḥem,names,,2,,,,,https://chavrutai.com/search?q=Isi+ben+Mena%E1%B8%A5em&type=talmud,,,,,,,,,,
Isi ben Yehuda,names,,29,,,,,https://chavrutai.com/search?q=Isi+ben+Yehuda&type=talmud,,,,,,,,,,
"Isi, father of Rabbi Zeira",names,,1,,,,,https://chavrutai.com/search?q=Isi%2C+father+of+Rabbi+Zeira&type=talmud,,,,,,,,,,
islands [nissin] that are in the sea,talmudToponyms,,0,,,,,https://chavrutai.com/search?q=islands+%5Bnissin%5D+that+are+in+the+sea&type=talmud,,,,,,,,,,
Israel,biblicalNations,,473,https://en.wikipedia.org/wiki/Israel,https://he.wikipedia.org/wiki/%D7%99%D7%A9%D7%A8%D7%90%D7%9C,Israel,ישראל,https://chavrutai.com/search?q=Israel&type=talmud,blog,Q801,,,,,,,,
Israelite,biblicalNations,,301,https://en.wikipedia.org/wiki/Israelites,https://he.wikipedia.org/wiki/%D7%91%D7%A0%D7%99_%D7%99%D7%A9%D7%A8%D7%90%D7%9C,Israelites,בני ישראל,https://chavrutai.com/search?q=Israelite&type=talmud,manual_top_count_review_20260307,Q4855689,,,,,,,,
Israelites,concepts,,114,https://en.wikipedia.org/wiki/Israelites,https://he.wikipedia.org/wiki/%D7%91%D7%A0%D7%99_%D7%99%D7%A9%D7%A8%D7%90%D7%9C,Israelites,בני ישראל,https://chavrutai.com/search?q=Israelites&type=talmud,blog; manual_concepts_he_first_pass,Q4855689,,,,,,,,
Issachar,biblicalNames,,5,https://en.wikipedia.org/wiki/Issachar,https://he.wikipedia.org/wiki/%D7%99%D7%A9%D7%A9%D7%9B%D7%A8,Issachar,יששכר,https://chavrutai.com/search?q=Issachar&type=talmud,biblical_names_api_review:verified_exact_or_redirect,Q651256,Jacob,,,,,Paddan Aram,,
Issur,names,,3,,,,,https://chavrutai.com/search?q=Issur&type=talmud,,,,,,,,,,
Issur the Convert,names,,2,,,,,https://chavrutai.com/search?q=Issur+the+Convert&type=talmud,,,,,,,,,,
Istahar,biblicalNames,,1,,,,,https://chavrutai.com/search?q=Istahar&type=talmud,biblical_names_api_review:no_exact_page,,,,,,,,,
Italy of Greece,talmudToponyms,,1,,,,,https://chavrutai.com/search?q=Italy+of+Greece&type=talmud,,,,,,,,,,
Ittai the Gittite,biblicalNames,,4,,,,,https://chavrutai.com/search?q=Ittai+the+Gittite&type=talmud,biblical_names_api_review:no_exact_page,,,,,,,,,
Ivrit,biblicalNations,,6,,,,,https://chavrutai.com/search?q=Ivrit&type=talmud,,,,,,,,,,
Ivut bar Ihi,names,,2,,,,,https://chavrutai.com/search?q=Ivut+bar+Ihi&type=talmud,,,,,,,,,,
Iyya,names,,1,,,,,https://chavrutai.com/search?q=Iyya&type=talmud,,,,,,,,,,
"Izgadar, king",names,,1,,,,,https://chavrutai.com/search?q=Izgadar%2C+king&type=talmud,,,,,,,,,,
Jacob,biblicalNames,"Jacob, our patriarch",124,https://en.wikipedia.org/wiki/Jacob,https://he.wikipedia.org/wiki/%D7%99%D7%A2%D7%A7%D7%91,Jacob,יעקב,https://chavrutai.com/search?q=Jacob&type=talmud,biblical_names_api_review:verified_exact_or_redirect,Q289957,Isaac,,,,-1791,Canaan,-1644,Ancient Egypt
Jacob our forefather,biblicalNames,,6,https://en.wikipedia.org/wiki/Jacob,https://he.wikipedia.org/wiki/%D7%99%D7%A2%D7%A7%D7%91,Jacob,יעקב,https://chavrutai.com/search?q=Jacob+our+forefather&type=talmud,biblical_names_api_review:no_exact_page; manual_biblical_top30,Q289957,Isaac,,,,-1791,Canaan,-1644,Ancient Egypt
Jael,biblicalNames,Yael,0,https://en.wikipedia.org/wiki/Jael,https://he.wikipedia.org/wiki/%D7%99%D7%A2%D7%9C_%D7%90%D7%A9%D7%AA_%D7%97%D7%91%D7%A8_%D7%94%D7%A7%D7%99%D7%A0%D7%99,Jael,יעל אשת חבר הקיני,https://chavrutai.com/search?q=Jael&type=talmud,biblical_names_api_review:verified_exact_or_redirect,Q954820,,,,,,,,
Jaffa,talmudToponyms,,3,,,,,https://chavrutai.com/search?q=Jaffa&type=talmud,,,,,,,,,,
Japheth,biblicalNames,,7,https://en.wikipedia.org/wiki/Japheth,https://he.wikipedia.org/wiki/%D7%99%D7%A4%D7%AA_%D7%91%D7%9F_%D7%A0%D7%97,Japheth,יפת בן נח,https://chavrutai.com/search?q=Japheth&type=talmud,biblical_names_api_review:verified_exact_or_redirect,Q200637,Noah,,,,,,,
Jered,biblicalNames,Jared,1,https://en.wikipedia.org/wiki/Jared,,Jared,,https://chavrutai.com/search?q=Jered&type=talmud,biblical_names_api_review:verified_exact_or_redirect,Q2001193,,,,,,,,
Jarmuth,talmudToponyms,,1,,,,,https://chavrutai.com/search?q=Jarmuth&type=talmud,,,,,,,,,,
Jeconiah,biblicalNames,Jehoiachin,8,https://en.wikipedia.org/wiki/Jeconiah,https://he.wikipedia.org/wiki/%D7%99%D7%94%D7%95%D7%99%D7%9B%D7%99%D7%9F,Jeconiah,יהויכין,https://chavrutai.com/search?q=Jeconiah&type=talmud,biblical_names_api_review:verified_exact_or_redirect,Q319049,Jehoiakim,,,,-616,Jerusalem,-597; -561,Babylon
Jedaiah,biblicalNames,,23,https://en.wikipedia.org/wiki/Jedaiah,https://he.wikipedia.org/wiki/%D7%9E%D7%A9%D7%9E%D7%A8%D7%AA_%D7%99%D7%93%D7%A2%D7%99%D7%94,Jedaiah,משמרת ידעיה,https://chavrutai.com/search?q=Jedaiah&type=talmud,biblical_names_api_review:verified_exact_or_redirect,Q6172657,,,,,,,,
Jeduthun,biblicalNames,,1,https://en.wikipedia.org/wiki/Jeduthun,https://he.wikipedia.org/wiki/%D7%99%D7%93%D7%95%D7%AA%D7%95%D7%9F,Jeduthun,ידותון,https://chavrutai.com/search?q=Jeduthun&type=talmud,biblical_names_api_review:verified_exact_or_redirect,Q3567244,,,,,,,,
Jehoahaz,biblicalNames,,5,,,Jehoahaz,,https://chavrutai.com/search?q=Jehoahaz&type=talmud,biblical_names_api_review:disambiguation_only,,,,,,,,,
Jehoiada,biblicalNames,Jehoiada the priest,18,https://en.wikipedia.org/wiki/Jehoiada,https://he.wikipedia.org/wiki/%D7%99%D7%94%D7%95%D7%99%D7%93%D7%A2_%D7%94%D7%9B%D7%94%D7%9F,Jehoiada,יהוידע הכהן,https://chavrutai.com/search?q=Jehoiada&type=talmud,biblical_names_api_review:verified_exact_or_redirect,Q2194240,,Elisha,,Zechariah ben Jehoiada,,,,
Jehoiakim,biblicalNames,,23,https://en.wikipedia.org/wiki/Jehoiakim,https://he.wikipedia.org/wiki/%D7%99%D7%94%D7%95%D7%99%D7%A7%D7%99%D7%9D,Jehoiakim,יהויקים,https://chavrutai.com/search?q=Jehoiakim&type=talmud,biblical_names_api_review:verified_exact_or_redirect,Q319034,Josiah,,,,-634,Jerusalem,-598,Jerusalem
Jehoiarib,biblicalNames,,7,https://en.wikipedia.org/wiki/Jehoiarib,https://he.wikipedia.org/wiki/%D7%9E%D7%A9%D7%9E%D7%A8%D7%AA_%D7%99%D7%94%D7%95%D7%99%D7%A8%D7%99%D7%91,Jehoiarib,משמרת יהויריב,https://chavrutai.com/search?q=Jehoiarib&type=talmud,biblical_names_api_review:verified_exact_or_redirect,Q6176482,,,,,,,,
Jonadab ben Rechab,biblicalNames,Jehonadab,1,https://en.wikipedia.org/wiki/Jehonadab,https://he.wikipedia.org/wiki/%D7%99%D7%94%D7%95%D7%A0%D7%93%D7%91_%D7%91%D7%9F_%D7%A8%D7%9B%D7%91,Jehonadab,יהונדב בן רכב,https://chavrutai.com/search?q=Jonadab+ben+Rechab&type=talmud,biblical_names_api_review:verified_exact_or_redirect,Q1278628,,,,,,,,
Jehoram,biblicalNames,,2,,,,,https://chavrutai.com/search?q=Jehoram&type=talmud,biblical_names_api_review:disambiguation_only,,,,,,,,,
"Jehoram, son of Ahab",biblicalNames,,1,,,,,https://chavrutai.com/search?q=Jehoram%2C+son+of+Ahab&type=talmud,biblical_names_api_review:no_exact_page,,,,,,,,,
Jehoshaphat,biblicalNames,"Jehosaphat; Jehoshaphat, king of Judea",15,https://en.wikipedia.org/wiki/Jehoshaphat,https://he.wikipedia.org/wiki/%D7%99%D7%94%D7%95%D7%A9%D7%A4%D7%98,Jehoshaphat,יהושפט,https://chavrutai.com/search?q=Jehoshaphat&type=talmud,biblical_names_api_review:verified_exact_or_redirect,Q126689,Asa,,,,-905,,-849,Kingdom of Judah
Jehu,biblicalNames,"Jehu, son of Nimshi",10,https://en.wikipedia.org/wiki/Jehu,https://he.wikipedia.org/wiki/%D7%99%D7%94%D7%95%D7%90,Jehu,יהוא,https://chavrutai.com/search?q=Jehu&type=talmud,biblical_names_api_review:verified_exact_or_redirect,Q313225,Jehoshaphat,,,,-876,Samaria,-814,Samaria
Jemimah,biblicalNames,Jemima,1,https://en.wikipedia.org/wiki/Jemima,,Jemima,,https://chavrutai.com/search?q=Jemimah&type=talmud,biblical_names_api_review:verified_exact_or_redirect,Q20002189,,,,,,,,
Jephthah,biblicalNames,Jephthah the Gileadite,4,https://en.wikipedia.org/wiki/Jephthah,https://he.wikipedia.org/wiki/%D7%99%D7%A4%D7%AA%D7%97_%D7%94%D7%92%D7%9C%D7%A2%D7%93%D7%99,Jephthah,יפתח הגלעדי,https://chavrutai.com/search?q=Jephthah&type=talmud,biblical_names_api_review:verified_exact_or_redirect,Q1133523,Gilead,,,,-1160,Gilead,-1080,
Jeremiah,biblicalNames,"Jeremiah, son of Hilkiah",27,https://en.wikipedia.org/wiki/Jeremiah,https://he.wikipedia.org/wiki/%D7%99%D7%A8%D7%9E%D7%99%D7%94%D7%95,Jeremiah,ירמיהו,https://chavrutai.com/search?q=Jeremiah&type=talmud,biblical_names_api_review:verified_exact_or_redirect,Q158825,Hilkiah,Zephaniah,,Baruch ben Neriah,-645,Anathoth,-587,Ancient Egypt
Jericho,talmudToponyms,,40,https://en.wikipedia.org/wiki/Jericho,https://he.wikipedia.org/wiki/%D7%99%D7%A8%D7%99%D7%97%D7%95,Jericho,יריחו,https://chavrutai.com/search?q=Jericho&type=talmud,blog,Q5687,,,,,,,,
Jeroboam,biblicalNames,"Jeroboam ben Joash; Jeroboam ben Nevat; Jeroboam, son of Joash; Jeroboam, son of Nebat; Jeroboam, son of Nevat",33,https://en.wikipedia.org/wiki/Jeroboam,https://he.wikipedia.org/wiki/%D7%99%D7%A8%D7%91%D7%A2%D7%9D_%D7%91%D7%9F_%D7%A0%D7%91%D7%98,Jeroboam,ירבעם בן נבט,https://chavrutai.com/search?q=Jeroboam&type=talmud,biblical_names_api_review:verified_exact_or_redirect,Q313219,Nebat,,,,-1000,Kingdom of Israel,-910,
Jerubaal,biblicalNames,,2,,,,,https://chavrutai.com/search?q=Jerubaal&type=talmud,biblical_names_api_review:no_exact_page,,,,,,,,,
Jerusalem,talmudToponyms,,452,https://en.wikipedia.org/wiki/Jerusalem,https://he.wikipedia.org/wiki/%D7%99%D7%A8%D7%95%D7%A9%D7%9C%D7%99%D7%9D,Jerusalem,ירושלים,https://chavrutai.com/search?q=Jerusalem&type=talmud,blog,Q1218,,,,,,,,
Jesse,biblicalNames,,1,,,Jesse,,https://chavrutai.com/search?q=Jesse&type=talmud,biblical_names_api_review:disambiguation_only,,,,,,,,,
Yishai,biblicalNames,"Jesse (biblical figure); Yishai, father of David",19,https://en.wikipedia.org/wiki/Jesse_(biblical_figure),https://he.wikipedia.org/wiki/%D7%99%D7%A9%D7%99,Jesse (biblical figure),ישי,https://chavrutai.com/search?q=Yishai&type=talmud,biblical_names_api_review:verified_exact_or_redirect,Q45090,Obed,,,,-1140,,-1020,
"Jesse, father of David",biblicalNames,,1,,,,,https://chavrutai.com/search?q=Jesse%2C+father+of+David&type=talmud,biblical_names_api_review:no_exact_page,,,,,,,,,
Jesus,names,,3,https://en.wikipedia.org/wiki/Jesus,https://he.wikipedia.org/wiki/%D7%99%D7%A9%D7%95,Jesus,ישו,https://chavrutai.com/search?q=Jesus&type=talmud,blog,Q302,Joseph; God the Father,,,"Saint Peter; Andrew the Apostle; St. James the Elder; John the Apostle; Philip the Apostle; Bartholomew the Apostle; Thomas the Apostle; Matthew the Apostle; James, son of Alphaeus; Jude the Apostle; Simon the Zealot; Judas Iscariot; Mary Magdalene; Matthias the Apostle",-7; -2; -5,Bethlehem; Nazareth,30-04-07; 33-04-03,Calvary
Jesus the Nazarene,names,,8,,,,,https://chavrutai.com/search?q=Jesus+the+Nazarene&type=talmud,,,,,,,,,,
Jew,biblicalNations,,549,https://en.wikipedia.org/wiki/Jews,https://he.wikipedia.org/wiki/%D7%99%D7%94%D7%95%D7%93%D7%99%D7%9D,Jews,יהודים,https://chavrutai.com/search?q=Jew&type=talmud,blog,Q7325,,,,,,,,
Jewish people,concepts,,616,https://en.wikipedia.org/wiki/Jews,https://he.wikipedia.org/wiki/%D7%99%D7%94%D7%95%D7%93%D7%99%D7%9D,Jews,יהודים,https://chavrutai.com/search?q=Jewish+people&type=talmud,manual_concepts_top_missing_he,Q7325,,,,,,,,
Prayer,concepts,Jewish prayer,532,https://en.wikipedia.org/wiki/Jewish_prayer,https://he.wikipedia.org/wiki/%D7%AA%D7%A4%D7%99%D7%9C%D7%94_(%D7%99%D7%94%D7%93%D7%95%D7%AA),Jewish prayer,תפילה (יהדות),https://chavrutai.com/search?q=Prayer&type=talmud,blog,Q1777205,,,,,,,,
sin,concepts,Jewish views on sin,1714,https://en.wikipedia.org/wiki/Jewish_views_on_sin,https://he.wikipedia.org/wiki/%D7%97%D7%98%D7%90_(%D7%99%D7%94%D7%93%D7%95%D7%AA),Jewish views on sin,חטא (יהדות),https://chavrutai.com/search?q=sin&type=talmud,manual_top_count_review_20260307,Q16153348,,,,,,,,
Jezebel,biblicalNames,,0,https://en.wikipedia.org/wiki/Jezebel,https://he.wikipedia.org/wiki/%D7%90%D7%99%D7%96%D7%91%D7%9C,Jezebel,איזבל,https://chavrutai.com/search?q=Jezebel&type=talmud,biblical_names_api_review:verified_exact_or_redirect,Q721295,Ithobaal I,,,,-900,Sidon,-841,Tel Jezreel
Gush Ḥalav,talmudToponyms,Jish,4,https://en.wikipedia.org/wiki/Jish#Classical_antiquity,https://he.wikipedia.org/wiki/%D7%92%27%D7%A9_(%D7%92%D7%95%D7%A9_%D7%97%D7%9C%D7%91),Jish,ג'ש (גוש חלב),https://chavrutai.com/search?q=Gush+%E1%B8%A4alav&type=talmud,blog,Q1527236,,,,,,,,
Joab,biblicalNames,"Joab ben Zeruiah; Joab, son of Zeruiah",15,https://en.wikipedia.org/wiki/Joab,https://he.wikipedia.org/wiki/%D7%99%D7%95%D7%90%D7%91_%D7%91%D7%9F_%D7%A6%D7%A8%D7%95%D7%99%D7%94,Joab,יואב בן צרויה,https://chavrutai.com/search?q=Joab&type=talmud,biblical_names_api_review:verified_exact_or_redirect,Q1141064,,,,,-1100,,-970,
Joash,biblicalNames,,4,,,Joash,,https://chavrutai.com/search?q=Joash&type=talmud,biblical_names_api_review:disambiguation_only,,,,,,,,,
"Joash, king of Israel",biblicalNames,,0,,,,,https://chavrutai.com/search?q=Joash%2C+king+of+Israel&type=talmud,biblical_names_api_review:no_exact_page,,,,,,,,,
Job,biblicalNames,,60,,,,,https://chavrutai.com/search?q=Job&type=talmud,,,,,,,,,,
Jochebed,biblicalNames,,6,https://en.wikipedia.org/wiki/Jochebed,https://he.wikipedia.org/wiki/%D7%99%D7%95%D7%9B%D7%91%D7%93,Jochebed,יוכבד,https://chavrutai.com/search?q=Jochebed&type=talmud,biblical_names_api_review:verified_exact_or_redirect,Q594805,Levi,,,,,,,
Joel,biblicalNames,,1,,,,,https://chavrutai.com/search?q=Joel&type=talmud,biblical_names_api_review:disambiguation_only,,,,,,,,,
"Joel, son of Pethuel",biblicalNames,,0,,,,,https://chavrutai.com/search?q=Joel%2C+son+of+Pethuel&type=talmud,biblical_names_api_review:no_exact_page,,,,,,,,,
"Jonadab, son of Rechab",biblicalNames,,1,https://en.wikipedia.org/wiki/Jonadab,https://he.wikipedia.org/wiki/%D7%99%D7%95%D7%A0%D7%93%D7%91_%D7%91%D7%9F_%D7%A9%D7%9E%D7%A2%D7%94,Jonadab,יונדב בן שמעה,https://chavrutai.com/search?q=Jonadab%2C+son+of+Rechab&type=talmud,biblical_names_api_review:no_exact_page; enwiki_api_exact,Q6271831,Shimea,,,,,,,
Jonah,biblicalNames,"Jonah, son of Amittai",10,https://en.wikipedia.org/wiki/Jonah,https://he.wikipedia.org/wiki/%D7%99%D7%95%D7%A0%D7%94_%D7%91%D7%9F_%D7%90%D7%9E%D7%99%D7%AA%D7%99,Jonah,יונה בן אמיתי,https://chavrutai.com/search?q=Jonah&type=talmud,biblical_names_api_review:verified_exact_or_redirect,Q2468262,Amittai,,,,-823,Gath-hepher,-720,Nineveh
Jonah’s wife,biblicalNames,,0,,,,,https://chavrutai.com/search?q=Jonah%E2%80%99s+wife&type=talmud,biblical_names_api_review:no_exact_page,,,,,,,,,
Jonathan,biblicalNames,,11,https://en.wikipedia.org/wiki/Jonathan_(1_Samuel),https://he.wikipedia.org/wiki/%D7%99%D7%94%D7%95%D7%A0%D7%AA%D7%9F,Jonathan (1 Samuel),יהונתן,https://chavrutai.com/search?q=Jonathan&type=talmud,biblical_names_api_review:disambiguation_only; manual_biblical_top30,Q74891,Saul,,,,-1062,Gibeah,-1010,Mount Gilboa
Yonatan ben Uzziel,names,Jonathan ben Uzziel,8,https://en.wikipedia.org/wiki/Jonathan_ben_Uzziel,https://he.wikipedia.org/wiki/%D7%99%D7%95%D7%A0%D7%AA%D7%9F_%D7%91%D7%9F_%D7%A2%D7%95%D7%96%D7%99%D7%90%D7%9C,Jonathan ben Uzziel,יונתן בן עוזיאל,https://chavrutai.com/search?q=Yonatan+ben+Uzziel&type=talmud,blog,Q1400104,,Hillel the Elder,Chazal,,,Land of Israel,,Judaea
"Jonathan, son of Saul",biblicalNames,,4,,,"Jonathan, son of Saul",,https://chavrutai.com/search?q=Jonathan%2C+son+of+Saul&type=talmud,biblical_names_api_review:no_exact_page,,,,,,,,,
Joram,biblicalNames,,5,,,,,https://chavrutai.com/search?q=Joram&type=talmud,biblical_names_api_review:disambiguation_only,,,,,,,,,
"Joram, son of Ahab",biblicalNames,,3,,,,,https://chavrutai.com/search?q=Joram%2C+son+of+Ahab&type=talmud,biblical_names_api_review:no_exact_page,,,,,,,,,
Jordan,talmudToponyms,,68,,,,,https://chavrutai.com/search?q=Jordan&type=talmud,,,,,,,,,,
Jordan River,talmudToponyms,,2,https://en.wikipedia.org/wiki/Jordan_River#Hebrew_Bible,https://he.wikipedia.org/wiki/%D7%A0%D7%94%D7%A8_%D7%94%D7%99%D7%A8%D7%93%D7%9F,Jordan River,נהר הירדן,https://chavrutai.com/search?q=Jordan+River&type=talmud,blog,Q40059,,,,,,,,
Joseph,biblicalNames,Joseph the righteous,68,https://en.wikipedia.org/wiki/Joseph,,Joseph,,https://chavrutai.com/search?q=Joseph&type=talmud,biblical_names_api_review:verified_exact_or_redirect,Q471788,,,,,,,,
Joshua,biblicalNames,"Joshua bin Nun; Joshua the High Priest; Joshua, son of Nun",142,https://en.wikipedia.org/wiki/Joshua,https://he.wikipedia.org/wiki/%D7%99%D7%94%D7%95%D7%A9%D7%A2_%D7%91%D7%9F_%D7%A0%D7%95%D7%9F,Joshua,יהושע בן נון,https://chavrutai.com/search?q=Joshua&type=talmud,biblical_names_api_review:verified_exact_or_redirect,Q7734,Nun,Moses,,,-1350,Land of Goshen,-1245,Canaan
Yehoshua ben Gamla,names,Joshua ben Gamla,7,https://en.wikipedia.org/wiki/Joshua_ben_Gamla,https://he.wikipedia.org/wiki/%D7%99%D7%94%D7%95%D7%A9%D7%A2_%D7%91%D7%9F_%D7%92%D7%9E%D7%9C%D7%90,Joshua ben Gamla,יהושע בן גמלא,https://chavrutai.com/search?q=Yehoshua+ben+Gamla&type=talmud,blog,Q2524799,,,,,50,,,
Yehoshua ben Peraḥya,names,Joshua ben Perachiah,6,https://en.wikipedia.org/wiki/Joshua_ben_Perachiah,https://he.wikipedia.org/wiki/%D7%99%D7%94%D7%95%D7%A9%D7%A2_%D7%91%D7%9F_%D7%A4%D7%A8%D7%97%D7%99%D7%94,Joshua ben Perachiah,יהושע בן פרחיה,https://chavrutai.com/search?q=Yehoshua+ben+Pera%E1%B8%A5ya&type=talmud,blog,Q2778130,,Jose ben Jochanan; Jose ben Joezer,,Judah ben Tabbai; Simeon ben Shetach,-150,,,
Joshua the son of Nun,biblicalNames,"Joshua, the son of Nun",0,https://en.wikipedia.org/wiki/Joshua,https://he.wikipedia.org/wiki/%D7%99%D7%94%D7%95%D7%A9%D7%A2_%D7%91%D7%9F_%D7%A0%D7%95%D7%9F,Joshua,יהושע בן נון,https://chavrutai.com/search?q=Joshua+the+son+of+Nun&type=talmud,biblical_names_api_review:no_exact_page; enwiki_api_exact,Q7734,Nun,Moses,,,-1350,Land of Goshen,-1245,Canaan
Josiah,biblicalNames,"Josiah, son of Amon; King Josiah",25,https://en.wikipedia.org/wiki/Josiah,https://he.wikipedia.org/wiki/%D7%99%D7%90%D7%A9%D7%99%D7%94%D7%95,Josiah,יאשיהו,https://chavrutai.com/search?q=Josiah&type=talmud,biblical_names_api_review:verified_exact_or_redirect,Q313228,Amon,,,,-648,Jerusalem,-609,Jerusalem
Josiah the son of Amon,biblicalNames,,1,https://en.wikipedia.org/wiki/Josiah,https://he.wikipedia.org/wiki/%D7%99%D7%90%D7%A9%D7%99%D7%94%D7%95,Josiah,יאשיהו,https://chavrutai.com/search?q=Josiah+the+son+of+Amon&type=talmud,biblical_names_api_review:no_exact_page; enwiki_api_exact,Q313228,Amon,,,,-648,Jerusalem,-609,Jerusalem
Jotham,biblicalNames,Jotham ben Uzziah,4,https://en.wikipedia.org/wiki/Jotham,https://he.wikipedia.org/wiki/%D7%99%D7%95%D7%AA%D7%9D_(%D7%9E%D7%9C%D7%9A_%D7%99%D7%94%D7%95%D7%93%D7%94),Jotham,יותם (מלך יהודה),https://chavrutai.com/search?q=Jotham&type=talmud,biblical_names_api_review:verified_exact_or_redirect,Q109920,Uzziah,,,,-783,,-732,Kingdom of Judah
Jubilee,concepts,,206,https://en.wikipedia.org/wiki/Jubilee_(biblical),https://he.wikipedia.org/wiki/%D7%A9%D7%A0%D7%AA_%D7%94%D7%99%D7%95%D7%91%D7%9C,Jubilee (biblical),שנת היובל,https://chavrutai.com/search?q=Jubilee&type=talmud,manual_concepts_top_missing_he_pass2,Q1194545,,,,,,,,
Judah,biblicalNames,,46,https://en.wikipedia.org/wiki/Judah_(son_of_Jacob),https://he.wikipedia.org/wiki/%D7%99%D7%94%D7%95%D7%93%D7%94_(%D7%93%D7%9E%D7%95%D7%AA_%D7%9E%D7%A7%D7%A8%D7%90%D7%99%D7%AA),Judah (son of Jacob),יהודה (דמות מקראית),https://chavrutai.com/search?q=Judah&type=talmud,biblical_names_api_review:disambiguation_only; manual_biblical_top30,Q282220,Jacob,,,,-1566,Paddan Aram,,
Rav Yehuda,names,Judah bar Ezekiel,1672,https://en.wikipedia.org/wiki/Judah_bar_Ezekiel,https://he.wikipedia.org/wiki/%D7%A8%D7%91_%D7%99%D7%94%D7%95%D7%93%D7%94,Judah bar Ezekiel,רב יהודה,https://chavrutai.com/search?q=Rav+Yehuda&type=talmud,blog,Q359777,Rav Yechezkel,Abba Arika,,Ravin bar Rav Adda,220,Babylon,299,
Yehuda ben Bava,names,Judah ben Bava,3,https://en.wikipedia.org/wiki/Judah_ben_Bava,https://he.wikipedia.org/wiki/%D7%A8%D7%91%D7%99_%D7%99%D7%94%D7%95%D7%93%D7%94_%D7%91%D7%9F_%D7%91%D7%91%D7%90,Judah ben Bava,רבי יהודה בן בבא,https://chavrutai.com/search?q=Yehuda+ben+Bava&type=talmud,blog,Q449278,,,,,200,Israel,,
Yehuda ben Tabbai,names,Judah ben Tabbai,4,https://en.wikipedia.org/wiki/Judah_ben_Tabbai,https://he.wikipedia.org/wiki/%D7%99%D7%94%D7%95%D7%93%D7%94_%D7%91%D7%9F_%D7%98%D7%91%D7%90%D7%99,Judah ben Tabbai,יהודה בן טבאי,https://chavrutai.com/search?q=Yehuda+ben+Tabbai&type=talmud,blog,Q2907372,,Joshua ben Perachiah; Nittai of Arbela,,Shmaya; Abtalion,,,,
Judea,biblicalNations;talmudToponyms,,108,https://en.wikipedia.org/wiki/Judea,https://he.wikipedia.org/wiki/%D7%99%D7%94%D7%95%D7%93%D7%94_(%D7%97%D7%91%D7%9C_%D7%90%D7%A8%D7%A5),Judea,יהודה (חבל ארץ),https://chavrutai.com/search?q=Judea&type=talmud,blog,Q104028,,,,,,,,
Judean,biblicalNations,,2,,,,,https://chavrutai.com/search?q=Judean&type=talmud,,,,,,,,,,
judgment,concepts,,339,,,,יום הדין,https://chavrutai.com/search?q=judgment&type=talmud,,,,,,,,,,
juxtaposition,concepts,,76,,,,,https://chavrutai.com/search?q=juxtaposition&type=talmud,,,,,,,,,,
Kabul,talmudToponyms,,2,,,,,https://chavrutai.com/search?q=Kabul&type=talmud,,,,,,,,,,
Kadesh,talmudToponyms,Kadesh (biblical),6,https://en.wikipedia.org/wiki/Kadesh_(biblical),https://he.wikipedia.org/wiki/%D7%A7%D7%93%D7%A9_%D7%91%D7%A8%D7%A0%D7%A2,Kadesh (biblical),קדש ברנע,https://chavrutai.com/search?q=Kadesh&type=talmud,blog,Q954599,,,,,,,,
Kafrei,talmudToponyms,,1,,,,,https://chavrutai.com/search?q=Kafrei&type=talmud,,,,,,,,,,
Kafri,talmudToponyms,,1,,,,,https://chavrutai.com/search?q=Kafri&type=talmud,,,,,,,,,,
Kalnevo,talmudToponyms,,4,,,,,https://chavrutai.com/search?q=Kalnevo&type=talmud,,,,,,,,,,
Kamtza,names,,8,,,,,https://chavrutai.com/search?q=Kamtza&type=talmud,,,,,,,,,,
Kan Nishrayya,talmudToponyms,,1,,,,,https://chavrutai.com/search?q=Kan+Nishrayya&type=talmud,,,,,,,,,,
Kandiya,talmudToponyms,,1,,,,,https://chavrutai.com/search?q=Kandiya&type=talmud,,,,,,,,,,
Kapotekiyya,talmudToponyms,,1,,,,,https://chavrutai.com/search?q=Kapotekiyya&type=talmud,,,,,,,,,,
Karddu,talmudToponyms,,1,,,,,https://chavrutai.com/search?q=Karddu&type=talmud,,,,,,,,,,
Karduyim,names,,4,,,,,https://chavrutai.com/search?q=Karduyim&type=talmud,,,,,,,,,,
karet,concepts,Kareth,505,https://en.wikipedia.org/wiki/Kareth,https://he.wikipedia.org/wiki/%D7%9B%D7%A8%D7%AA,Kareth,כרת,https://chavrutai.com/search?q=karet&type=talmud,blog,Q2763085,,,,,,,,
Karkuza,talmudToponyms,,1,,,,,https://chavrutai.com/search?q=Karkuza&type=talmud,,,,,,,,,,
karmelit,concepts,,69,,https://he.wikipedia.org/wiki/%D7%9B%D7%A8%D7%9E%D7%9C%D7%99%D7%AA_(%D7%A9%D7%91%D7%AA),,כרמלית (שבת),https://chavrutai.com/search?q=karmelit&type=talmud,,Q12408551,,,,,,,,
Karna deShizavta,talmudToponyms,,1,,,,,https://chavrutai.com/search?q=Karna+deShizavta&type=talmud,,,,,,,,,,
Karna’s father,names,,1,,,,,https://chavrutai.com/search?q=Karna%E2%80%99s+father&type=talmud,,,,,,,,,,
Kartigna,talmudToponyms,,1,,,,,https://chavrutai.com/search?q=Kartigna&type=talmud,,,,,,,,,,
Kartignin,talmudToponyms,,1,,,,,https://chavrutai.com/search?q=Kartignin&type=talmud,,,,,,,,,,
Kartuyim,names,,6,,,,,https://chavrutai.com/search?q=Kartuyim&type=talmud,,,,,,,,,,
Katrazya,talmudToponyms,,1,,,,,https://chavrutai.com/search?q=Katrazya&type=talmud,,,,,,,,,,
Kavul,talmudToponyms,,4,,,,,https://chavrutai.com/search?q=Kavul&type=talmud,,,,,,,,,,
Kayar,talmudToponyms,,1,,,,,https://chavrutai.com/search?q=Kayar&type=talmud,,,,,,,,,,
Ke’ila,talmudToponyms,,8,,,,,https://chavrutai.com/search?q=Ke%E2%80%99ila&type=talmud,,,,,,,,,,
Kedar,talmudToponyms,,2,,,,,https://chavrutai.com/search?q=Kedar&type=talmud,,,,,,,,,,
Kedesh,biblicalPlaces,,1,https://en.wikipedia.org/wiki/Kedesh,https://he.wikipedia.org/wiki/%D7%AA%D7%9C_%D7%A7%D7%93%D7%A9,Kedesh,תל קדש,https://chavrutai.com/search?q=Kedesh&type=talmud,blog,Q2585161,,,,,,,,
Keduḥim,talmudToponyms,,1,,,,,https://chavrutai.com/search?q=Kedu%E1%B8%A5im&type=talmud,,,,,,,,,,
Keen scholar,names,,3,,,,,https://chavrutai.com/search?q=Keen+scholar&type=talmud,,,,,,,,,,
Kefalorya,talmudToponyms,,1,,,,,https://chavrutai.com/search?q=Kefalorya&type=talmud,,,,,,,,,,
Kefar Aḥim,talmudToponyms,,1,,,,,https://chavrutai.com/search?q=Kefar+A%E1%B8%A5im&type=talmud,,,,,,,,,,
Kefar Akko,talmudToponyms,,2,,,,,https://chavrutai.com/search?q=Kefar+Akko&type=talmud,,,,,,,,,,
Kefar Bish,talmudToponyms,,2,,,,,https://chavrutai.com/search?q=Kefar+Bish&type=talmud,,,,,,,,,,
Kefar Darom,talmudToponyms,,2,,,,,https://chavrutai.com/search?q=Kefar+Darom&type=talmud,,,,,,,,,,
Kefar Dikhrayya,talmudToponyms,,2,,,,,https://chavrutai.com/search?q=Kefar+Dikhrayya&type=talmud,,,,,,,,,,
Kefar Dima,talmudToponyms,,1,,,,,https://chavrutai.com/search?q=Kefar+Dima&type=talmud,,,,,,,,,,
Kefar Gibbor Ĥayil,talmudToponyms,,1,,,,,https://chavrutai.com/search?q=Kefar+Gibbor+%C4%A4ayil&type=talmud,,,,,,,,,,
Kefar Gibboraya,talmudToponyms,,1,,,,,https://chavrutai.com/search?q=Kefar+Gibboraya&type=talmud,,,,,,,,,,
Kefar Hino,talmudToponyms,,2,,,,,https://chavrutai.com/search?q=Kefar+Hino&type=talmud,,,,,,,,,,
Kefar Ikos,talmudToponyms,,1,,,,,https://chavrutai.com/search?q=Kefar+Ikos&type=talmud,,,,,,,,,,
Kefar Otnai,talmudToponyms,,2,,,,,https://chavrutai.com/search?q=Kefar+Otnai&type=talmud,,,,,,,,,,
Kefar Sava,talmudToponyms,,1,,,,,https://chavrutai.com/search?q=Kefar+Sava&type=talmud,,,,,,,,,,
Kefar Sekhanya,talmudToponyms,,2,,,,,https://chavrutai.com/search?q=Kefar+Sekhanya&type=talmud,,,,,,,,,,
Kefar Sekhanya of Egypt,talmudToponyms,,1,,,,,https://chavrutai.com/search?q=Kefar+Sekhanya+of+Egypt&type=talmud,,,,,,,,,,
Kefar Shiḥalayim,talmudToponyms,,2,,,,,https://chavrutai.com/search?q=Kefar+Shi%E1%B8%A5alayim&type=talmud,,,,,,,,,,
Kefar Temarta,talmudToponyms,,3,,,,,https://chavrutai.com/search?q=Kefar+Temarta&type=talmud,,,,,,,,,,
Kefar Yamma,talmudToponyms,,1,,,,,https://chavrutai.com/search?q=Kefar+Yamma&type=talmud,,,,,,,,,,
Keilah,talmudToponyms,,2,,,,,https://chavrutai.com/search?q=Keilah&type=talmud,,,,,,,,,,
Keiromyon,talmudToponyms,,1,,,,,https://chavrutai.com/search?q=Keiromyon&type=talmud,,,,,,,,,,
Kerakh,talmudToponyms,,1,,,,,https://chavrutai.com/search?q=Kerakh&type=talmud,,,,,,,,,,
Keramiyyon,talmudToponyms,,1,,,,,https://chavrutai.com/search?q=Keramiyyon&type=talmud,,,,,,,,,,
Kerazayim,talmudToponyms,,1,,,,,https://chavrutai.com/search?q=Kerazayim&type=talmud,,,,,,,,,,
Keren Ophel,talmudToponyms,,2,,,,,https://chavrutai.com/search?q=Keren+Ophel&type=talmud,,,,,,,,,,
Keren-happuch,biblicalNames,,1,https://en.wikipedia.org/wiki/Keren-happuch,https://he.wikipedia.org/wiki/%D7%A7%D7%A8%D7%9F_%D7%94%D7%A4%D7%95%D7%9A,Keren-happuch,קרן הפוך,https://chavrutai.com/search?q=Keren-happuch&type=talmud,biblical_names_api_review:verified_exact_or_redirect,Q3201131,Job,,,,,,,
Ketia bar Shalom,names,,1,,,,,https://chavrutai.com/search?q=Ketia+bar+Shalom&type=talmud,,,,,,,,,,
"Ketia, son of Shalom",names,,4,,,,,https://chavrutai.com/search?q=Ketia%2C+son+of+Shalom&type=talmud,,,,,,,,,,
Keziah,biblicalNames,,1,https://en.wikipedia.org/wiki/Keziah,https://he.wikipedia.org/wiki/%D7%A7%D7%A6%D7%99%D7%A2%D7%94,Keziah,קציעה,https://chavrutai.com/search?q=Keziah&type=talmud,biblical_names_api_review:verified_exact_or_redirect,Q1478110,Job,,,,,,,
Keziv,talmudToponyms,,2,,,,,https://chavrutai.com/search?q=Keziv&type=talmud,,,,,,,,,,
Kfar Barkai,talmudToponyms,,0,,,,,https://chavrutai.com/search?q=Kfar+Barkai&type=talmud,,,,,,,,,,
"Kharkemit, an emancipated maidservant in Jerusalem",names,,1,,,,,https://chavrutai.com/search?q=Kharkemit%2C+an+emancipated+maidservant+in+Jerusalem&type=talmud,,,,,,,,,,
Khuta,talmudToponyms,,2,,,,,https://chavrutai.com/search?q=Khuta&type=talmud,,,,,,,,,,
Kidron River,talmudToponyms,,3,,,,,https://chavrutai.com/search?q=Kidron+River&type=talmud,,,,,,,,,,
"Kilab, son of David",biblicalNames,,1,,,,,https://chavrutai.com/search?q=Kilab%2C+son+of+David&type=talmud,biblical_names_api_review:no_exact_page,,,,,,,,,
Kilav,biblicalNames,,3,,,,,https://chavrutai.com/search?q=Kilav&type=talmud,biblical_names_api_review:no_exact_page,,,,,,,,,
Kimḥonya,talmudToponyms,,2,,,,,https://chavrutai.com/search?q=Kim%E1%B8%A5onya&type=talmud,,,,,,,,,,
King Agrippas,names,,-,,,,,https://chavrutai.com/search?q=King+Agrippas&type=talmud,,,,,,,,,,
King Baladan,biblicalNames,,1,,,,,https://chavrutai.com/search?q=King+Baladan&type=talmud,biblical_names_api_review:no_exact_page,,,,,,,,,
King Izgur,names,,1,,,,,https://chavrutai.com/search?q=King+Izgur&type=talmud,,,,,,,,,,
King Munbaz,names,,3,,,,,https://chavrutai.com/search?q=King+Munbaz&type=talmud,,,,,,,,,,
King Ptolemy,names,,2,,,,,https://chavrutai.com/search?q=King+Ptolemy&type=talmud,,,,,,,,,,
King’s Mountain,talmudToponyms,,9,,,,,https://chavrutai.com/search?q=King%E2%80%99s+Mountain&type=talmud,,,,,,,,,,
Kush,biblicalNations,Kingdom of Kush,1,https://en.wikipedia.org/wiki/Kingdom_of_Kush,https://he.wikipedia.org/wiki/%D7%9E%D7%9E%D7%9C%D7%9B%D7%AA_%D7%9B%D7%95%D7%A9,Kingdom of Kush,ממלכת כוש,https://chavrutai.com/search?q=Kush&type=talmud,blog,Q241790,,,,,,,,
Kiryat Arba,biblicalPlaces,,2,,,,,https://chavrutai.com/search?q=Kiryat+Arba&type=talmud,,,,,,,,,,
Kishon Brook,talmudToponyms,,1,,,,,https://chavrutai.com/search?q=Kishon+Brook&type=talmud,,,,,,,,,,
Kitron,talmudToponyms,,1,,,,,https://chavrutai.com/search?q=Kitron&type=talmud,,,,,,,,,,
Koḥalit,talmudToponyms,,0,,,,,https://chavrutai.com/search?q=Ko%E1%B8%A5alit&type=talmud,,,,,,,,,,
kohl,concepts,Kohl (cosmetics),1,https://en.wikipedia.org/wiki/Kohl_(cosmetics),,Kohl (cosmetics),,https://chavrutai.com/search?q=kohl&type=talmud,blog,Q1342346,,,,,,,,
Kontrokos the officer,names,,1,,,,,https://chavrutai.com/search?q=Kontrokos+the+officer&type=talmud,,,,,,,,,,
Korah,biblicalNames,,27,https://en.wikipedia.org/wiki/Korah,https://he.wikipedia.org/wiki/%D7%A7%D7%95%D7%A8%D7%97,Korah,קורח,https://chavrutai.com/search?q=Korah&type=talmud,biblical_names_api_review:verified_exact_or_redirect,Q1337316,Izhar,,,,,,,
Korban,concepts,,17,https://en.wikipedia.org/wiki/Korban,https://he.wikipedia.org/wiki/%D7%A7%D7%95%D7%A8%D7%91%D7%9F_(%D7%99%D7%94%D7%93%D7%95%D7%AA),Korban,קורבן (יהדות),https://chavrutai.com/search?q=Korban&type=talmud,curated_tree,Q928023,,,,,,,,
Korkoneya,talmudToponyms,,1,,,,,https://chavrutai.com/search?q=Korkoneya&type=talmud,,,,,,,,,,
Kovei,talmudToponyms,,2,,,,,https://chavrutai.com/search?q=Kovei&type=talmud,,,,,,,,,,
Cush,biblicalNations;talmudToponyms,Kush (satrapy),6,https://en.wikipedia.org/wiki/Kush_(satrapy),,Kush (satrapy),,https://chavrutai.com/search?q=Cush&type=talmud,blog,Q6447845,,,,,,,,
Laban,biblicalNames,,5,https://en.wikipedia.org/wiki/Laban_(Bible),https://he.wikipedia.org/wiki/%D7%9C%D7%91%D7%9F_%D7%94%D7%90%D7%A8%D7%9E%D7%99,Laban (Bible),לבן הארמי,https://chavrutai.com/search?q=Laban&type=talmud,biblical_names_api_review:disambiguation_only; manual_biblical_top30,Q840401,Bethuel,,,,,,,
Laban the Aramean,biblicalNames,,2,,,,,https://chavrutai.com/search?q=Laban+the+Aramean&type=talmud,biblical_names_api_review:no_exact_page,,,,,,,,,
Ladder of Tyre,talmudToponyms,,4,https://en.wikipedia.org/wiki/Ladder_of_Tyre,https://he.wikipedia.org/wiki/%D7%A1%D7%95%D7%9C%D7%9E%D7%94_%D7%A9%D7%9C_%D7%A6%D7%95%D7%A8,Ladder of Tyre,סולמה של צור,https://chavrutai.com/search?q=Ladder+of+Tyre&type=talmud,blog,Q65040259,,,,,,,,
Laḥman bar Ristak,names,,1,,,,,https://chavrutai.com/search?q=La%E1%B8%A5man+bar+Ristak&type=talmud,,,,,,,,,,
Laila,names,,1,,,,,https://chavrutai.com/search?q=Laila&type=talmud,,,,,,,,,,
Eretz Yisrael,biblicalNations;talmudToponyms,Land of Israel,357,https://en.wikipedia.org/wiki/Land_of_Israel,https://he.wikipedia.org/wiki/%D7%90%D7%A8%D7%A5_%D7%99%D7%A9%D7%A8%D7%90%D7%9C_(%D7%99%D7%94%D7%93%D7%95%D7%AA),Land of Israel,ארץ ישראל (יהדות),https://chavrutai.com/search?q=Eretz+Yisrael&type=talmud,blog,Q155321,,,,,,,,
land of the deer,talmudToponyms,,1,,,,,https://chavrutai.com/search?q=land+of+the+deer&type=talmud,,,,,,,,,,
land of the nations,talmudToponyms,,17,,,,,https://chavrutai.com/search?q=land+of+the+nations&type=talmud,,,,,,,,,,
Laodicea,talmudToponyms,,3,,,,,https://chavrutai.com/search?q=Laodicea&type=talmud,,,,,,,,,,
Large-toothed one,names,,3,,,,,https://chavrutai.com/search?q=Large-toothed+one&type=talmud,,,,,,,,,,
Lavlevu,talmudToponyms,,1,,,,,https://chavrutai.com/search?q=Lavlevu&type=talmud,,,,,,,,,,
Law given to Moses at Sinai,concepts,,0,https://en.wikipedia.org/wiki/Law_given_to_Moses_at_Sinai,https://he.wikipedia.org/wiki/%D7%94%D7%9C%D7%9B%D7%94_%D7%9C%D7%9E%D7%A9%D7%94_%D7%9E%D7%A1%D7%99%D7%A0%D7%99,Law given to Moses at Sinai,הלכה למשה מסיני,https://chavrutai.com/search?q=Law+given+to+Moses+at+Sinai&type=talmud,blog,Q1659506,,,,,,,,
Leah,biblicalNames,,20,https://en.wikipedia.org/wiki/Leah,https://he.wikipedia.org/wiki/%D7%9C%D7%90%D7%94,Leah,לאה,https://chavrutai.com/search?q=Leah&type=talmud,biblical_names_api_review:verified_exact_or_redirect,Q128847,Laban,,,,-1731,Paddan Aram,-1665,Canaan
leprosy,concepts,,105,https://en.wikipedia.org/wiki/Tzaraath,https://he.wikipedia.org/wiki/%D7%A0%D7%92%D7%A2_%D7%94%D7%A6%D7%A8%D7%A2%D7%AA,Tzaraath,נגע הצרעת,https://chavrutai.com/search?q=leprosy&type=talmud,manual_concepts_top_missing_he_pass2,Q2188961,,,,,,,,
Levi bar Buti,names,,-,,,,,https://chavrutai.com/search?q=Levi+bar+Buti&type=talmud,,,,,,,,,,
Levi bar Darga,names,,1,,,,,https://chavrutai.com/search?q=Levi+bar+Darga&type=talmud,,,,,,,,,,
Levi bar Perata,names,,1,,,,,https://chavrutai.com/search?q=Levi+bar+Perata&type=talmud,,,,,,,,,,
Levi bar Shmuel,names,,3,,,,,https://chavrutai.com/search?q=Levi+bar+Shmuel&type=talmud,,,,,,,,,,
Levi bar Simon,names,,3,,,,,https://chavrutai.com/search?q=Levi+bar+Simon&type=talmud,,,,,,,,,,
Levi,names,Levi ben Sisi,213,https://en.wikipedia.org/wiki/Levi_ben_Sisi,https://he.wikipedia.org/wiki/%D7%9C%D7%95%D7%99_%D7%91%D7%A8_%D7%A1%D7%99%D7%A1%D7%99,Levi ben Sisi,לוי בר סיסי,https://chavrutai.com/search?q=Levi&type=talmud,blog,Q2897998,,,,,101,Palestine,300,Babylon
Levi HaSadar,names,,1,,,,,https://chavrutai.com/search?q=Levi+HaSadar&type=talmud,,,,,,,,,,
Levi the Elder,names,,1,,,,,https://chavrutai.com/search?q=Levi+the+Elder&type=talmud,,,,,,,,,,
"Levi, son of Rav Huna",names,,-,,,,,https://chavrutai.com/search?q=Levi%2C+son+of+Rav+Huna&type=talmud,,,,,,,,,,
"Levi, son of Rav Huna bar Ḥiyya",names,,3,,,,,https://chavrutai.com/search?q=Levi%2C+son+of+Rav+Huna+bar+%E1%B8%A4iyya&type=talmud,,,,,,,,,,
Levirate marriage,concepts,,447,https://en.wikipedia.org/wiki/Yibbum,https://he.wikipedia.org/wiki/%D7%99%D7%99%D7%91%D7%95%D7%9D,Yibbum,ייבום,https://chavrutai.com/search?q=Levirate+marriage&type=talmud,blog; manual_concepts_top_missing_he,Q3278853,,,,,,,,
Levites,concepts,,171,https://en.wikipedia.org/wiki/Levite,https://he.wikipedia.org/wiki/%D7%9C%D7%95%D7%99_(%D7%99%D7%94%D7%93%D7%95%D7%AA),Levite,לוי (יהדות),https://chavrutai.com/search?q=Levites&type=talmud,blog,Q6386590,,,,,,,,
Likhlukhit,names,,-,,,,,https://chavrutai.com/search?q=Likhlukhit&type=talmud,,,,,,,,,,
Joiarib,biblicalNames,"Eglah; Elpaal; Harim; Hatach; Ishbibenob; Jephunneh; Jerioth; Jesher; Johanan; Johanan, son of Kareah",31,,,,,https://chavrutai.com/search?q=Joiarib&type=talmud,,,,,,,,,,
Tekoa,talmudToponyms,,6,,,,,https://chavrutai.com/search?q=Tekoa&type=talmud,,,,,,,,,,
Nebat,biblicalNames,Nahbi; Nebuzaradan; Saph; Segub; Shimshai,22,,,,,https://chavrutai.com/search?q=Nebat&type=talmud,,,,,,,,,,
Lod,talmudToponyms,,38,https://en.wikipedia.org/wiki/Lod,https://he.wikipedia.org/wiki/%D7%9C%D7%95%D7%93,Lod,לוד,https://chavrutai.com/search?q=Lod&type=talmud,blog,Q207540,,,,,,,,
Lodites,names,,1,,,,,https://chavrutai.com/search?q=Lodites&type=talmud,,,,,,,,,,
Long-toothed one,names,,3,,,,,https://chavrutai.com/search?q=Long-toothed+one&type=talmud,,,,,,,,,,
Lower Appamya,talmudToponyms,,1,,,,,https://chavrutai.com/search?q=Lower+Appamya&type=talmud,,,,,,,,,,
Luda,names,,1,,,,,https://chavrutai.com/search?q=Luda&type=talmud,,,,,,,,,,
Lulav,concepts,,147,https://en.wikipedia.org/wiki/Lulav,https://he.wikipedia.org/wiki/%D7%9C%D7%95%D7%9C%D7%91,Lulav,לולב,https://chavrutai.com/search?q=Lulav&type=talmud,blog,Q1877187,,,,,,,,
Luleyanus,names,,1,,,,,https://chavrutai.com/search?q=Luleyanus&type=talmud,,,,,,,,,,
Luz,talmudToponyms,,5,,,,,https://chavrutai.com/search?q=Luz&type=talmud,,,,,,,,,,
Maachah,biblicalNames,Maacah,1,https://en.wikipedia.org/wiki/Maacah,https://he.wikipedia.org/wiki/%D7%9E%D7%A2%D7%9B%D7%94,Maacah,מעכה,https://chavrutai.com/search?q=Maachah&type=talmud,biblical_names_api_review:verified_exact_or_redirect,Q106417751,,,,,,,,
Macedon,talmudToponyms,,8,,,,,https://chavrutai.com/search?q=Macedon&type=talmud,,,,,,,,,,
Macedonia,talmudToponyms,,2,,,,,https://chavrutai.com/search?q=Macedonia&type=talmud,,,,,,,,,,
"Machir, son of Manasseh",biblicalNames,,1,https://en.wikipedia.org/wiki/Machir,,Machir,,https://chavrutai.com/search?q=Machir%2C+son+of+Manasseh&type=talmud,biblical_names_api_review:no_exact_page; enwiki_api_exact,Q1882683,,,,,,,,
Madon,biblicalNames,,1,https://en.wikipedia.org/wiki/Madon,,Madon,,https://chavrutai.com/search?q=Madon&type=talmud,biblical_names_api_review:verified_exact_or_redirect,Q522089,,,,,,,,
Mafsha’a,names,,1,,,,,https://chavrutai.com/search?q=Mafsha%E2%80%99a&type=talmud,,,,,,,,,,
Magus,concepts,,2,,,,,https://chavrutai.com/search?q=Magus&type=talmud,,,,,,,,,,
"Mahalath, the daughter of Ishmael",biblicalNames,,0,https://en.wikipedia.org/wiki/Mahalath,,Mahalath,,https://chavrutai.com/search?q=Mahalath%2C+the+daughter+of+Ishmael&type=talmud,biblical_names_api_review:no_exact_page; enwiki_api_exact,Q2669401,Ishmael,,,,,,,
Mahlon,biblicalNames,,2,https://en.wikipedia.org/wiki/Mahlon,,Mahlon,,https://chavrutai.com/search?q=Mahlon&type=talmud,biblical_names_api_review:verified_exact_or_redirect,Q55096591,,,,,,,,
Mahlon and Chilion,biblicalNames,Chilion,4,https://en.wikipedia.org/wiki/Mahlon_and_Chilion,https://he.wikipedia.org/wiki/%D7%9E%D7%97%D7%9C%D7%95%D7%9F_%D7%95%D7%9B%D7%9C%D7%99%D7%95%D7%9F,Mahlon and Chilion,מחלון וכליון,https://chavrutai.com/search?q=Mahlon+and+Chilion&type=talmud,biblical_names_api_review:verified_exact_or_redirect,Q1163352,,,,,,,,
Mahseiah,biblicalNames,,2,,,,,https://chavrutai.com/search?q=Mahseiah&type=talmud,biblical_names_api_review:no_exact_page,,,,,,,,,
Makhnis,talmudToponyms,,1,,,,,https://chavrutai.com/search?q=Makhnis&type=talmud,,,,,,,,,,
Malachi,biblicalNames,,18,https://en.wikipedia.org/wiki/Malachi,https://he.wikipedia.org/wiki/%D7%9E%D7%9C%D7%90%D7%9B%D7%99,Malachi,מלאכי,https://chavrutai.com/search?q=Malachi&type=talmud,biblical_names_api_review:verified_exact_or_redirect,Q5767200,,,,,,,,
malicious speech,concepts,,46,https://en.wikipedia.org/wiki/Lashon_Hara,https://he.wikipedia.org/wiki/%D7%9C%D7%A9%D7%95%D7%9F_%D7%94%D7%A8%D7%A2,,לשון הרע,https://chavrutai.com/search?q=malicious+speech&type=talmud,,Q191783,,,,,,,,
Malka River,talmudToponyms,,4,,,,,https://chavrutai.com/search?q=Malka+River&type=talmud,,,,,,,,,,
Malla’ai,names,,1,,,,,https://chavrutai.com/search?q=Malla%E2%80%99ai&type=talmud,,,,,,,,,,
Malokh the Arab,names,,1,,,,,https://chavrutai.com/search?q=Malokh+the+Arab&type=talmud,,,,,,,,,,
Mamre,biblicalPlaces,,2,,,,,https://chavrutai.com/search?q=Mamre&type=talmud,,,,,,,,,,
Mamzer,concepts,,233,https://en.wikipedia.org/wiki/Mamzer,https://he.wikipedia.org/wiki/%D7%9E%D7%9E%D7%96%D7%A8,Mamzer,ממזר,https://chavrutai.com/search?q=Mamzer&type=talmud,blog,Q1438846,,,,,,,,
Manasseh,biblicalNames,"Manasseh ben Hezekiah; Manasseh, son of Hezekiah",39,https://en.wikipedia.org/wiki/Manasseh,,Manasseh,,https://chavrutai.com/search?q=Manasseh&type=talmud,biblical_names_api_review:verified_exact_or_redirect,Q107502158,,,,,,,,
Manna,concepts,,30,https://en.wikipedia.org/wiki/Manna,https://he.wikipedia.org/wiki/%D7%9E%D7%9F,Manna,מן,https://chavrutai.com/search?q=Manna&type=talmud,blog,Q241156,,,,,,,,
Manoah,biblicalNames,,20,https://en.wikipedia.org/wiki/Manoah,https://he.wikipedia.org/wiki/%D7%9E%D7%A0%D7%95%D7%97,Manoah,מנוח,https://chavrutai.com/search?q=Manoah&type=talmud,biblical_names_api_review:verified_exact_or_redirect,Q221514,,,,,,,,
Manyumin the jug maker,names,,1,,,,,https://chavrutai.com/search?q=Manyumin+the+jug+maker&type=talmud,,,,,,,,,,
Mar Aḥa,names,,1,,,,,https://chavrutai.com/search?q=Mar+A%E1%B8%A5a&type=talmud,,,,,,,,,,
Mar bar Ameimar,names,,7,,,,,https://chavrutai.com/search?q=Mar+bar+Ameimar&type=talmud,,,,,,,,,,
Mar bar Hamdurei,names,,1,,,,,https://chavrutai.com/search?q=Mar+bar+Hamdurei&type=talmud,,,,,,,,,,
Mar bar Ḥiyya,names,,2,,,,,https://chavrutai.com/search?q=Mar+bar+%E1%B8%A4iyya&type=talmud,,,,,,,,,,
Mar bar Idi,names,,1,,,,,https://chavrutai.com/search?q=Mar+bar+Idi&type=talmud,,,,,,,,,,
Mar bar Mareimar,names,,-,,,,,https://chavrutai.com/search?q=Mar+bar+Mareimar&type=talmud,,,,,,,,,,
Mar bar Pofidata from Pumbedita,names,,-,,,,,https://chavrutai.com/search?q=Mar+bar+Pofidata+from+Pumbedita&type=talmud,,,,,,,,,,
Mar bar Rav Ashi,names,,76,https://en.wikipedia.org/wiki/Mar_bar_Rav_Ashi,https://he.wikipedia.org/wiki/%D7%9E%D7%A8_%D7%91%D7%A8_%D7%A8%D7%91_%D7%90%D7%A9%D7%99,Mar bar Rav Ashi,מר בר רב אשי,https://chavrutai.com/search?q=Mar+bar+Rav+Ashi&type=talmud,blog,Q2904113,Rav Ashi,Rav Ashi,,,,,467,Sasanian Empire
Mar bar Rav Idai,names,,1,,,,,https://chavrutai.com/search?q=Mar+bar+Rav+Idai&type=talmud,,,,,,,,,,
Mar bar Yosef,names,,1,,,,,https://chavrutai.com/search?q=Mar+bar+Yosef&type=talmud,,,,,,,,,,
"Mar Huna, son of Rav Naḥman",names,,1,,,,,https://chavrutai.com/search?q=Mar+Huna%2C+son+of+Rav+Na%E1%B8%A5man&type=talmud,,,,,,,,,,
Mar Kashisha,names,,1,,,,,https://chavrutai.com/search?q=Mar+Kashisha&type=talmud,,,,,,,,,,
"Mar Kashisha, son of Rabba",names,,1,,,,,https://chavrutai.com/search?q=Mar+Kashisha%2C+son+of+Rabba&type=talmud,,,,,,,,,,
"Mar Kashisha, son of Rav Ḥisda",names,,9,,,,,https://chavrutai.com/search?q=Mar+Kashisha%2C+son+of+Rav+%E1%B8%A4isda&type=talmud,,,,,,,,,,
"Mar Kashisha, son Rava",names,,1,,,,,https://chavrutai.com/search?q=Mar+Kashisha%2C+son+Rava&type=talmud,,,,,,,,,,
"Mar Kashisha, the son of Rav Ḥisda",names,,1,,,,,https://chavrutai.com/search?q=Mar+Kashisha%2C+the+son+of+Rav+%E1%B8%A4isda&type=talmud,,,,,,,,,,
"Mar Keshisha, son of Rav Ḥisda",names,,1,,,,,https://chavrutai.com/search?q=Mar+Keshisha%2C+son+of+Rav+%E1%B8%A4isda&type=talmud,,,,,,,,,,
Mar Shmuel,names,,29,,,,,https://chavrutai.com/search?q=Mar+Shmuel&type=talmud,,,,,,,,,,
Mar son of Ravina,names,"Mar, son of Ravina",25,https://en.wikipedia.org/wiki/Mar_son_of_Ravina,https://he.wikipedia.org/wiki/%D7%9E%D7%A8_%D7%91%D7%A8%D7%99%D7%94_%D7%93%D7%A8%D7%91%D7%A0%D7%90,Mar son of Ravina,מר בריה דרבנא,https://chavrutai.com/search?q=Mar+son+of+Ravina&type=talmud,blog,Q598839,,,,,,,,
"Mar the Elder, son of Rav Ḥisda",names,,2,,,,,https://chavrutai.com/search?q=Mar+the+Elder%2C+son+of+Rav+%E1%B8%A4isda&type=talmud,,,,,,,,,,
Mar Ukva,names,,69,https://en.wikipedia.org/wiki/Mar_Ukva,https://he.wikipedia.org/wiki/%D7%9E%D7%A8_%D7%A2%D7%95%D7%A7%D7%91%D7%90,Mar Ukva,מר עוקבא,https://chavrutai.com/search?q=Mar+Ukva&type=talmud,blog,Q6754446,,,,,,,,
Mar Ukva bar Ḥama,names,,9,,,,,https://chavrutai.com/search?q=Mar+Ukva+bar+%E1%B8%A4ama&type=talmud,,,,,,,,,,
Mar Ukva bar Ḥiyya,names,,1,,,,,https://chavrutai.com/search?q=Mar+Ukva+bar+%E1%B8%A4iyya&type=talmud,,,,,,,,,,
Mar Yanuka,names,,-,,,,,https://chavrutai.com/search?q=Mar+Yanuka&type=talmud,,,,,,,,,,
"Mar Yanuka and Mar Kashisha, sons of Rav Ḥisda",names,,2,,,,,https://chavrutai.com/search?q=Mar+Yanuka+and+Mar+Kashisha%2C+sons+of+Rav+%E1%B8%A4isda&type=talmud,,,,,,,,,,
Mar Yehuda,names,,5,,,,,https://chavrutai.com/search?q=Mar+Yehuda&type=talmud,,,,,,,,,,
Mar Yenuka,names,,-,,,,,https://chavrutai.com/search?q=Mar+Yenuka&type=talmud,,,,,,,,,,
"Mar Yoḥana, son of Rav Ḥana bar Adda",names,,1,,,,,https://chavrutai.com/search?q=Mar+Yo%E1%B8%A5ana%2C+son+of+Rav+%E1%B8%A4ana+bar+Adda&type=talmud,,,,,,,,,,
"Mar Yoḥana, son of Rav Ḥana bar Bizna",names,,1,,,,,https://chavrutai.com/search?q=Mar+Yo%E1%B8%A5ana%2C+son+of+Rav+%E1%B8%A4ana+bar+Bizna&type=talmud,,,,,,,,,,
Mar Yoḥani,names,,1,,,,,https://chavrutai.com/search?q=Mar+Yo%E1%B8%A5ani&type=talmud,,,,,,,,,,
Mar Zutra,names,,172,https://en.wikipedia.org/wiki/Mar_Zutra,https://he.wikipedia.org/wiki/%D7%9E%D7%A8_%D7%96%D7%95%D7%98%D7%A8%D7%90,Mar Zutra,מר זוטרא,https://chavrutai.com/search?q=Mar+Zutra&type=talmud,blog,Q1892187,,,Pumbedita Academy,,400,,417,
"Mar Zutra and Rav Adda the Elder, the sons of Rav Mari bar Issur",names,,1,,,,,https://chavrutai.com/search?q=Mar+Zutra+and+Rav+Adda+the+Elder%2C+the+sons+of+Rav+Mari+bar+Issur&type=talmud,,,,,,,,,,
Mar Zutra bar Toviya,names,,4,,,,,https://chavrutai.com/search?q=Mar+Zutra+bar+Toviya&type=talmud,,,,,,,,,,
Mar Zutra bar Toviyya,names,,3,,,,,https://chavrutai.com/search?q=Mar+Zutra+bar+Toviyya&type=talmud,,,,,,,,,,
Mar Zutra Ḥasida,names,,1,,,,,https://chavrutai.com/search?q=Mar+Zutra+%E1%B8%A4asida&type=talmud,,,,,,,,,,
Mar Zutra Rabba,names,,1,,,,,https://chavrutai.com/search?q=Mar+Zutra+Rabba&type=talmud,,,,,,,,,,
Mar Zutra the Great,names,,1,,,,,https://chavrutai.com/search?q=Mar+Zutra+the+Great&type=talmud,,,,,,,,,,
Mar Zutra the Pious,names,,2,,,,,https://chavrutai.com/search?q=Mar+Zutra+the+Pious&type=talmud,,,,,,,,,,
"Mar Zutra, son of Rav Huna, son of Rav Pappi",names,,1,,,,,https://chavrutai.com/search?q=Mar+Zutra%2C+son+of+Rav+Huna%2C+son+of+Rav+Pappi&type=talmud,,,,,,,,,,
"Mar Zutra, son of Rav Mari",names,,17,,,,,https://chavrutai.com/search?q=Mar+Zutra%2C+son+of+Rav+Mari&type=talmud,,,,,,,,,,
"Mar Zutra, son of Rav Naḥman",names,,20,,,,,https://chavrutai.com/search?q=Mar+Zutra%2C+son+of+Rav+Na%E1%B8%A5man&type=talmud,,,,,,,,,,
"Mar Zutra, son of Rav Tavi",names,,-,,,,,https://chavrutai.com/search?q=Mar+Zutra%2C+son+of+Rav+Tavi&type=talmud,,,,,,,,,,
"Mar Zutra, the son of Rav Naḥman",names,,1,,,,,https://chavrutai.com/search?q=Mar+Zutra%2C+the+son+of+Rav+Na%E1%B8%A5man&type=talmud,,,,,,,,,,
"Mar, son of Ameimar",names,,1,,,,,https://chavrutai.com/search?q=Mar%2C+son+of+Ameimar&type=talmud,,,,,,,,,,
"Mar, son of Rabbana",names,,10,,,,,https://chavrutai.com/search?q=Mar%2C+son+of+Rabbana&type=talmud,,,,,,,,,,
"Mar, son of Rav Aḥa",names,,1,,,,,https://chavrutai.com/search?q=Mar%2C+son+of+Rav+A%E1%B8%A5a&type=talmud,,,,,,,,,,
"Mar, son of Rav Aḥa, son of Rava",names,,2,,,,,https://chavrutai.com/search?q=Mar%2C+son+of+Rav+A%E1%B8%A5a%2C+son+of+Rava&type=talmud,,,,,,,,,,
"Mar, son of Rav Ashi",names,,6,,,,,https://chavrutai.com/search?q=Mar%2C+son+of+Rav+Ashi&type=talmud,,,,,,,,,,
"Mar, son of Rav Huna",names,,1,,,,,https://chavrutai.com/search?q=Mar%2C+son+of+Rav+Huna&type=talmud,,,,,,,,,,
"Mar, son of Rav Yosef",names,,16,,,,,https://chavrutai.com/search?q=Mar%2C+son+of+Rav+Yosef&type=talmud,,,,,,,,,,
Marah,biblicalPlaces,Marah (Bible),2,https://en.wikipedia.org/wiki/Marah_(Bible),https://he.wikipedia.org/wiki/%D7%9E%D7%A8%D7%94_(%D7%90%D7%AA%D7%A8_%D7%9E%D7%A7%D7%A8%D7%90%D7%99),Marah (Bible),מרה (אתר מקראי),https://chavrutai.com/search?q=Marah&type=talmud,blog,Q2554928,,,,,,,,
Baladan,biblicalNames,"Baladan, son of Baladan; Marduk-apla-iddina II",6,https://en.wikipedia.org/wiki/Marduk-apla-iddina_II,https://he.wikipedia.org/wiki/%D7%9E%D7%A8%D7%93%D7%95%D7%9A-%D7%90%D7%A4%D7%9C%D7%94-%D7%90%D7%99%D7%93%D7%99%D7%A0%D7%94_%D7%94%D7%A9%D7%A0%D7%99,Marduk-apla-iddina II,מרדוך-אפלה-אידינה השני,https://chavrutai.com/search?q=Baladan&type=talmud,biblical_names_api_review:verified_exact_or_redirect,Q356505,,,,,-800,,-760,Elam
Marei bar Mar,names,,2,,,,,https://chavrutai.com/search?q=Marei+bar+Mar&type=talmud,,,,,,,,,,
"Marei, son of Rav Huna, son of Rav Yirmeya bar Abba",names,,1,,,,,https://chavrutai.com/search?q=Marei%2C+son+of+Rav+Huna%2C+son+of+Rav+Yirmeya+bar+Abba&type=talmud,,,,,,,,,,
Mareimar,names,,48,,,,,https://chavrutai.com/search?q=Mareimar&type=talmud,,,,,,,,,,
Mareimar bar Ḥanina,names,,1,,,,,https://chavrutai.com/search?q=Mareimar+bar+%E1%B8%A4anina&type=talmud,,,,,,,,,,
Marguan,talmudToponyms,,1,,,,,https://chavrutai.com/search?q=Marguan&type=talmud,,,,,,,,,,
Mari bar Isak,names,,4,,,,,https://chavrutai.com/search?q=Mari+bar+Isak&type=talmud,,,,,,,,,,
Mari bar Mar,names,,4,,,,,https://chavrutai.com/search?q=Mari+bar+Mar&type=talmud,,,,,,,,,,
Mari bar Mar Ukva,names,,1,,,,,https://chavrutai.com/search?q=Mari+bar+Mar+Ukva&type=talmud,,,,,,,,,,
Mari bar Mari,names,,1,,,,,https://chavrutai.com/search?q=Mari+bar+Mari&type=talmud,,,,,,,,,,
Mari bar Raḥel,names,,-,,,,,https://chavrutai.com/search?q=Mari+bar+Ra%E1%B8%A5el&type=talmud,,,,,,,,,,
Mari bar Rav Huna,names,,1,,,,,https://chavrutai.com/search?q=Mari+bar+Rav+Huna&type=talmud,,,,,,,,,,
"Mari, the grandson of Rav Huna, son of Rabbi Yirmeya bar Abba",names,,1,,,,,https://chavrutai.com/search?q=Mari%2C+the+grandson+of+Rav+Huna%2C+son+of+Rabbi+Yirmeya+bar+Abba&type=talmud,,,,,,,,,,
Markulis,names,,4,,,,,https://chavrutai.com/search?q=Markulis&type=talmud,,,,,,,,,,
marriage contract,concepts,,743,https://en.wikipedia.org/wiki/Ketubah,https://he.wikipedia.org/wiki/%D7%9B%D7%AA%D7%95%D7%91%D7%94,Ketubah,כתובה,https://chavrutai.com/search?q=marriage+contract&type=talmud,manual_concepts_top_missing_he,Q1543943,,,,,,,,
Marta,names,,3,,,,,https://chavrutai.com/search?q=Marta&type=talmud,,,,,,,,,,
"Marta, daughter of Baitos",names,,1,,,,,https://chavrutai.com/search?q=Marta%2C+daughter+of+Baitos&type=talmud,,,,,,,,,,
Marta bat Baitos,names,Martha daughter of Boethus,4,https://en.wikipedia.org/wiki/Martha_daughter_of_Boethus,https://he.wikipedia.org/wiki/%D7%9E%D7%A8%D7%AA%D7%90_%D7%91%D7%AA_%D7%91%D7%99%D7%AA%D7%95%D7%A1,Martha daughter of Boethus,מרתא בת ביתוס,https://chavrutai.com/search?q=Marta+bat+Baitos&type=talmud,blog,Q2895793,,,,,,,70,
"Maryon, son of Ravin",names,,1,,,,,https://chavrutai.com/search?q=Maryon%2C+son+of+Ravin&type=talmud,,,,,,,,,,
Masgariya,talmudToponyms,,1,,,,,https://chavrutai.com/search?q=Masgariya&type=talmud,,,,,,,,,,
Mashal (allegory),concepts,mashal,0,https://en.wikipedia.org/wiki/Mashal_(allegory),https://he.wikipedia.org/wiki/%D7%94%D7%9E%D7%A9%D7%9C_%D7%91%D7%A1%D7%A4%D7%A8%D7%95%D7%AA_%D7%97%D7%96%22%D7%9C,Mashal (allegory),"המשל בספרות חז""ל",https://chavrutai.com/search?q=Mashal+%28allegory%29&type=talmud,blog,Q117471266,,,,,,,,
Mashhig,talmudToponyms,,1,,,,,https://chavrutai.com/search?q=Mashhig&type=talmud,,,,,,,,,,
Mashronya,talmudToponyms,,1,,,,,https://chavrutai.com/search?q=Mashronya&type=talmud,,,,,,,,,,
Master Shmuel,names,,7,,,,,https://chavrutai.com/search?q=Master+Shmuel&type=talmud,,,,,,,,,,
Mata Meḥasseya,talmudToponyms,,1,,,,,https://chavrutai.com/search?q=Mata+Me%E1%B8%A5asseya&type=talmud,,,,,,,,,,
Mata Mehasya,talmudToponyms,Mata Meḥasya,46,https://en.wikipedia.org/wiki/Mata_Mehasya,,Mata Mehasya,,https://chavrutai.com/search?q=Mata+Mehasya&type=talmud,blog,Q85784268,,,,,,,,
matriarchs,biblicalNames,the Matriarchs,5,,,Matriarchs,,https://chavrutai.com/search?q=matriarchs&type=talmud,biblical_names_api_review:disambiguation_only,,,,,,,,,
Mattai,names,,4,,,,,https://chavrutai.com/search?q=Mattai&type=talmud,,,,,,,,,,
Mattithiah the High Priest,names,,1,,,,,https://chavrutai.com/search?q=Mattithiah+the+High+Priest&type=talmud,,,,,,,,,,
Mattitya bar Yehuda,names,,1,,,,,https://chavrutai.com/search?q=Mattitya+bar+Yehuda&type=talmud,,,,,,,,,,
Mattitya ben Shmuel,names,,1,,,,,https://chavrutai.com/search?q=Mattitya+ben+Shmuel&type=talmud,,,,,,,,,,
Mattitya ben Yehuda,names,,1,,,,,https://chavrutai.com/search?q=Mattitya+ben+Yehuda&type=talmud,,,,,,,,,,
Matun,names,,3,,,,,https://chavrutai.com/search?q=Matun&type=talmud,,,,,,,,,,
Matya ben Shmuel,names,,3,,,,,https://chavrutai.com/search?q=Matya+ben+Shmuel&type=talmud,,,,,,,,,,
Mavgai,names,,1,,,,,https://chavrutai.com/search?q=Mavgai&type=talmud,,,,,,,,,,
Mavog,names,,4,,,,,https://chavrutai.com/search?q=Mavog&type=talmud,,,,,,,,,,
Mavrakhta,talmudToponyms,,3,,,,,https://chavrutai.com/search?q=Mavrakhta&type=talmud,,,,,,,,,,
Me’oret,names,,1,,,,,https://chavrutai.com/search?q=Me%E2%80%99oret&type=talmud,,,,,,,,,,
meal offering,concepts,meal-offering,1282,https://en.wikipedia.org/wiki/Gift_offering,https://he.wikipedia.org/wiki/%D7%A7%D7%95%D7%A8%D7%91%D7%9F_%D7%9E%D7%A0%D7%97%D7%94,Gift offering,קורבן מנחה,https://chavrutai.com/search?q=meal+offering&type=talmud,manual_concepts_top_missing_he,Q986595,,,,,,,,
Medea,talmudToponyms,,6,,,,,https://chavrutai.com/search?q=Medea&type=talmud,,,,,,,,,,
Medes,names,,3,,,,,https://chavrutai.com/search?q=Medes&type=talmud,,,,,,,,,,
Media,talmudToponyms,Media (region),6,https://en.wikipedia.org/wiki/Media_(region),,Media (region),,https://chavrutai.com/search?q=Media&type=talmud,blog,Q3853673,,,,,,,,
Median,biblicalNations,,10,,,,,https://chavrutai.com/search?q=Median&type=talmud,,,,,,,,,,
Roman,biblicalNations,Medieval French literature,30,,,,,https://chavrutai.com/search?q=Roman&type=talmud,,,,,,,,,,
Mediterranean Sea,talmudToponyms,,3,https://en.wikipedia.org/wiki/Mediterranean_Sea,https://he.wikipedia.org/wiki/%D7%94%D7%99%D7%9D_%D7%94%D7%AA%D7%99%D7%9B%D7%95%D7%9F,Mediterranean Sea,הים התיכון,https://chavrutai.com/search?q=Mediterranean+Sea&type=talmud,blog,Q4918,,,,,,,,
Mefivoshet,biblicalNames,,5,https://en.wikipedia.org/wiki/Mephibosheth,https://he.wikipedia.org/wiki/%D7%9E%D7%A4%D7%99%D7%91%D7%95%D7%A9%D7%AA,Mephibosheth,מפיבושת,https://chavrutai.com/search?q=Mefivoshet&type=talmud,biblical_names_api_review:no_exact_page; manual_biblical_top30,Q851686,Jonathan,,,,-1015,,-974,
Meishan,talmudToponyms,,8,,,,,https://chavrutai.com/search?q=Meishan&type=talmud,,,,,,,,,,
Meishon,talmudToponyms,,4,,,,,https://chavrutai.com/search?q=Meishon&type=talmud,,,,,,,,,,
Melchizedek,biblicalNames,,2,https://en.wikipedia.org/wiki/Melchizedek,https://he.wikipedia.org/wiki/%D7%9E%D7%9C%D7%9B%D7%99-%D7%A6%D7%93%D7%A7,Melchizedek,מלכי-צדק,https://chavrutai.com/search?q=Melchizedek&type=talmud,biblical_names_api_review:verified_exact_or_redirect,Q219395,,,,,-1800,,-1700,
Memucan,biblicalNames,,2,https://en.wikipedia.org/wiki/Memucan,https://he.wikipedia.org/wiki/%D7%9E%D7%9E%D7%95%D7%9B%D7%9F,Memucan,ממוכן,https://chavrutai.com/search?q=Memucan&type=talmud,biblical_names_api_review:verified_exact_or_redirect,Q10328578,,,,,,,,
men of Neharde’a,names,,1,,,,,https://chavrutai.com/search?q=men+of+Neharde%E2%80%99a&type=talmud,,,,,,,,,,
Menaḥem,names,,7,,,,,https://chavrutai.com/search?q=Mena%E1%B8%A5em&type=talmud,,,,,,,,,,
Menaḥem ben Ḥizkiyya,names,Menahem ben Hezekiah,1,https://en.wikipedia.org/wiki/Menahem_ben_Hezekiah,,Menahem ben Hezekiah,,https://chavrutai.com/search?q=Mena%E1%B8%A5em+ben+%E1%B8%A4izkiyya&type=talmud,blog,Q6816415,,,,,70,,,
Menaḥem Yodafa,names,,2,,,,,https://chavrutai.com/search?q=Mena%E1%B8%A5em+Yodafa&type=talmud,,,,,,,,,,
"Menahem, son of Gadi",biblicalNames,,0,https://en.wikipedia.org/wiki/Menahem,https://he.wikipedia.org/wiki/%D7%9E%D7%A0%D7%97%D7%9D_%D7%91%D7%9F_%D7%92%D7%93%D7%99,Menahem,מנחם בן גדי,https://chavrutai.com/search?q=Menahem%2C+son+of+Gadi&type=talmud,biblical_names_api_review:no_exact_page; enwiki_api_exact,Q313212,Gadi,,,,-800,,-742,
Menashya bar Yirmeya,names,,1,,,,,https://chavrutai.com/search?q=Menashya+bar+Yirmeya&type=talmud,,,,,,,,,,
Menashya ben Menaḥem,names,,4,,,,,https://chavrutai.com/search?q=Menashya+ben+Mena%E1%B8%A5em&type=talmud,,,,,,,,,,
Mephibosheth,biblicalNames,,3,https://en.wikipedia.org/wiki/Mephibosheth,https://he.wikipedia.org/wiki/%D7%9E%D7%A4%D7%99%D7%91%D7%95%D7%A9%D7%AA,Mephibosheth,מפיבושת,https://chavrutai.com/search?q=Mephibosheth&type=talmud,biblical_names_api_review:verified_exact_or_redirect,Q851686,Jonathan,,,,-1015,,-974,
Merab,biblicalNames,,4,https://en.wikipedia.org/wiki/Merab,https://he.wikipedia.org/wiki/%D7%9E%D7%A8%D7%91_%D7%91%D7%AA_%D7%A9%D7%90%D7%95%D7%9C,Merab,מרב בת שאול,https://chavrutai.com/search?q=Merab&type=talmud,biblical_names_api_review:verified_exact_or_redirect,Q10581739,Saul,,,,,,,
Mercy,concepts,,228,,,,רחמים,https://chavrutai.com/search?q=Mercy&type=talmud,,,,,,,,,,
Mered,biblicalNames,,3,https://en.wikipedia.org/wiki/Mered,,Mered,,https://chavrutai.com/search?q=Mered&type=talmud,biblical_names_api_review:verified_exact_or_redirect,Q6818896,,,,,,,,
Meriv-Baal,biblicalNames,,1,,,,,https://chavrutai.com/search?q=Meriv-Baal&type=talmud,biblical_names_api_review:no_exact_page,,,,,,,,,
Meron,talmudToponyms,,3,,,,,https://chavrutai.com/search?q=Meron&type=talmud,,,,,,,,,,
Meroz,biblicalPlaces,,2,,,,,https://chavrutai.com/search?q=Meroz&type=talmud,,,,,,,,,,
"Mesha, king of Moab",biblicalNames,,1,https://en.wikipedia.org/wiki/Mesha,https://he.wikipedia.org/wiki/%D7%9E%D7%99%D7%A9%D7%A2,Mesha,מישע,https://chavrutai.com/search?q=Mesha%2C+king+of+Moab&type=talmud,biblical_names_api_review:no_exact_page; enwiki_api_exact,Q350258,,,,,-850,,-850,
Meshullam,biblicalNames,,2,https://en.wikipedia.org/wiki/Meshullam,,Meshullam,,https://chavrutai.com/search?q=Meshullam&type=talmud,biblical_names_api_review:verified_exact_or_redirect,Q6821307,,,,,,,,
Messiah,biblicalNames;concepts,"Messiah ben David; Messiah ben Yosef; Messiah, son of David; Messiah, son of Yishai; the Messiah",78,https://en.wikipedia.org/wiki/Messiah,https://he.wikipedia.org/wiki/%D7%9E%D7%A9%D7%99%D7%97_(%D7%93%D7%AA%D7%95%D7%AA),Messiah,משיח (דתות),https://chavrutai.com/search?q=Messiah&type=talmud,biblical_names_api_review:verified_exact_or_redirect,Q51626,,,,,,,,
Metatron,names,,2,https://en.wikipedia.org/wiki/Metatron,https://he.wikipedia.org/wiki/%D7%9E%D7%98%D7%98%D7%A8%D7%95%D7%9F,Metatron,מטטרון,https://chavrutai.com/search?q=Metatron&type=talmud,blog,Q651204,,,,,,,,
Methuselah,biblicalNames,,4,https://en.wikipedia.org/wiki/Methuselah,https://he.wikipedia.org/wiki/%D7%9E%D7%AA%D7%95%D7%A9%D7%9C%D7%97,Methuselah,מתושלח,https://chavrutai.com/search?q=Methuselah&type=talmud,biblical_names_api_review:verified_exact_or_redirect,Q156290,Enoch,,,,-3317; -3074,ancient Near East,-2348; -2105,
metzora,concepts,,0,,,,,https://chavrutai.com/search?q=metzora&type=talmud,,,,,,,,,,
mezuza,concepts,Mezuzah,112,https://en.wikipedia.org/wiki/Mezuzah,https://he.wikipedia.org/wiki/%D7%9E%D7%96%D7%95%D7%96%D7%94,Mezuzah,מזוזה,https://chavrutai.com/search?q=mezuza&type=talmud,blog,Q247034,,,,,,,,
Miashan,talmudToponyms,,1,,,,,https://chavrutai.com/search?q=Miashan&type=talmud,,,,,,,,,,
Micah,biblicalNames,,11,https://en.wikipedia.org/wiki/Micah,,Micah,,https://chavrutai.com/search?q=Micah&type=talmud,biblical_names_api_review:verified_exact_or_redirect,Q15621258,,,,,,,,
Micaiah,biblicalNames,,2,https://en.wikipedia.org/wiki/Micaiah,https://he.wikipedia.org/wiki/%D7%9E%D7%99%D7%9B%D7%99%D7%94%D7%95_%D7%91%D7%9F_%D7%99%D7%9E%D7%9C%D7%94,Micaiah,מיכיהו בן ימלה,https://chavrutai.com/search?q=Micaiah&type=talmud,biblical_names_api_review:verified_exact_or_redirect,Q1531578,,,,,,,,
Michael the great ministering angel,biblicalNames,,2,,,,,https://chavrutai.com/search?q=Michael+the+great+ministering+angel&type=talmud,biblical_names_api_review:no_exact_page,,,,,,,,,
Michal,biblicalNames,"Michal, daughter of Kushi",8,https://en.wikipedia.org/wiki/Michal,https://he.wikipedia.org/wiki/%D7%9E%D7%99%D7%9B%D7%9C,Michal,מיכל,https://chavrutai.com/search?q=Michal&type=talmud,biblical_names_api_review:verified_exact_or_redirect,Q1341397,Saul,,,,,,,
"Michal, the daughter of Saul",biblicalNames,,1,https://en.wikipedia.org/wiki/Michal,https://he.wikipedia.org/wiki/%D7%9E%D7%99%D7%9B%D7%9C,Michal,מיכל,https://chavrutai.com/search?q=Michal%2C+the+daughter+of+Saul&type=talmud,biblical_names_api_review:no_exact_page; enwiki_api_exact,Q1341397,Saul,,,,,,,
Midian,biblicalNations,,8,,,,,https://chavrutai.com/search?q=Midian&type=talmud,,,,,,,,,,
Migdal,talmudToponyms,,10,,,,,https://chavrutai.com/search?q=Migdal&type=talmud,,,,,,,,,,
Migdal Eder,talmudToponyms,,1,,,,,https://chavrutai.com/search?q=Migdal+Eder&type=talmud,,,,,,,,,,
Migdal Gedor,talmudToponyms,,1,,,,,https://chavrutai.com/search?q=Migdal+Gedor&type=talmud,,,,,,,,,,
Migdal Nunaya,talmudToponyms,,2,,,,,https://chavrutai.com/search?q=Migdal+Nunaya&type=talmud,,,,,,,,,,
Mikhvar,talmudToponyms,,1,,,,,https://chavrutai.com/search?q=Mikhvar&type=talmud,,,,,,,,,,
Mikveh,concepts,,0,https://en.wikipedia.org/wiki/Mikveh,https://he.wikipedia.org/wiki/%D7%9E%D7%A7%D7%95%D7%95%D7%94,Mikveh,מקווה,https://chavrutai.com/search?q=Mikveh&type=talmud,blog,Q211351,,,,,,,,
mil,concepts,Mile,86,https://en.wikipedia.org/wiki/Mile#Roman,https://he.wikipedia.org/wiki/%D7%9E%D7%99%D7%9C_(%D7%99%D7%97%D7%99%D7%93%D7%AA_%D7%9E%D7%99%D7%93%D7%94),Mile,מיל (יחידת מידה),https://chavrutai.com/search?q=mil&type=talmud,blog,Q253276,,,,,,,,
minḥa,concepts,,44,,,,,https://chavrutai.com/search?q=min%E1%B8%A5a&type=talmud,,,,,,,,,,
ministering angels,concepts,,77,,,,,https://chavrutai.com/search?q=ministering+angels&type=talmud,,,,,,,,,,
Minyamin bar Ihi,names,,2,,,,,https://chavrutai.com/search?q=Minyamin+bar+Ihi&type=talmud,,,,,,,,,,
Minyamin Saksana,names,,1,,,,,https://chavrutai.com/search?q=Minyamin+Saksana&type=talmud,,,,,,,,,,
Minyamin the Egyptian convert,names,,-,,,,,https://chavrutai.com/search?q=Minyamin+the+Egyptian+convert&type=talmud,,,,,,,,,,
"Minyamin, Rav Ashi’s slave",names,,1,,,,,https://chavrutai.com/search?q=Minyamin%2C+Rav+Ashi%E2%80%99s+slave&type=talmud,,,,,,,,,,
"Minyamin, the servant of Rav Ashi",names,,1,,,,,https://chavrutai.com/search?q=Minyamin%2C+the+servant+of+Rav+Ashi&type=talmud,,,,,,,,,,
Minyumi the physician,names,,1,,,,,https://chavrutai.com/search?q=Minyumi+the+physician&type=talmud,,,,,,,,,,
Miriam,biblicalNames,,40,https://en.wikipedia.org/wiki/Miriam,https://he.wikipedia.org/wiki/%D7%9E%D7%A8%D7%99%D7%9D_%D7%94%D7%A0%D7%91%D7%99%D7%90%D7%94,Miriam,מרים הנביאה,https://chavrutai.com/search?q=Miriam&type=talmud,biblical_names_api_review:verified_exact_or_redirect,Q1938388,Amram,,,,-1400,Ancient Egypt,-1274,Kadesh
Miriam of Tarmod,names,,2,,,,,https://chavrutai.com/search?q=Miriam+of+Tarmod&type=talmud,,,,,,,,,,
"Miriam, daughter of Bilga",names,,1,,,,,https://chavrutai.com/search?q=Miriam%2C+daughter+of+Bilga&type=talmud,,,,,,,,,,
"Miriam, raiser of babies",names,,1,,,,,https://chavrutai.com/search?q=Miriam%2C+raiser+of+babies&type=talmud,,,,,,,,,,
"Miriam, raiser women’s hair",names,,2,,,,,https://chavrutai.com/search?q=Miriam%2C+raiser+women%E2%80%99s+hair&type=talmud,,,,,,,,,,
"Miriam, who braided women’s hair",names,,2,,,,,https://chavrutai.com/search?q=Miriam%2C+who+braided+women%E2%80%99s+hair&type=talmud,,,,,,,,,,
Mishael,biblicalNames,,26,,https://he.wikipedia.org/wiki/%D7%9E%D7%99%D7%A9%D7%90%D7%9C,,מישאל,https://chavrutai.com/search?q=Mishael&type=talmud,,Q6875484,,,,,,,,
Mishon,talmudToponyms,,3,,,,,https://chavrutai.com/search?q=Mishon&type=talmud,,,,,,,,,,
Mitatron,names,,2,,,,,https://chavrutai.com/search?q=Mitatron&type=talmud,,,,,,,,,,
mitzva,concepts,,1464,https://en.wikipedia.org/wiki/Mitzvah,https://he.wikipedia.org/wiki/%D7%9E%D7%A6%D7%95%D7%95%D7%94,Mitzvah,מצווה,https://chavrutai.com/search?q=mitzva&type=talmud,manual_concepts_top_missing_he,Q265424,,,,,,,,
mitzvot,concepts,Mitzvah,399,https://en.wikipedia.org/wiki/Mitzvah#Categories_of_mitzvot,https://he.wikipedia.org/wiki/%D7%9E%D7%A6%D7%95%D7%95%D7%94,Mitzvah,מצווה,https://chavrutai.com/search?q=mitzvot&type=talmud,blog,Q265424,,,,,,,,
Moab,biblicalNames;biblicalNations;biblicalPlaces,,30,https://en.wikipedia.org/wiki/Moab,https://he.wikipedia.org/wiki/%D7%9E%D7%95%D7%90%D7%91,Moab,מואב,https://chavrutai.com/search?q=Moab&type=talmud,biblical_names_api_review:verified_exact_or_redirect,Q326304,,,,,,,,
Moabite,biblicalNations,,34,,,,,https://chavrutai.com/search?q=Moabite&type=talmud,,,,,,,,,,
Modi’im,talmudToponyms,,12,,,,,https://chavrutai.com/search?q=Modi%E2%80%99im&type=talmud,,,,,,,,,,
monetary law,concepts,,82,,https://he.wikipedia.org/wiki/%D7%93%D7%99%D7%A0%D7%99_%D7%9E%D7%9E%D7%95%D7%A0%D7%95%D7%AA,,דיני ממונות,https://chavrutai.com/search?q=monetary+law&type=talmud,,Q7052705,,,,,,,,
Mordecai,biblicalNames,Mordecai and Esther,37,https://en.wikipedia.org/wiki/Mordecai,https://he.wikipedia.org/wiki/%D7%9E%D7%A8%D7%93%D7%9B%D7%99_%D7%94%D7%99%D7%94%D7%95%D7%93%D7%99,Mordecai,מרדכי היהודי,https://chavrutai.com/search?q=Mordecai&type=talmud,biblical_names_api_review:verified_exact_or_redirect,Q1136380,Jair,,,,,Hamadan,,
Moses,biblicalNames,,561,https://en.wikipedia.org/wiki/Moses,https://he.wikipedia.org/wiki/%D7%9E%D7%A9%D7%94,Moses,משה,https://chavrutai.com/search?q=Moses&type=talmud,biblical_names_api_review:verified_exact_or_redirect,Q9077,Amram,,,Joshua; Eleazar; Phinehas,-1393; -1526; -2000,Helwan,-1273; -1406; -1500,Mount Nebo
Moshe bar Atzari,names,,1,,,,,https://chavrutai.com/search?q=Moshe+bar+Atzari&type=talmud,,,,,,,,,,
Moshe bar Atzrei,names,,1,,,,,https://chavrutai.com/search?q=Moshe+bar+Atzrei&type=talmud,,,,,,,,,,
Motza,talmudToponyms,,3,https://en.wikipedia.org/wiki/Motza,https://he.wikipedia.org/wiki/%D7%9E%D7%95%D7%A6%D7%90,Motza,מוצא,https://chavrutai.com/search?q=Motza&type=talmud,blog,Q2916387,,,,,,,,
Mount Carmel,talmudToponyms,,4,https://en.wikipedia.org/wiki/Mount_Carmel,https://he.wikipedia.org/wiki/%D7%94%D7%9B%D7%A8%D7%9E%D7%9C,Mount Carmel,הכרמל,https://chavrutai.com/search?q=Mount+Carmel&type=talmud,blog,Q185318,,,,,,,,
Mount Ebal,talmudToponyms,,5,https://en.wikipedia.org/wiki/Mount_Ebal,https://he.wikipedia.org/wiki/%D7%94%D7%A8_%D7%A2%D7%99%D7%91%D7%9C,Mount Ebal,הר עיבל,https://chavrutai.com/search?q=Mount+Ebal&type=talmud,blog,Q1975866,,,,,,,,
Mount Eival,talmudToponyms,,1,,,,,https://chavrutai.com/search?q=Mount+Eival&type=talmud,,,,,,,,,,
Mount Ephraim,talmudToponyms,,0,,,,,https://chavrutai.com/search?q=Mount+Ephraim&type=talmud,,,,,,,,,,
Mount Gerizim,talmudToponyms,,9,https://en.wikipedia.org/wiki/Mount_Gerizim,https://he.wikipedia.org/wiki/%D7%94%D7%A8_%D7%92%D7%A8%D7%99%D7%96%D7%99%D7%9D,Mount Gerizim,הר גריזים,https://chavrutai.com/search?q=Mount+Gerizim&type=talmud,blog,Q1288751,,,,,,,,
Mount Horeb,talmudToponyms,,1,https://en.wikipedia.org/wiki/Mount_Horeb,,Mount Horeb,,https://chavrutai.com/search?q=Mount+Horeb&type=talmud,blog,Q1420926,,,,,,,,
Mount Judea,talmudToponyms,,0,,,,,https://chavrutai.com/search?q=Mount+Judea&type=talmud,,,,,,,,,,
Mount Moriah,talmudToponyms,,6,,,,,https://chavrutai.com/search?q=Mount+Moriah&type=talmud,,,,,,,,,,
Mount Naphtali,talmudToponyms,,0,,,,,https://chavrutai.com/search?q=Mount+Naphtali&type=talmud,,,,,,,,,,
Mount of Olives,talmudToponyms,,4,,,,,https://chavrutai.com/search?q=Mount+of+Olives&type=talmud,,,,,,,,,,
Mount Paran,talmudToponyms,,1,,,,,https://chavrutai.com/search?q=Mount+Paran&type=talmud,,,,,,,,,,
Mount Scopus,talmudToponyms,,1,,,,,https://chavrutai.com/search?q=Mount+Scopus&type=talmud,,,,,,,,,,
Mount Seir,talmudToponyms,,1,,,,,https://chavrutai.com/search?q=Mount+Seir&type=talmud,,,,,,,,,,
Mount Sinai,biblicalPlaces,,40,https://en.wikipedia.org/wiki/Mount_Sinai,https://he.wikipedia.org/wiki/%D7%92%27%D7%91%D7%9C_%D7%9E%D7%95%D7%A1%D7%90,Mount Sinai,ג'בל מוסא,https://chavrutai.com/search?q=Mount+Sinai&type=talmud,blog,Q377485,,,,,,,,
Mount Tabor,talmudToponyms,,2,https://en.wikipedia.org/wiki/Mount_Tabor,https://he.wikipedia.org/wiki/%D7%94%D7%A8_%D7%AA%D7%91%D7%95%D7%A8,Mount Tabor,הר תבור,https://chavrutai.com/search?q=Mount+Tabor&type=talmud,blog,Q193785,,,,,,,,
Mountains of Darkness,talmudToponyms,,1,,,,,https://chavrutai.com/search?q=Mountains+of+Darkness&type=talmud,,,,,,,,,,
Munbaz,names,,10,,,,,https://chavrutai.com/search?q=Munbaz&type=talmud,,,,,,,,,,
Mushekanei,talmudToponyms,,8,,,,,https://chavrutai.com/search?q=Mushekanei&type=talmud,,,,,,,,,,
Mushekhei,talmudToponyms,,3,,,,,https://chavrutai.com/search?q=Mushekhei&type=talmud,,,,,,,,,,
Mushkhei,talmudToponyms,,1,,,,,https://chavrutai.com/search?q=Mushkhei&type=talmud,,,,,,,,,,
Musya,talmudToponyms,,3,,,,,https://chavrutai.com/search?q=Musya&type=talmud,,,,,,,,,,
Na’ama the Ammonite,biblicalNames,,1,,,,,https://chavrutai.com/search?q=Na%E2%80%99ama+the+Ammonite&type=talmud,biblical_names_api_review:no_exact_page,,,,,,,,,
Na’usa,talmudToponyms,,1,,,,,https://chavrutai.com/search?q=Na%E2%80%99usa&type=talmud,,,,,,,,,,
Naamah the Ammonite,biblicalNames,,2,,,,,https://chavrutai.com/search?q=Naamah+the+Ammonite&type=talmud,biblical_names_api_review:no_exact_page,,,,,,,,,
Naaman,biblicalNames,,5,https://en.wikipedia.org/wiki/Naaman,https://he.wikipedia.org/wiki/%D7%A0%D7%A2%D7%9E%D7%9F_(%D7%93%D7%9E%D7%95%D7%AA_%D7%9E%D7%A7%D7%A8%D7%90%D7%99%D7%AA),Naaman,נעמן (דמות מקראית),https://chavrutai.com/search?q=Naaman&type=talmud,biblical_names_api_review:verified_exact_or_redirect,Q126778,,,,,,,,
Naaran,talmudToponyms,,1,,,,,https://chavrutai.com/search?q=Naaran&type=talmud,,,,,,,,,,
Naboth,biblicalNames,Naboth the Jezreelite,8,https://en.wikipedia.org/wiki/Naboth,https://he.wikipedia.org/wiki/%D7%A0%D7%91%D7%95%D7%AA_%D7%94%D7%99%D7%96%D7%A8%D7%A2%D7%90%D7%9C%D7%99,Naboth,נבות היזרעאלי,https://chavrutai.com/search?q=Naboth&type=talmud,biblical_names_api_review:verified_exact_or_redirect,Q44203,,,,,,,,
Nadav and Avihu,biblicalNames,Nadab and Abihu,5,https://en.wikipedia.org/wiki/Nadab_and_Abihu,https://he.wikipedia.org/wiki/%D7%A0%D7%93%D7%91_%D7%95%D7%90%D7%91%D7%99%D7%94%D7%95%D7%90,Nadab and Abihu,נדב ואביהוא,https://chavrutai.com/search?q=Nadav+and+Avihu&type=talmud,biblical_names_api_review:verified_exact_or_redirect,Q3869818,,,,,,,,
Naftuḥa,talmudToponyms,,1,,,,,https://chavrutai.com/search?q=Naftu%E1%B8%A5a&type=talmud,,,,,,,,,,
Naḥman bar Abba,names,,1,,,,,https://chavrutai.com/search?q=Na%E1%B8%A5man+bar+Abba&type=talmud,,,,,,,,,,
Naḥman the farmer,names,,1,,,,,https://chavrutai.com/search?q=Na%E1%B8%A5man+the+farmer&type=talmud,,,,,,,,,,
Nahor,biblicalNames,,4,,,,,https://chavrutai.com/search?q=Nahor&type=talmud,biblical_names_api_review:disambiguation_only,,,,,,,,,
Nahshon,biblicalNames,"Nahshon ben Amminadab; Nahshon, son of Amminadab",19,https://en.wikipedia.org/wiki/Nahshon,https://he.wikipedia.org/wiki/%D7%A0%D7%97%D7%A9%D7%95%D7%9F_%D7%91%D7%9F_%D7%A2%D7%9E%D7%99%D7%A0%D7%93%D7%91,Nahshon,נחשון בן עמינדב,https://chavrutai.com/search?q=Nahshon&type=talmud,biblical_names_api_review:verified_exact_or_redirect,Q1784980,Amminadab,,,,,Ancient Egypt,-1312,
Naḥum HaMadi,names,,1,,,,,https://chavrutai.com/search?q=Na%E1%B8%A5um+HaMadi&type=talmud,,,,,,,,,,
Naḥum of Galia,names,,2,,,,,https://chavrutai.com/search?q=Na%E1%B8%A5um+of+Galia&type=talmud,,,,,,,,,,
Naḥum of Gam Zo,names,,4,,,,,https://chavrutai.com/search?q=Na%E1%B8%A5um+of+Gam+Zo&type=talmud,,,,,,,,,,
Naḥum of Gam Zu,names,,4,,,,,https://chavrutai.com/search?q=Na%E1%B8%A5um+of+Gam+Zu&type=talmud,,,,,,,,,,
Naḥum the Elder,names,,1,,,,,https://chavrutai.com/search?q=Na%E1%B8%A5um+the+Elder&type=talmud,,,,,,,,,,
Naḥum the Mede,names,,9,https://en.wikipedia.org/wiki/Nahum_the_Mede,https://he.wikipedia.org/wiki/%D7%A0%D7%97%D7%95%D7%9D_%D7%94%D7%9E%D7%93%D7%99,Nahum the Mede,נחום המדי,https://chavrutai.com/search?q=Na%E1%B8%A5um+the+Mede&type=talmud,wikidata_seed_qid,Q2895176,,,,,1,Nusaybin,,
Naḥum the Scribe,names,,1,,,,,https://chavrutai.com/search?q=Na%E1%B8%A5um+the+Scribe&type=talmud,,,,,,,,,,
Naḥuma ben Apakshiyon,names,,1,,,,,https://chavrutai.com/search?q=Na%E1%B8%A5uma+ben+Apakshiyon&type=talmud,,,,,,,,,,
Nakai,names,,4,,,,,https://chavrutai.com/search?q=Nakai&type=talmud,,,,,,,,,,
Namer,talmudToponyms,,3,,,,,https://chavrutai.com/search?q=Namer&type=talmud,,,,,,,,,,
Namori,talmudToponyms,,1,,,,,https://chavrutai.com/search?q=Namori&type=talmud,,,,,,,,,,
Nanai bar Ḥavai,names,,-,,,,,https://chavrutai.com/search?q=Nanai+bar+%E1%B8%A4avai&type=talmud,,,,,,,,,,
"Nanai, son of Rav Yosef, son of Rava",names,,1,,,,,https://chavrutai.com/search?q=Nanai%2C+son+of+Rav+Yosef%2C+son+of+Rava&type=talmud,,,,,,,,,,
Naomi,biblicalNames,,3,,,Naomi,,https://chavrutai.com/search?q=Naomi&type=talmud,biblical_names_api_review:disambiguation_only,,,,,,,,,
Naomi’s father,biblicalNames,,1,,,,,https://chavrutai.com/search?q=Naomi%E2%80%99s+father&type=talmud,biblical_names_api_review:no_exact_page,,,,,,,,,
Naphtali,biblicalNames,,4,https://en.wikipedia.org/wiki/Naphtali,https://he.wikipedia.org/wiki/%D7%A0%D7%A4%D7%AA%D7%9C%D7%99,Naphtali,נפתלי,https://chavrutai.com/search?q=Naphtali&type=talmud,biblical_names_api_review:verified_exact_or_redirect,Q1771963,Jacob,,,,,,,
Neresh,talmudToponyms,Naresh (city),21,https://en.wikipedia.org/wiki/Naresh_(city),https://he.wikipedia.org/wiki/%D7%A0%D7%A8%D7%A9,Naresh (city),נרש,https://chavrutai.com/search?q=Neresh&type=talmud,blog,Q269168,,,,,,,,
Nashikiya,talmudToponyms,,1,,,,,https://chavrutai.com/search?q=Nashikiya&type=talmud,,,,,,,,,,
Nashyan,biblicalNames,,1,,,,,https://chavrutai.com/search?q=Nashyan&type=talmud,biblical_names_api_review:no_exact_page,,,,,,,,,
Nasi,concepts,Nasi (Hebrew title),117,https://en.wikipedia.org/wiki/Nasi_(Hebrew_title)#Second_Temple_period,https://he.wikipedia.org/wiki/%D7%A0%D7%A9%D7%99%D7%90_(%D7%AA%D7%95%D7%90%D7%A8_%D7%9E%D7%A7%D7%A8%D7%90%D7%99),Nasi (Hebrew title),נשיא (תואר מקראי),https://chavrutai.com/search?q=Nasi&type=talmud,blog,Q1279683,,,,,,,,
Natan bar Mar Zutra,names,,1,,,,,https://chavrutai.com/search?q=Natan+bar+Mar+Zutra&type=talmud,,,,,,,,,,
"Natan bar Sheila, chief butcher of Tzippori",names,,1,,,,,https://chavrutai.com/search?q=Natan+bar+Sheila%2C+chief+butcher+of+Tzippori&type=talmud,,,,,,,,,,
"Natan bar Sheila, head of the butchers of Tzippori",names,,1,,,,,https://chavrutai.com/search?q=Natan+bar+Sheila%2C+head+of+the+butchers+of+Tzippori&type=talmud,,,,,,,,,,
Natan detzutzita,names,,-,,,,,https://chavrutai.com/search?q=Natan+detzutzita&type=talmud,,,,,,,,,,
Natan the Babylonian,names,,3,,,,,https://chavrutai.com/search?q=Natan+the+Babylonian&type=talmud,,,,,,,,,,
Nathan the prophet,biblicalNames,,1,,,,,https://chavrutai.com/search?q=Nathan+the+prophet&type=talmud,biblical_names_api_review:no_exact_page,,,,,,,,,
Natzvat bat Ada’el,biblicalNames,,1,,,,,https://chavrutai.com/search?q=Natzvat+bat+Ada%E2%80%99el&type=talmud,biblical_names_api_review:no_exact_page,,,,,,,,,
Nayyoli,names,,1,,,,,https://chavrutai.com/search?q=Nayyoli&type=talmud,,,,,,,,,,
Nazirite,concepts,,687,https://en.wikipedia.org/wiki/Nazirite,https://he.wikipedia.org/wiki/%D7%A0%D7%96%D7%99%D7%A8_(%D7%99%D7%94%D7%93%D7%95%D7%AA),Nazirite,נזיר (יהדות),https://chavrutai.com/search?q=Nazirite&type=talmud,curated_tree,Q834316,,,,,,,,
Ne’oran,talmudToponyms,,1,,,,,https://chavrutai.com/search?q=Ne%E2%80%99oran&type=talmud,,,,,,,,,,
Nebaioth,biblicalNames,,3,https://en.wikipedia.org/wiki/Nebaioth,https://he.wikipedia.org/wiki/%D7%A0%D7%91%D7%99%D7%95%D7%AA,Nebaioth,נביות,https://chavrutai.com/search?q=Nebaioth&type=talmud,biblical_names_api_review:verified_exact_or_redirect,Q3773487,Ishmael,,,,,,,
Nebo,talmudToponyms,,1,,,,,https://chavrutai.com/search?q=Nebo&type=talmud,,,,,,,,,,
Nebuchadnezzar,biblicalNames,Nebuchadnezzar II; Nebuchadnezzar the wicked,42,https://en.wikipedia.org/wiki/Nebuchadnezzar_II,https://he.wikipedia.org/wiki/%D7%A0%D7%91%D7%95%D7%9B%D7%93%D7%A0%D7%90%D7%A6%D7%A8_%D7%94%D7%A9%D7%A0%D7%99,Nebuchadnezzar II,נבוכדנאצר השני,https://chavrutai.com/search?q=Nebuchadnezzar&type=talmud,biblical_names_api_review:verified_exact_or_redirect,Q12591,Nabopolassar,,,,-642,Uruk,-561; -562,Babylon
Nefata,names,,1,,,,,https://chavrutai.com/search?q=Nefata&type=talmud,,,,,,,,,,
Nehar Pekod,talmudToponyms,,18,https://en.wikipedia.org/wiki/Nehar_Pekod,https://he.wikipedia.org/wiki/%D7%A0%D7%94%D7%A8_%D7%A4%D7%A7%D7%95%D7%93,Nehar Pekod,נהר פקוד,https://chavrutai.com/search?q=Nehar+Pekod&type=talmud,blog,Q97357823,,,,,,,,
Neharbela,talmudToponyms,,5,,,,,https://chavrutai.com/search?q=Neharbela&type=talmud,,,,,,,,,,
Neharbil,talmudToponyms,,2,,,,,https://chavrutai.com/search?q=Neharbil&type=talmud,,,,,,,,,,
Neharde’ans,names,,1,,,,,https://chavrutai.com/search?q=Neharde%E2%80%99ans&type=talmud,,,,,,,,,,
Neharde’a,talmudToponyms,Nehardea,191,https://en.wikipedia.org/wiki/Nehardea,https://he.wikipedia.org/wiki/%D7%A0%D7%94%D7%A8%D7%93%D7%A2%D7%90,Nehardea,נהרדעא,https://chavrutai.com/search?q=Neharde%E2%80%99a&type=talmud,blog,Q337751,,,,,,,,
Nehemiah,biblicalNames,"Nehemiah ben Hacaliah; Nehemiah, son of Hacaliah; Nehemiah, son of Hachaliah",19,https://en.wikipedia.org/wiki/Nehemiah,https://he.wikipedia.org/wiki/%D7%A0%D7%97%D7%9E%D7%99%D7%94,Nehemiah,נחמיה,https://chavrutai.com/search?q=Nehemiah&type=talmud,biblical_names_api_review:verified_exact_or_redirect,Q1025598,Hachaliah,,,,-473,Judea,-403,Judea
Neḥemya bar Baruch,names,,1,,,,,https://chavrutai.com/search?q=Ne%E1%B8%A5emya+bar+Baruch&type=talmud,,,,,,,,,,
Neḥemya HaAmasoni,names,,2,,,,,https://chavrutai.com/search?q=Ne%E1%B8%A5emya+HaAmasoni&type=talmud,,,,,,,,,,
Neḥemya HaAmmassoni,names,,1,,,,,https://chavrutai.com/search?q=Ne%E1%B8%A5emya+HaAmmassoni&type=talmud,,,,,,,,,,
Neḥemya of Beit D’li,names,,1,,,,,https://chavrutai.com/search?q=Ne%E1%B8%A5emya+of+Beit+D%E2%80%99li&type=talmud,,,,,,,,,,
"Neḥemya, son of Rav Ḥanilai",names,,-,,,,,https://chavrutai.com/search?q=Ne%E1%B8%A5emya%2C+son+of+Rav+%E1%B8%A4anilai&type=talmud,,,,,,,,,,
"Neḥemya, the son-in-law of the <i>Nasi</i>",names,,1,,,,,https://chavrutai.com/search?q=Ne%E1%B8%A5emya%2C+the+son-in-law+of+the+%3Ci%3ENasi%3C%2Fi%3E&type=talmud,,,,,,,,,,
"Neḥunya the digger of pits, ditches, and caves",names,,1,,,,,https://chavrutai.com/search?q=Ne%E1%B8%A5unya+the+digger+of+pits%2C+ditches%2C+and+caves&type=talmud,,,,,,,,,,
Neriah,biblicalNames,,3,https://en.wikipedia.org/wiki/Neriah,,Neriah,,https://chavrutai.com/search?q=Neriah&type=talmud,biblical_names_api_review:verified_exact_or_redirect,Q6996190,,,,,,,,
Nero,names,,3,https://en.wikipedia.org/wiki/Nero,https://he.wikipedia.org/wiki/%D7%A0%D7%99%D7%A8%D7%95%D7%9F_%D7%A7%D7%99%D7%A1%D7%A8,Nero,נירון קיסר,https://chavrutai.com/search?q=Nero&type=talmud,blog,Q1413,Gnaeus Domitius Ahenobarbus; Claudius,Terpnus,,,37-12-15,Antium,68-06-09,Rome
Nero Caesar,names,,1,,,,,https://chavrutai.com/search?q=Nero+Caesar&type=talmud,,,,,,,,,,
Nesibin,talmudToponyms,,0,,,,,https://chavrutai.com/search?q=Nesibin&type=talmud,,,,,,,,,,
Netzer,names,,4,,,,,https://chavrutai.com/search?q=Netzer&type=talmud,,,,,,,,,,
Netzivin,talmudToponyms,,7,,,,,https://chavrutai.com/search?q=Netzivin&type=talmud,,,,,,,,,,
Neviraya,talmudToponyms,,1,,,,,https://chavrutai.com/search?q=Neviraya&type=talmud,,,,,,,,,,
New moon,concepts,,135,,https://he.wikipedia.org/wiki/%D7%9E%D7%95%D7%9C%D7%93_%D7%94%D7%9C%D7%91%D7%A0%D7%94,,מולד הלבנה,https://chavrutai.com/search?q=New+moon&type=talmud,,Q108566,,,,,,,,
Nakdimon ben Guryon,names,Nicodemus ben Gurion,10,https://en.wikipedia.org/wiki/Nicodemus_ben_Gurion,https://he.wikipedia.org/wiki/%D7%A0%D7%A7%D7%93%D7%99%D7%9E%D7%95%D7%9F_%D7%91%D7%9F_%D7%92%D7%95%D7%A8%D7%99%D7%95%D7%9F,Nicodemus ben Gurion,נקדימון בן גוריון,https://chavrutai.com/search?q=Nakdimon+ben+Guryon&type=talmud,blog,Q3788822,,,,,,,100,
Niddah,concepts,,0,https://en.wikipedia.org/wiki/Niddah,https://he.wikipedia.org/wiki/%D7%A0%D7%99%D7%93%D7%94,Niddah,נידה,https://chavrutai.com/search?q=Niddah&type=talmud,curated_tree,Q1466089,,,,,,,,
Niftayim the convert,names,,1,,,,,https://chavrutai.com/search?q=Niftayim+the+convert&type=talmud,,,,,,,,,,
Nihar,talmudToponyms,,1,,,,,https://chavrutai.com/search?q=Nihar&type=talmud,,,,,,,,,,
Nihavnad,talmudToponyms,,3,,,,,https://chavrutai.com/search?q=Nihavnad&type=talmud,,,,,,,,,,
Nile River,biblicalPlaces;talmudToponyms,,0,,,,,https://chavrutai.com/search?q=Nile+River&type=talmud,,,,,,,,,,
Nimos,names,,2,,,,,https://chavrutai.com/search?q=Nimos&type=talmud,,,,,,,,,,
Nimos HaGardi,names,,1,,,,,https://chavrutai.com/search?q=Nimos+HaGardi&type=talmud,,,,,,,,,,
"Nimos, the brother of Rabbi Yehoshua HaGarsi",names,,1,,,,,https://chavrutai.com/search?q=Nimos%2C+the+brother+of+Rabbi+Yehoshua+HaGarsi&type=talmud,,,,,,,,,,
Nimrod,biblicalNames,Nimrod the wicked,10,https://en.wikipedia.org/wiki/Nimrod,https://he.wikipedia.org/wiki/%D7%A0%D7%9E%D7%A8%D7%95%D7%93,Nimrod,נמרוד,https://chavrutai.com/search?q=Nimrod&type=talmud,biblical_names_api_review:verified_exact_or_redirect,Q201861,Cush,,,,-1751,,-1638,
Nineveh,talmudToponyms,,11,https://en.wikipedia.org/wiki/Nineveh,https://he.wikipedia.org/wiki/%D7%A0%D7%99%D7%A0%D7%95%D7%94,Nineveh,נינוה,https://chavrutai.com/search?q=Nineveh&type=talmud,blog,Q5680,,,,,,,,
Ninth of Av,concepts,,59,https://en.wikipedia.org/wiki/Tisha_B%27Av,https://he.wikipedia.org/wiki/%D7%AA%D7%A9%D7%A2%D7%94_%D7%91%D7%90%D7%91,,תשעה באב,https://chavrutai.com/search?q=Ninth+of+Av&type=talmud,,Q211349,,,,,,,,
Nitai HaArbeli,names,,1,,,,,https://chavrutai.com/search?q=Nitai+HaArbeli&type=talmud,,,,,,,,,,
Nit’za,names,Nitza,3,,,,,https://chavrutai.com/search?q=Nit%E2%80%99za&type=talmud,,,,,,,,,,
Noah,biblicalNames,Noah the righteous,92,https://en.wikipedia.org/wiki/Noah,https://he.wikipedia.org/wiki/%D7%A0%D7%97,Noah,נח,https://chavrutai.com/search?q=Noah&type=talmud,biblical_names_api_review:verified_exact_or_redirect,Q81422,Lamech,,,,-2948; -2706; -3847,Mesopotamia,-1998; -1756; -2897,
Nob,talmudToponyms,,5,,,,,https://chavrutai.com/search?q=Nob&type=talmud,,,,,,,,,,
Nofer Ninefi,talmudToponyms,,0,,,,,https://chavrutai.com/search?q=Nofer+Ninefi&type=talmud,,,,,,,,,,
non-priest,concepts,,193,,,,,https://chavrutai.com/search?q=non-priest&type=talmud,,,,,,,,,,
non-sacred,concepts,,614,https://en.wikipedia.org/wiki/Hullin,https://he.wikipedia.org/wiki/%D7%9E%D7%A1%D7%9B%D7%AA_%D7%97%D7%95%D7%9C%D7%99%D7%9F,Hullin,מסכת חולין,https://chavrutai.com/search?q=non-sacred&type=talmud,manual_concepts_top_missing_he,Q1822409,,,,,,,,
notar,concepts,,138,,https://he.wikipedia.org/wiki/%D7%A0%D7%95%D7%AA%D7%A8,,נותר,https://chavrutai.com/search?q=notar&type=talmud,manual_concepts_he_first_pass,Q16130566,,,,,,,,
Nov,talmudToponyms,,15,,,,,https://chavrutai.com/search?q=Nov&type=talmud,,,,,,,,,,
Obadiah,biblicalNames,,8,https://en.wikipedia.org/wiki/Obadiah,,Obadiah,,https://chavrutai.com/search?q=Obadiah&type=talmud,biblical_names_api_review:verified_exact_or_redirect,Q479645,,,,,-587,,-500,
Obed,biblicalNames,,1,,,,,https://chavrutai.com/search?q=Obed&type=talmud,biblical_names_api_review:disambiguation_only,,,,,,,,,
of Neharbela,names,,4,,,,,https://chavrutai.com/search?q=of+Neharbela&type=talmud,,,,,,,,,,
offering of the most sacred order,concepts,,18,,,,,https://chavrutai.com/search?q=offering+of+the+most+sacred+order&type=talmud,,,,,,,,,,
offerings of lesser sanctity,concepts,,156,,https://he.wikipedia.org/wiki/%D7%A7%D7%95%D7%93%D7%A9%D7%99%D7%9D_%D7%A7%D7%9C%D7%99%D7%9D,,קודשים קלים,https://chavrutai.com/search?q=offerings+of+lesser+sanctity&type=talmud,manual_concepts_he_first_pass,Q6558021,,,,,,,,
offerings of the most sacred order,concepts,,140,,https://he.wikipedia.org/wiki/%D7%A7%D7%95%D7%93%D7%A9%D7%99_%D7%A7%D7%95%D7%93%D7%A9%D7%99%D7%9D,,קודשי קודשים,https://chavrutai.com/search?q=offerings+of+the+most+sacred+order&type=talmud,manual_concepts_he_first_pass,Q61124997,,,,,,,,
Og,biblicalNames,"Og, King of Bashan",13,https://en.wikipedia.org/wiki/Og,https://he.wikipedia.org/wiki/%D7%A2%D7%95%D7%92_%D7%9E%D7%9C%D7%9A_%D7%94%D7%91%D7%A9%D7%9F,Og,עוג מלך הבשן,https://chavrutai.com/search?q=Og&type=talmud,biblical_names_api_review:verified_exact_or_redirect,Q878675,,,,,,,,Edrei
"Og, king of the Bashan",biblicalNames,,3,https://en.wikipedia.org/wiki/Og,https://he.wikipedia.org/wiki/%D7%A2%D7%95%D7%92_%D7%9E%D7%9C%D7%9A_%D7%94%D7%91%D7%A9%D7%9F,Og,עוג מלך הבשן,https://chavrutai.com/search?q=Og%2C+king+of+the+Bashan&type=talmud,biblical_names_api_review:no_exact_page; enwiki_api_exact,Q878675,,,,,,,,Edrei
"Og, the king of Bashan",biblicalNames,,0,https://en.wikipedia.org/wiki/Og,https://he.wikipedia.org/wiki/%D7%A2%D7%95%D7%92_%D7%9E%D7%9C%D7%9A_%D7%94%D7%91%D7%A9%D7%9F,Og,עוג מלך הבשן,https://chavrutai.com/search?q=Og%2C+the+king+of+Bashan&type=talmud,biblical_names_api_review:no_exact_page; enwiki_api_exact,Q878675,,,,,,,,Edrei
Ohalya,talmudToponyms,,1,,,,,https://chavrutai.com/search?q=Ohalya&type=talmud,,,,,,,,,,
"Okvan, son of Neḥemya the Exilarch",names,,-,,,,,https://chavrutai.com/search?q=Okvan%2C+son+of+Ne%E1%B8%A5emya+the+Exilarch&type=talmud,,,,,,,,,,
Omer offering,concepts,,0,https://en.wikipedia.org/wiki/Omer_offering,https://he.wikipedia.org/wiki/%D7%9E%D7%A0%D7%97%D7%AA_%D7%94%D7%A2%D7%95%D7%9E%D7%A8,Omer offering,מנחת העומר,https://chavrutai.com/search?q=Omer+offering&type=talmud,blog,Q1398399,,,,,,,,
Omri,biblicalNames,,6,https://en.wikipedia.org/wiki/Omri,https://he.wikipedia.org/wiki/%D7%A2%D7%9E%D7%A8%D7%99,Omri,עמרי,https://chavrutai.com/search?q=Omri&type=talmud,biblical_names_api_review:verified_exact_or_redirect,Q313221,,,,,-940,,-874,Samaria
"On, son of Peleth",biblicalNames,,2,,,,,https://chavrutai.com/search?q=On%2C+son+of+Peleth&type=talmud,biblical_names_api_review:no_exact_page,,,,,,,,,
Onan,biblicalNames,,10,https://en.wikipedia.org/wiki/Onan,https://he.wikipedia.org/wiki/%D7%90%D7%95%D7%A0%D7%9F_(%D7%93%D7%9E%D7%95%D7%AA_%D7%9E%D7%A7%D7%A8%D7%90%D7%99%D7%AA),Onan,אונן (דמות מקראית),https://chavrutai.com/search?q=Onan&type=talmud,biblical_names_api_review:verified_exact_or_redirect,Q661074,Judah,,,,,,,
one High Priest,names,,1,,,,,https://chavrutai.com/search?q=one+High+Priest&type=talmud,,,,,,,,,,
one man,names,,49,,,,,https://chavrutai.com/search?q=one+man&type=talmud,,,,,,,,,,
one of the Sages,names,,51,,,,,https://chavrutai.com/search?q=one+of+the+Sages&type=talmud,,,,,,,,,,
one of the sons of so-and-so,names,,1,,,,,https://chavrutai.com/search?q=one+of+the+sons+of+so-and-so&type=talmud,,,,,,,,,,
one prostitute,names,,2,,,,,https://chavrutai.com/search?q=one+prostitute&type=talmud,,,,,,,,,,
one Sadducee,names,,1,,,,,https://chavrutai.com/search?q=one+Sadducee&type=talmud,,,,,,,,,,
one weaver,names,,-,,,,,https://chavrutai.com/search?q=one+weaver&type=talmud,,,,,,,,,,
one who experienced a seminal emission,concepts,,23,,,,,https://chavrutai.com/search?q=one+who+experienced+a+seminal+emission&type=talmud,,,,,,,,,,
one woman,names,,20,,,,,https://chavrutai.com/search?q=one+woman&type=talmud,,,,,,,,,,
"one woman, the neighbor of Rabban Gamliel",names,,1,,,,,https://chavrutai.com/search?q=one+woman%2C+the+neighbor+of+Rabban+Gamliel&type=talmud,,,,,,,,,,
Onias,names,,20,,,,,https://chavrutai.com/search?q=Onias&type=talmud,,,,,,,,,,
Onkelos,names,Onkelos the convert,8,https://en.wikipedia.org/wiki/Onkelos,https://he.wikipedia.org/wiki/%D7%90%D7%95%D7%A0%D7%A7%D7%9C%D7%95%D7%A1,Onkelos,אונקלוס,https://chavrutai.com/search?q=Onkelos&type=talmud,blog,Q2533433,Q20851350,,,,1,Rome,120,
"Onkelos bar Kalonikos, the son of Titus’s sister",names,,1,,,,,https://chavrutai.com/search?q=Onkelos+bar+Kalonikos%2C+the+son+of+Titus%E2%80%99s+sister&type=talmud,,,,,,,,,,
Onkelos bar Kelonimos,names,,1,,,,,https://chavrutai.com/search?q=Onkelos+bar+Kelonimos&type=talmud,,,,,,,,,,
Ono,talmudToponyms,"Ono, Benjamin",13,"https://en.wikipedia.org/wiki/Ono,_Benjamin",https://he.wikipedia.org/wiki/%D7%90%D7%95%D7%A0%D7%95_(%D7%A2%D7%99%D7%A8_%D7%9E%D7%A7%D7%A8%D7%90%D7%99%D7%AA),"Ono, Benjamin",אונו (עיר מקראית),https://chavrutai.com/search?q=Ono&type=talmud,blog,Q7094410,,,,,,,,
Ophel,biblicalPlaces,,2,,,,,https://chavrutai.com/search?q=Ophel&type=talmud,,,,,,,,,,
Ophir,talmudToponyms,,4,,,,,https://chavrutai.com/search?q=Ophir&type=talmud,,,,,,,,,,
Ordeal of the bitter water,concepts,,0,https://en.wikipedia.org/wiki/Ordeal_of_the_bitter_water,https://he.wikipedia.org/wiki/%D7%A1%D7%95%D7%98%D7%94_(%D7%94%D7%9C%D7%9B%D7%94),Ordeal of the bitter water,סוטה (הלכה),https://chavrutai.com/search?q=Ordeal+of+the+bitter+water&type=talmud,blog,Q7563951,,,,,,,,
Orikhut,talmudToponyms,,0,,,,,https://chavrutai.com/search?q=Orikhut&type=talmud,,,,,,,,,,
orla,concepts,Orlah,87,https://en.wikipedia.org/wiki/Orlah,https://he.wikipedia.org/wiki/%D7%90%D7%99%D7%A1%D7%95%D7%A8_%D7%A2%D7%A8%D7%9C%D7%94,Orlah,איסור ערלה,https://chavrutai.com/search?q=orla&type=talmud,blog,Q1155911,,,,,,,,
Orpah,biblicalNames,Harafa,5,https://en.wikipedia.org/wiki/Orpah,https://he.wikipedia.org/wiki/%D7%A2%D7%A8%D7%A4%D7%94,Orpah,ערפה,https://chavrutai.com/search?q=Orpah&type=talmud,biblical_names_api_review:verified_exact_or_redirect,Q1697019,,,,,,,,
"orphan Ravina the younger, was his sister’s son",names,,1,,,,,https://chavrutai.com/search?q=orphan+Ravina+the+younger%2C+was+his+sister%E2%80%99s+son&type=talmud,,,,,,,,,,
Oshaya bar Zavda,names,,1,,,,,https://chavrutai.com/search?q=Oshaya+bar+Zavda&type=talmud,,,,,,,,,,
Oshaya the Distinguished,names,,1,,,,,https://chavrutai.com/search?q=Oshaya+the+Distinguished&type=talmud,,,,,,,,,,
"Oshaya, the youngest of the company",names,,1,,,,,https://chavrutai.com/search?q=Oshaya%2C+the+youngest+of+the+company&type=talmud,,,,,,,,,,
Othniel,biblicalNames,"Othniel, son of Kenaz",0,https://en.wikipedia.org/wiki/Othniel,https://he.wikipedia.org/wiki/%D7%A2%D7%AA%D7%A0%D7%99%D7%90%D7%9C_%D7%91%D7%9F_%D7%A7%D7%A0%D7%96,Othniel,עתניאל בן קנז,https://chavrutai.com/search?q=Othniel&type=talmud,biblical_names_api_review:verified_exact_or_redirect,Q536485,,,,,,,,
our Patriarch Abraham,biblicalNames,,6,https://en.wikipedia.org/wiki/Abraham,https://he.wikipedia.org/wiki/%D7%90%D7%91%D7%A8%D7%94%D7%9D,Abraham,אברהם,https://chavrutai.com/search?q=our+Patriarch+Abraham&type=talmud,biblical_names_api_review:no_exact_page; manual_biblical_top30,Q9181,Terah,,,,-1813,Ur Kaśdim,-1638,Hebron
Ovelin,talmudToponyms,,1,,,,,https://chavrutai.com/search?q=Ovelin&type=talmud,,,,,,,,,,
Pafunya,talmudToponyms,,1,,,,,https://chavrutai.com/search?q=Pafunya&type=talmud,,,,,,,,,,
Palaimo,names,,2,,,,,https://chavrutai.com/search?q=Palaimo&type=talmud,,,,,,,,,,
Palti,biblicalNames,,8,"https://en.wikipedia.org/wiki/Palti,_son_of_Laish",https://he.wikipedia.org/wiki/%D7%A4%D7%9C%D7%98%D7%99%D7%90%D7%9C_%D7%91%D7%9F_%D7%9C%D7%99%D7%A9,"Palti, son of Laish",פלטיאל בן ליש,https://chavrutai.com/search?q=Palti&type=talmud,biblical_names_api_review:disambiguation_only; manual_biblical_top30,Q7128770,Laish,,,,,,,
"Palti, son of Laish",biblicalNames,,5,"https://en.wikipedia.org/wiki/Palti,_son_of_Laish",https://he.wikipedia.org/wiki/%D7%A4%D7%9C%D7%98%D7%99%D7%90%D7%9C_%D7%91%D7%9F_%D7%9C%D7%99%D7%A9,"Palti, son of Laish",פלטיאל בן ליש,https://chavrutai.com/search?q=Palti%2C+son+of+Laish&type=talmud,biblical_names_api_review:verified_exact_or_redirect,Q7128770,Laish,,,,,,,
Paltiel,biblicalNames,,1,,,,,https://chavrutai.com/search?q=Paltiel&type=talmud,biblical_names_api_review:disambiguation_only,,,,,,,,,
Pandeira,names,,2,,,,,https://chavrutai.com/search?q=Pandeira&type=talmud,,,,,,,,,,
Paphunya,talmudToponyms,,4,,,,,https://chavrutai.com/search?q=Paphunya&type=talmud,,,,,,,,,,
Pappa bar Abba,names,,-,,,,,https://chavrutai.com/search?q=Pappa+bar+Abba&type=talmud,,,,,,,,,,
Pappa River,talmudToponyms,,5,,,,,https://chavrutai.com/search?q=Pappa+River&type=talmud,,,,,,,,,,
Pappa the ox herder,names,,1,,,,,https://chavrutai.com/search?q=Pappa+the+ox+herder&type=talmud,,,,,,,,,,
Pappas,names,,2,,,,,https://chavrutai.com/search?q=Pappas&type=talmud,,,,,,,,,,
Pappos ben Yehuda,names,,5,,,,,https://chavrutai.com/search?q=Pappos+ben+Yehuda&type=talmud,,,,,,,,,,
Pappunya,talmudToponyms,,6,,,,,https://chavrutai.com/search?q=Pappunya&type=talmud,,,,,,,,,,
Parable,concepts,,90,https://en.wikipedia.org/wiki/Mashal_(allegory),https://he.wikipedia.org/wiki/%D7%94%D7%9E%D7%A9%D7%9C_%D7%91%D7%A1%D7%A4%D7%A8%D7%95%D7%AA_%D7%97%D7%96%22%D7%9C,Parable,"המשל בספרות חז""ל",https://chavrutai.com/search?q=Parable&type=talmud,blog,Q117471266,,,,,,,,
Paran,biblicalPlaces,,3,,,,,https://chavrutai.com/search?q=Paran&type=talmud,,,,,,,,,,
Parhatya,talmudToponyms,,1,,,,,https://chavrutai.com/search?q=Parhatya&type=talmud,,,,,,,,,,
Parod,talmudToponyms,,2,,,,,https://chavrutai.com/search?q=Parod&type=talmud,,,,,,,,,,
Parosh,biblicalNames,,3,,,,,https://chavrutai.com/search?q=Parosh&type=talmud,biblical_names_api_review:no_exact_page,,,,,,,,,
parsangs,concepts,,0,,,,,https://chavrutai.com/search?q=parsangs&type=talmud,,,,,,,,,,
Parva’a the Sorcerer,names,,1,,,,,https://chavrutai.com/search?q=Parva%E2%80%99a+the+Sorcerer&type=talmud,,,,,,,,,,
Parzakya,talmudToponyms,,5,,,,,https://chavrutai.com/search?q=Parzakya&type=talmud,,,,,,,,,,
Parzina,talmudToponyms,,1,,,,,https://chavrutai.com/search?q=Parzina&type=talmud,,,,,,,,,,
Paschal lamb,concepts,,345,https://en.wikipedia.org/wiki/Passover_sacrifice,https://he.wikipedia.org/wiki/%D7%A7%D7%95%D7%A8%D7%91%D7%9F_%D7%A4%D7%A1%D7%97,Passover sacrifice,קורבן פסח,https://chavrutai.com/search?q=Paschal+lamb&type=talmud,manual_concepts_top_missing_he,Q2720330,,,,,,,,
Paschal offering,concepts,,252,https://en.wikipedia.org/wiki/Passover_sacrifice,https://he.wikipedia.org/wiki/%D7%A7%D7%95%D7%A8%D7%91%D7%9F_%D7%A4%D7%A1%D7%97,Passover sacrifice,קורבן פסח,https://chavrutai.com/search?q=Paschal+offering&type=talmud,manual_concepts_top_missing_he,Q2720330,,,,,,,,
Pashḥur,biblicalNames,,5,https://en.wikipedia.org/wiki/Pashhur,https://he.wikipedia.org/wiki/%D7%A4%D7%A9%D7%97%D7%95%D7%A8_%D7%91%D7%9F_%D7%90%D7%9E%D7%A8,Pashhur,פשחור בן אמר,https://chavrutai.com/search?q=Pash%E1%B8%A5ur&type=talmud,biblical_names_api_review:no_exact_page; manual_biblical_top30,Q7142075,,,,,,,,
Pashḥur ben Immer,biblicalNames,,1,,,,,https://chavrutai.com/search?q=Pash%E1%B8%A5ur+ben+Immer&type=talmud,biblical_names_api_review:no_exact_page,,,,,,,,,
Pashronya,talmudToponyms,,4,,,,,https://chavrutai.com/search?q=Pashronya&type=talmud,,,,,,,,,,
passage [megizat] of Cappadocia,talmudToponyms,,0,,,,,https://chavrutai.com/search?q=passage+%5Bmegizat%5D+of+Cappadocia&type=talmud,,,,,,,,,,
Passover,concepts,,359,https://en.wikipedia.org/wiki/Passover,https://he.wikipedia.org/wiki/%D7%A4%D7%A1%D7%97,Passover,פסח,https://chavrutai.com/search?q=Passover&type=talmud,curated_tree,Q121393,,,,,,,,
the Patriarchs,biblicalNames,Patriarchs (Bible),14,https://en.wikipedia.org/wiki/Patriarchs_(Bible),https://he.wikipedia.org/wiki/%D7%A9%D7%9C%D7%95%D7%A9%D7%AA_%D7%94%D7%90%D7%91%D7%95%D7%AA,Patriarchs (Bible),שלושת האבות,https://chavrutai.com/search?q=the+Patriarchs&type=talmud,biblical_names_api_review:verified_exact_or_redirect,Q1189541,,,,,,,,
Pazi,names,,1,,,,,https://chavrutai.com/search?q=Pazi&type=talmud,,,,,,,,,,
peace offering,concepts,peace-offering,774,https://en.wikipedia.org/wiki/Peace_offering,https://he.wikipedia.org/wiki/%D7%A7%D7%95%D7%A8%D7%91%D7%9F_%D7%A9%D7%9C%D7%9E%D7%99%D7%9D,Peace offering,קורבן שלמים,https://chavrutai.com/search?q=peace+offering&type=talmud,manual_concepts_top_missing_he,Q2161154,,,,,,,,
peace offering of a nazirite,concepts,,4,,,,,https://chavrutai.com/search?q=peace+offering+of+a+nazirite&type=talmud,,,,,,,,,,
"Pekah, son of Remaliah",biblicalNames,,1,https://en.wikipedia.org/wiki/Pekah,https://he.wikipedia.org/wiki/%D7%A4%D7%A7%D7%97_%D7%91%D7%9F_%D7%A8%D7%9E%D7%9C%D7%99%D7%94%D7%95,Pekah,פקח בן רמליהו,https://chavrutai.com/search?q=Pekah%2C+son+of+Remaliah&type=talmud,biblical_names_api_review:no_exact_page; enwiki_api_exact,Q334744,Remaliah,,,,-800,,-732,
Peki’in,talmudToponyms,,9,,,,,https://chavrutai.com/search?q=Peki%E2%80%99in&type=talmud,,,,,,,,,,
Pekod River,talmudToponyms,,4,,,,,https://chavrutai.com/search?q=Pekod+River&type=talmud,,,,,,,,,,
Pelandarsin,talmudToponyms,,3,,,,,https://chavrutai.com/search?q=Pelandarsin&type=talmud,,,,,,,,,,
"Pelatiah, son of Benaiah",biblicalNames,,1,,,,,https://chavrutai.com/search?q=Pelatiah%2C+son+of+Benaiah&type=talmud,biblical_names_api_review:no_exact_page,,,,,,,,,
Peleimu,names,,4,,,,,https://chavrutai.com/search?q=Peleimu&type=talmud,,,,,,,,,,
Pelimu,names,,3,,,,,https://chavrutai.com/search?q=Pelimu&type=talmud,,,,,,,,,,
Pelusium,talmudToponyms,,2,,,,,https://chavrutai.com/search?q=Pelusium&type=talmud,,,,,,,,,,
Peninnah,biblicalNames,,2,https://en.wikipedia.org/wiki/Peninnah,https://he.wikipedia.org/wiki/%D7%A4%D7%A0%D7%99%D7%A0%D7%94_(%D7%93%D7%9E%D7%95%D7%AA_%D7%9E%D7%A7%D7%A8%D7%90%D7%99%D7%AA),Peninnah,פנינה (דמות מקראית),https://chavrutai.com/search?q=Peninnah&type=talmud,biblical_names_api_review:verified_exact_or_redirect,Q2068934,,,,,,,,
people Bei Tarbu,names,,1,,,,,https://chavrutai.com/search?q=people+Bei+Tarbu&type=talmud,,,,,,,,,,
Perat of Bursif,talmudToponyms,,1,,,,,https://chavrutai.com/search?q=Perat+of+Bursif&type=talmud,,,,,,,,,,
Perat of Meishan,talmudToponyms,,1,,,,,https://chavrutai.com/search?q=Perat+of+Meishan&type=talmud,,,,,,,,,,
"Perata, son of Rabbi Elazar ben Perata, grandson of Rabbi Perata the Great",names,,2,,,,,https://chavrutai.com/search?q=Perata%2C+son+of+Rabbi+Elazar+ben+Perata%2C+grandson+of+Rabbi+Perata+the+Great&type=talmud,,,,,,,,,,
Perez,biblicalNames,,4,https://en.wikipedia.org/wiki/Perez_(son_of_Judah),https://he.wikipedia.org/wiki/%D7%A4%D7%A8%D7%A5_%D7%91%D7%9F_%D7%99%D7%94%D7%95%D7%93%D7%94,Perez (son of Judah),פרץ בן יהודה,https://chavrutai.com/search?q=Perez&type=talmud,biblical_names_api_review:verified_exact_or_redirect; manual_fix,Q3899788,,,,,,,,
Persian,biblicalNations;concepts;talmudToponyms,Persia,35,,,,איראן,https://chavrutai.com/search?q=Persian&type=talmud,,,,,,,,,,
Persians,names,,31,,,,,https://chavrutai.com/search?q=Persians&type=talmud,,,,,,,,,,
Pharaoh,biblicalNames,Pharaoh the lame; Pharaoh the wicked,25,https://en.wikipedia.org/wiki/Pharaoh,https://he.wikipedia.org/wiki/%D7%A4%D7%A8%D7%A2%D7%94,Pharaoh,פרעה,https://chavrutai.com/search?q=Pharaoh&type=talmud,biblical_names_api_review:verified_exact_or_redirect,Q37110,,,,,,,,
Pharaoh Neco,biblicalNames,,1,,,,,https://chavrutai.com/search?q=Pharaoh+Neco&type=talmud,biblical_names_api_review:no_exact_page,,,,,,,,,
Pharaoh Nekho,biblicalNames,,1,,,Pharaoh Nekho,,https://chavrutai.com/search?q=Pharaoh+Nekho&type=talmud,biblical_names_api_review:no_exact_page,,,,,,,,,
Pharaoh’s daughter,biblicalNames,,7,https://en.wikipedia.org/wiki/Pharaoh's_daughter_(Exodus),https://he.wikipedia.org/wiki/%D7%91%D7%AA%D7%99%D7%94_%D7%91%D7%AA_%D7%A4%D7%A8%D7%A2%D7%94,Pharaoh's daughter (Exodus),בתיה בת פרעה,https://chavrutai.com/search?q=Pharaoh%E2%80%99s+daughter&type=talmud,biblical_names_api_review:no_exact_page; manual_biblical_top30,Q1873244,,,,,,Ancient Egypt,,
Bithiah,biblicalNames,Pharaoh's daughter (Exodus),3,https://en.wikipedia.org/wiki/Pharaoh's_daughter_(Exodus),https://he.wikipedia.org/wiki/%D7%91%D7%AA%D7%99%D7%94_%D7%91%D7%AA_%D7%A4%D7%A8%D7%A2%D7%94,Pharaoh's daughter (Exodus),בתיה בת פרעה,https://chavrutai.com/search?q=Bithiah&type=talmud,biblical_names_api_review:verified_exact_or_redirect,Q1873244,,,,,,Ancient Egypt,,
Pharisees,names,,4,https://en.wikipedia.org/wiki/Pharisees,https://he.wikipedia.org/wiki/%D7%A4%D7%A8%D7%95%D7%A9%D7%99%D7%9D,Pharisees,פרושים,https://chavrutai.com/search?q=Pharisees&type=talmud,blog,Q26403,,,,,,,,
Philistine,biblicalNations,,2,,,,,https://chavrutai.com/search?q=Philistine&type=talmud,,,,,,,,,,
Philistines,biblicalNames,,13,https://en.wikipedia.org/wiki/Philistines,https://he.wikipedia.org/wiki/%D7%A4%D7%9C%D7%A9%D7%AA%D7%99%D7%9D,Philistines,פלשתים,https://chavrutai.com/search?q=Philistines&type=talmud,biblical_names_api_review:verified_exact_or_redirect,Q193776,,,,,,,,
Pinehas,biblicalNames,Phinehas,83,https://en.wikipedia.org/wiki/Phinehas,https://he.wikipedia.org/wiki/%D7%A4%D7%99%D7%A0%D7%97%D7%A1,Phinehas,פינחס,https://chavrutai.com/search?q=Pinehas&type=talmud,biblical_names_api_review:verified_exact_or_redirect,Q128063,Eleazar,Moses,,Eli,,,,
Phrygia,talmudToponyms,,1,,,,,https://chavrutai.com/search?q=Phrygia&type=talmud,,,,,,,,,,
phylacteries,concepts,,337,https://en.wikipedia.org/wiki/Tefillin,https://he.wikipedia.org/wiki/%D7%AA%D7%A4%D7%99%D7%9C%D7%99%D7%9F,Tefillin,תפילין,https://chavrutai.com/search?q=phylacteries&type=talmud,manual_concepts_top_missing_he,Q48296,,,,,,,,
Piga,talmudToponyms,,2,,,,,https://chavrutai.com/search?q=Piga&type=talmud,,,,,,,,,,
piggul,concepts,,429,,https://he.wikipedia.org/wiki/%D7%A4%D7%99%D7%92%D7%95%D7%9C,,פיגול,https://chavrutai.com/search?q=piggul&type=talmud,manual_concepts_he_first_pass,Q12410549,,,,,,,,
pilgrimage Festival,concepts,,87,https://en.wikipedia.org/wiki/Three_Pilgrimage_Festivals,https://he.wikipedia.org/wiki/%D7%A9%D7%9C%D7%95%D7%A9_%D7%A8%D7%92%D7%9C%D7%99%D7%9D,Three Pilgrimage Festivals,שלוש רגלים,https://chavrutai.com/search?q=pilgrimage+Festival&type=talmud,manual_concepts_top_missing_he_pass2,Q1517900,,,,,,,,
Pili Bereish,names,,1,,,,,https://chavrutai.com/search?q=Pili+Bereish&type=talmud,,,,,,,,,,
Pineḥas the Dresser,names,,1,,,,,https://chavrutai.com/search?q=Pine%E1%B8%A5as+the+Dresser&type=talmud,,,,,,,,,,
"Pineḥas, the brother of Mar Shmuel",names,,1,,,,,https://chavrutai.com/search?q=Pine%E1%B8%A5as%2C+the+brother+of+Mar+Shmuel&type=talmud,,,,,,,,,,
Pinkai,names,,1,,,,,https://chavrutai.com/search?q=Pinkai&type=talmud,,,,,,,,,,
Piran of Beit Menaḥem,talmudToponyms,,1,,,,,https://chavrutai.com/search?q=Piran+of+Beit+Mena%E1%B8%A5em&type=talmud,,,,,,,,,,
Piruz the Evil,names,,1,,,,,https://chavrutai.com/search?q=Piruz+the+Evil&type=talmud,,,,,,,,,,
Pithom,biblicalPlaces,,2,https://en.wikipedia.org/wiki/Pithom#Biblical_Pithom,https://he.wikipedia.org/wiki/%D7%A4%D7%99%D7%AA%D7%95%D7%9D_%D7%95%D7%A8%D7%A2%D7%9E%D7%A1%D7%A1,Pithom,פיתום ורעמסס,https://chavrutai.com/search?q=Pithom&type=talmud,blog,Q1630019,,,,,,,,
poor man’s tithe,concepts,,37,,,,,https://chavrutai.com/search?q=poor+man%E2%80%99s+tithe&type=talmud,,,,,,,,,,
port of Akko,talmudToponyms,,2,,,,,https://chavrutai.com/search?q=port+of+Akko&type=talmud,,,,,,,,,,
positive mitzva,concepts,,248,https://en.wikipedia.org/wiki/Mitzvah,https://he.wikipedia.org/wiki/%D7%9E%D7%A6%D7%95%D7%95%D7%94,Mitzvah,מצווה,https://chavrutai.com/search?q=positive+mitzva&type=talmud,manual_concepts_top_missing_he_pass2,Q265424,,,,,,,,
Potiphar,biblicalNames,,3,https://en.wikipedia.org/wiki/Potiphar,https://he.wikipedia.org/wiki/%D7%A4%D7%95%D7%98%D7%99%D7%A4%D7%A8,Potiphar,פוטיפר,https://chavrutai.com/search?q=Potiphar&type=talmud,biblical_names_api_review:verified_exact_or_redirect,Q1148687,,,,,,,,
priest,concepts,,1861,https://en.wikipedia.org/wiki/Kohen,https://he.wikipedia.org/wiki/%D7%9B%D7%94%D7%9F,Kohen,כהן,https://chavrutai.com/search?q=priest&type=talmud,manual_concepts_top_missing_he,Q728973,,,,,,,,
Priestly Benediction,concepts,,13,https://en.wikipedia.org/wiki/Priestly_Blessing,https://he.wikipedia.org/wiki/%D7%91%D7%A8%D7%9B%D7%AA_%D7%9B%D7%94%D7%A0%D7%99%D7%9D,,ברכת כהנים,https://chavrutai.com/search?q=Priestly+Benediction&type=talmud,,Q302997,,,,,,,,
frontplate,concepts,Priestly golden head plate,87,https://en.wikipedia.org/wiki/Priestly_golden_head_plate,https://he.wikipedia.org/wiki/%D7%A6%D7%99%D7%A5,Priestly golden head plate,ציץ,https://chavrutai.com/search?q=frontplate&type=talmud,blog,Q2028963,,,,,,,,
priestly vestments,concepts,,18,,,,,https://chavrutai.com/search?q=priestly+vestments&type=talmud,,,,,,,,,,
priestly watches,concepts,,21,,,,,https://chavrutai.com/search?q=priestly+watches&type=talmud,,,,,,,,,,
Proclus ben Plospus,names,,1,,,,,https://chavrutai.com/search?q=Proclus+ben+Plospus&type=talmud,,,,,,,,,,
Promontory of Tyre,talmudToponyms,,1,,,,,https://chavrutai.com/search?q=Promontory+of+Tyre&type=talmud,,,,,,,,,,
Pum Nahara,talmudToponyms,,13,,,,,https://chavrutai.com/search?q=Pum+Nahara&type=talmud,,,,,,,,,,
Pumbedita,talmudToponyms,,110,https://en.wikipedia.org/wiki/Pumbedita,https://he.wikipedia.org/wiki/%D7%A4%D7%95%D7%9E%D7%91%D7%93%D7%99%D7%AA%D7%90,Pumbedita,פומבדיתא,https://chavrutai.com/search?q=Pumbedita&type=talmud,blog,Q2067193,,,,,,,,
Purim,concepts,,45,https://en.wikipedia.org/wiki/Purim,https://he.wikipedia.org/wiki/%D7%A4%D7%95%D7%A8%D7%99%D7%9D,Purim,פורים,https://chavrutai.com/search?q=Purim&type=talmud,curated_tree,Q180115,,,,,,,,
purity,concepts,,280,,https://he.wikipedia.org/wiki/%D7%93%D7%A8%D7%9B%D7%99_%D7%94%D7%99%D7%98%D7%94%D7%A8%D7%95%D7%AA_%D7%9E%D7%98%D7%95%D7%9E%D7%90%D7%94,,דרכי היטהרות מטומאה,https://chavrutai.com/search?q=purity&type=talmud,,Q1060201,,,,,,,,
Puteoli,talmudToponyms,,1,,,,,https://chavrutai.com/search?q=Puteoli&type=talmud,,,,,,,,,,
Queen Cleopatra,names,,2,,,,,https://chavrutai.com/search?q=Queen+Cleopatra&type=talmud,,,,,,,,,,
R' Meir’s son-in-law,names,,-,,,,,https://chavrutai.com/search?q=R%27+Meir%E2%80%99s+son-in-law&type=talmud,,,,,,,,,,
R' Simlai’s host,names,,-,,,,,https://chavrutai.com/search?q=R%27+Simlai%E2%80%99s+host&type=talmud,,,,,,,,,,
Rabat,talmudToponyms,,1,,,,,https://chavrutai.com/search?q=Rabat&type=talmud,,,,,,,,,,
Rabba bar Abbahu,names,,1,,,,,https://chavrutai.com/search?q=Rabba+bar+Abbahu&type=talmud,,,,,,,,,,
Rabba bar Ahilai,names,,1,,,,,https://chavrutai.com/search?q=Rabba+bar+Ahilai&type=talmud,,,,,,,,,,
Rabba bar Aivu,names,,1,,,,,https://chavrutai.com/search?q=Rabba+bar+Aivu&type=talmud,,,,,,,,,,
Rabba bar Ashabi,names,,1,,,,,https://chavrutai.com/search?q=Rabba+bar+Ashabi&type=talmud,,,,,,,,,,
Rabba bar Avin,names,,1,,,,,https://chavrutai.com/search?q=Rabba+bar+Avin&type=talmud,,,,,,,,,,
Rabba bar Avuh,names,,171,https://en.wikipedia.org/wiki/Rabbah_bar_Abuha,https://he.wikipedia.org/wiki/%D7%A8%D7%91%D7%94_%D7%91%D7%A8_%D7%90%D7%91%D7%95%D7%94,Rabbah bar Abuha,רבה בר אבוה,https://chavrutai.com/search?q=Rabba+bar+Avuh&type=talmud,manual_top_count_review_20260307,Q7278519,,,,,,,,
Rabba bar bar Ḥanan,names,,1,,,,,https://chavrutai.com/search?q=Rabba+bar+bar+%E1%B8%A4anan&type=talmud,,,,,,,,,,
Rabba bar bar Ḥanna,names,,11,,,,,https://chavrutai.com/search?q=Rabba+bar+bar+%E1%B8%A4anna&type=talmud,,,,,,,,,,
Rabba bar Beruna,names,,1,,,,,https://chavrutai.com/search?q=Rabba+bar+Beruna&type=talmud,,,,,,,,,,
Rabba bar Ḥanan,names,,4,,,,,https://chavrutai.com/search?q=Rabba+bar+%E1%B8%A4anan&type=talmud,,,,,,,,,,
Rabba bar Ḥanina,names,,2,,,,,https://chavrutai.com/search?q=Rabba+bar+%E1%B8%A4anina&type=talmud,,,,,,,,,,
Rabba bar Ḥinnana Sava,names,,4,,,,,https://chavrutai.com/search?q=Rabba+bar+%E1%B8%A4innana+Sava&type=talmud,,,,,,,,,,
Rabba bar Ḥiyya Ketosfa’a,names,,2,,,,,https://chavrutai.com/search?q=Rabba+bar+%E1%B8%A4iyya+Ketosfa%E2%80%99a&type=talmud,,,,,,,,,,
Rabba bar Huna,names,,11,,,,,https://chavrutai.com/search?q=Rabba+bar+Huna&type=talmud,,,,,,,,,,
Rabba bar Levai,names,,1,,,,,https://chavrutai.com/search?q=Rabba+bar+Levai&type=talmud,,,,,,,,,,
Rabba bar Lima,names,,2,,,,,https://chavrutai.com/search?q=Rabba+bar+Lima&type=talmud,,,,,,,,,,
Rabba bar Livai,names,,2,,,,,https://chavrutai.com/search?q=Rabba+bar+Livai&type=talmud,,,,,,,,,,
Rabba bar Mari,names,,30,,,,,https://chavrutai.com/search?q=Rabba+bar+Mari&type=talmud,,,,,,,,,,
Rabba bar Maryon,names,,1,,,,,https://chavrutai.com/search?q=Rabba+bar+Maryon&type=talmud,,,,,,,,,,
Rabba bar Mattana,names,,2,,,,,https://chavrutai.com/search?q=Rabba+bar+Mattana&type=talmud,,,,,,,,,,
Rabba bar Meḥasseya,names,,-,,,,,https://chavrutai.com/search?q=Rabba+bar+Me%E1%B8%A5asseya&type=talmud,,,,,,,,,,
Rabba bar Memel,names,,1,,,,,https://chavrutai.com/search?q=Rabba+bar+Memel&type=talmud,,,,,,,,,,
Rabba bar Naḥmani,names,,7,,,,,https://chavrutai.com/search?q=Rabba+bar+Na%E1%B8%A5mani&type=talmud,,,,,,,,,,
Rabba bar Natan,names,,6,,,,,https://chavrutai.com/search?q=Rabba+bar+Natan&type=talmud,,,,,,,,,,
Rabba bar Oferan,names,,2,,,,,https://chavrutai.com/search?q=Rabba+bar+Oferan&type=talmud,,,,,,,,,,
Rabba bar Rav Adda,names,,5,,,,,https://chavrutai.com/search?q=Rabba+bar+Rav+Adda&type=talmud,,,,,,,,,,
Rabba bar Rav Ḥana,names,,-,,,,,https://chavrutai.com/search?q=Rabba+bar+Rav+%E1%B8%A4ana&type=talmud,,,,,,,,,,
Rabba bar Rav Hanan,names,,1,,,,,https://chavrutai.com/search?q=Rabba+bar+Rav+Hanan&type=talmud,,,,,,,,,,
Rabba bar Rav Ḥanan,names,,11,,,,,https://chavrutai.com/search?q=Rabba+bar+Rav+%E1%B8%A4anan&type=talmud,,,,,,,,,,
Rabba bar Rav Ḥanin,names,,1,,,,,https://chavrutai.com/search?q=Rabba+bar+Rav+%E1%B8%A4anin&type=talmud,,,,,,,,,,
"Rabba bar Rav Huna the Small, of Neharde’a",names,,1,,,,,https://chavrutai.com/search?q=Rabba+bar+Rav+Huna+the+Small%2C+of+Neharde%E2%80%99a&type=talmud,,,,,,,,,,
Rabba bar Rav Mattana,names,,2,,,,,https://chavrutai.com/search?q=Rabba+bar+Rav+Mattana&type=talmud,,,,,,,,,,
Rabba bar Rav Naḥman,names,,4,,,,,https://chavrutai.com/search?q=Rabba+bar+Rav+Na%E1%B8%A5man&type=talmud,,,,,,,,,,
Rabba bar Rav Sheila,names,,18,,,,,https://chavrutai.com/search?q=Rabba+bar+Rav+Sheila&type=talmud,,,,,,,,,,
Rabba bar Rav Ulla,names,,-,,,,,https://chavrutai.com/search?q=Rabba+bar+Rav+Ulla&type=talmud,,,,,,,,,,
Rabba bar Rav Yitzḥak,names,,1,,,,,https://chavrutai.com/search?q=Rabba+bar+Rav+Yitz%E1%B8%A5ak&type=talmud,,,,,,,,,,
Rabba bar She’eilta,names,,2,,,,,https://chavrutai.com/search?q=Rabba+bar+She%E2%80%99eilta&type=talmud,,,,,,,,,,
Rabba bar Sheila,names,,21,,,,,https://chavrutai.com/search?q=Rabba+bar+Sheila&type=talmud,,,,,,,,,,
Rabba bar Shimi,names,,4,,,,,https://chavrutai.com/search?q=Rabba+bar+Shimi&type=talmud,,,,,,,,,,
Rabba bar Shmuel,names,,30,,,,,https://chavrutai.com/search?q=Rabba+bar+Shmuel&type=talmud,,,,,,,,,,
Rabba bar Taḥalifa,names,,-,,,,,https://chavrutai.com/search?q=Rabba+bar+Ta%E1%B8%A5alifa&type=talmud,,,,,,,,,,
Rabba bar Taḥlifa,names,,2,,,,,https://chavrutai.com/search?q=Rabba+bar+Ta%E1%B8%A5lifa&type=talmud,,,,,,,,,,
Rabba bar Toviya bar Yitzḥak,names,,1,,,,,https://chavrutai.com/search?q=Rabba+bar+Toviya+bar+Yitz%E1%B8%A5ak&type=talmud,,,,,,,,,,
Rabba bar Ulla,names,,31,,,,,https://chavrutai.com/search?q=Rabba+bar+Ulla&type=talmud,,,,,,,,,,
Rabba bar Yirmeya,names,,11,,,,,https://chavrutai.com/search?q=Rabba+bar+Yirmeya&type=talmud,,,,,,,,,,
Rabba bar Yitzḥak,names,,4,,,,,https://chavrutai.com/search?q=Rabba+bar+Yitz%E1%B8%A5ak&type=talmud,,,,,,,,,,
Rabba bar Yonatan,names,,3,,,,,https://chavrutai.com/search?q=Rabba+bar+Yonatan&type=talmud,,,,,,,,,,
Rabba bar Yosef,names,,1,,,,,https://chavrutai.com/search?q=Rabba+bar+Yosef&type=talmud,,,,,,,,,,
Rabba bar Yosef bar Ḥama,names,,1,,,,,https://chavrutai.com/search?q=Rabba+bar+Yosef+bar+%E1%B8%A4ama&type=talmud,,,,,,,,,,
Rabba bar Zavda,names,,1,,,,,https://chavrutai.com/search?q=Rabba+bar+Zavda&type=talmud,,,,,,,,,,
Rabba bar Zutra,names,,1,,,,,https://chavrutai.com/search?q=Rabba+bar+Zutra&type=talmud,,,,,,,,,,
Rabba ben Isi,names,,1,,,,,https://chavrutai.com/search?q=Rabba+ben+Isi&type=talmud,,,,,,,,,,
Rabba from the school of Rav Sheila,names,,1,,,,,https://chavrutai.com/search?q=Rabba+from+the+school+of+Rav+Sheila&type=talmud,,,,,,,,,,
Rabba son of Rav Huna the Short,names,,1,,,,,https://chavrutai.com/search?q=Rabba+son+of+Rav+Huna+the+Short&type=talmud,,,,,,,,,,
Rabba the Younger,names,,1,,,,,https://chavrutai.com/search?q=Rabba+the+Younger&type=talmud,,,,,,,,,,
Rabba Tosefa’a,names,,3,,,,,https://chavrutai.com/search?q=Rabba+Tosefa%E2%80%99a&type=talmud,,,,,,,,,,
Rabba Tosfa’a,names,,1,,,,,https://chavrutai.com/search?q=Rabba+Tosfa%E2%80%99a&type=talmud,,,,,,,,,,
"Rabba, son of Mari",names,,1,,,,,https://chavrutai.com/search?q=Rabba%2C+son+of+Mari&type=talmud,,,,,,,,,,
"Rabba, son of Rav Huna",names,,6,,,,,https://chavrutai.com/search?q=Rabba%2C+son+of+Rav+Huna&type=talmud,,,,,,,,,,
"Rabba, son of Rava",names,,8,,,,,https://chavrutai.com/search?q=Rabba%2C+son+of+Rava&type=talmud,,,,,,,,,,
"Rabba, the son of Rava",names,,-,,,,,https://chavrutai.com/search?q=Rabba%2C+the+son+of+Rava&type=talmud,,,,,,,,,,
Rabba’s mother,names,,1,,,,,https://chavrutai.com/search?q=Rabba%E2%80%99s+mother&type=talmud,,,,,,,,,,
Rabba bar bar Ḥana,names,Rabbah bar bar Hana,361,https://en.wikipedia.org/wiki/Rabbah_bar_bar_Hana,https://he.wikipedia.org/wiki/%D7%A8%D7%91%D7%94_%D7%91%D7%A8_%D7%91%D7%A8_%D7%97%D7%A0%D7%94,Rabbah bar bar Hana,רבה בר בר חנה,https://chavrutai.com/search?q=Rabba+bar+bar+%E1%B8%A4ana&type=talmud,blog,Q2124892,,,,,300,,,
Rabba,names,Rabbah bar Nahmani,969,https://en.wikipedia.org/wiki/Rabbah_bar_Nahmani,https://he.wikipedia.org/wiki/%D7%A8%D7%91%D7%94_%D7%91%D7%A8_%D7%A0%D7%97%D7%9E%D7%A0%D7%99,Rabbah bar Nahmani,רבה בר נחמני,https://chavrutai.com/search?q=Rabba&type=talmud,blog,Q360557,,Rav Huna,,Rava,250,,,
Rabba bar Rav Huna,names,Rabbah bar Rav Huna,186,https://en.wikipedia.org/wiki/Rabbah_bar_Rav_Huna,https://he.wikipedia.org/wiki/%D7%A8%D7%91%D7%94_%D7%91%D7%A8_%D7%A8%D7%91_%D7%94%D7%95%D7%A0%D7%90,Rabbah bar Rav Huna,רבה בר רב הונא,https://chavrutai.com/search?q=Rabba+bar+Rav+Huna&type=talmud,blog,Q2124894,Rav Huna,,,,300,,322,
Rabban Gamliel bar Rabbi,names,,5,,,,,https://chavrutai.com/search?q=Rabban+Gamliel+bar+Rabbi&type=talmud,,,,,,,,,,
"Rabban Gamliel, son of Rabbi",names,,3,,,,,https://chavrutai.com/search?q=Rabban+Gamliel%2C+son+of+Rabbi&type=talmud,,,,,,,,,,
Rabban Gamliel’s son,names,,2,,,,,https://chavrutai.com/search?q=Rabban+Gamliel%E2%80%99s+son&type=talmud,,,,,,,,,,
Rabban Shimon the Great,names,,1,,,,,https://chavrutai.com/search?q=Rabban+Shimon+the+Great&type=talmud,,,,,,,,,,
"Rabban Ukva and Rabban Neḥemya, the sons of Rav’s daughters",names,,1,,,,,https://chavrutai.com/search?q=Rabban+Ukva+and+Rabban+Ne%E1%B8%A5emya%2C+the+sons+of+Rav%E2%80%99s+daughters&type=talmud,,,,,,,,,,
Rabban Yoḥanan,names,,3,,,,,https://chavrutai.com/search?q=Rabban+Yo%E1%B8%A5anan&type=talmud,,,,,,,,,,
Rabban Yoḥanan ben Nuri,names,,1,,,,,https://chavrutai.com/search?q=Rabban+Yo%E1%B8%A5anan+ben+Nuri&type=talmud,,,,,,,,,,
"Rabbana Neḥemya, brother of the Exilarch",names,,1,,,,,https://chavrutai.com/search?q=Rabbana+Ne%E1%B8%A5emya%2C+brother+of+the+Exilarch&type=talmud,,,,,,,,,,
Rabbana Ukva the orphan,names,,1,,,,,https://chavrutai.com/search?q=Rabbana+Ukva+the+orphan&type=talmud,,,,,,,,,,
Rabbeinu,names,,7,,,,,https://chavrutai.com/search?q=Rabbeinu&type=talmud,,,,,,,,,,
Rabbenai,names,,11,,,,,https://chavrutai.com/search?q=Rabbenai&type=talmud,,,,,,,,,,
"Rabbenai, the brother Rabbi Ḥiyya bar Abba",names,,1,,,,,https://chavrutai.com/search?q=Rabbenai%2C+the+brother+Rabbi+%E1%B8%A4iyya+bar+Abba&type=talmud,,,,,,,,,,
